[
{
  "pk": 16, 
  "model": "desktop.document2", 
  "fields": {
    "search": "-- 1. Create Database\n--\n-- Create a new database called \"audioscrobbler\"\n--\nCREATE DATABASE IF NOT EXISTS audioscrobbler", 
    "uuid": "eb2eaed3-fbf2-8171-90c0-a5747082f82c", 
    "extra": "", 
    "type": "notebook", 
    "description": "", 
    "is_history": false, 
    "parent_directory": [
      "203e9dbf-9e78-4aa9-98c3-9070aa9a0de8", 
      1, 
      false
    ], 
    "is_managed": false, 
    "last_modified": "2017-07-30T09:27:21", 
    "version": 1, 
    "owner": [
      "hadoop"
    ], 
    "dependencies": [], 
    "data": "{\"loadingHistory\": true, \"schedulerViewModel\": null, \"retryModalCancel\": null, \"schedulerViewModelIsLoaded\": false, \"id\": 16, \"retryModalConfirm\": null, \"uuid\": \"eb2eaed3-fbf2-8171-90c0-a5747082f82c\", \"onSuccessUrl\": null, \"historyFilterVisible\": false, \"snippets\": [{\"executingBlockingOperation\": null, \"chartSorting\": \"none\", \"wasBatchExecuted\": false, \"chartLimits\": [5, 10, 25, 50, 100], \"chartX\": null, \"previousChartOptions\": {\"chartTimelineType\": \"bar\", \"chartSorting\": \"none\", \"chartLimit\": null, \"chartMapHeat\": null, \"chartX\": null, \"chartMapType\": \"marker\", \"chartYMulti\": [], \"chartScatterSize\": null, \"chartScope\": \"world\", \"chartMapLabel\": null, \"chartScatterGroup\": null, \"chartYSingle\": null, \"chartXPivot\": null}, \"queriesFilterVisible\": false, \"isOptimizing\": false, \"associatedDocumentLoading\": true, \"showChart\": false, \"isResultSettingsVisible\": false, \"chartScope\": \"world\", \"statement_raw\": \"-- 1. Create Database\\n--\\n-- Create a new (empty) database called \\\"audioscrobbler\\\"\\n--\\nCREATE DATABASE IF NOT EXISTS audioscrobbler;\\n\", \"result\": {\"statement_id\": 0, \"isMetaFilterVisible\": false, \"meta\": [], \"logLines\": 0, \"id\": \"e4be1f5d-de09-c225-39c7-08776f961716\", \"logs\": \"\", \"statements_count\": 1, \"rows\": \"0\", \"hasSomeResults\": false, \"filteredMetaChecked\": true, \"hasMore\": false, \"filteredMeta\": [], \"type\": \"table\", \"handle\": {\"log_context\": null, \"statements_count\": 1, \"end\": {\"column\": 120, \"row\": 0}, \"statement_id\": 0, \"has_more_statements\": false, \"start\": {\"column\": 0, \"row\": 0}, \"secret\": \"UbDYKumkRkeD8eVt+MshGg==\\n\", \"has_result_set\": false, \"session_guid\": \"lP3CYj14TeaxCKz1A7i+UA==\\n\", \"statement\": \"-- 1. Create Database\\n--\\n-- Create a new database called \\\"audioscrobbler\\\"\\n--\\nCREATE DATABASE IF NOT EXISTS audioscrobbler\", \"operation_type\": 0, \"modified_row_count\": null, \"guid\": \"K9jVHPgvSQm8wQW+LyDZDQ==\\n\", \"previous_statement_hash\": \"36f2d49f8c8a346fca8d8e8b342f5f7b764d8d8686cc523b96d17d0b\"}, \"metaFilter\": \"\", \"explanation\": \"\", \"statement_range\": {\"start\": {\"column\": 0, \"row\": 0}, \"end\": {\"column\": 0, \"row\": 0}}, \"startTime\": \"2017-07-30T16:00:14.739Z\", \"data\": [], \"previous_statement_hash\": null, \"executionTime\": 0, \"fetchedOnce\": false, \"hasResultset\": false, \"endTime\": \"2017-07-30T16:00:14.739Z\"}, \"pinnedContextTabs\": [], \"chartType\": \"bars\", \"viewSettings\": {\"sqlDialect\": true, \"placeHolder\": \"Example: SELECT * FROM tablename, or press CTRL + space\"}, \"chartScatterGroup\": null, \"loadingQueries\": false, \"hasDataForChart\": false, \"id\": \"0cda0209-feae-18b0-f54e-3110f02609e8\", \"ddlNotification\": 0.30155255721276175, \"compatibilityTarget\": \"\", \"errors\": [], \"chartXPivot\": null, \"aceSize\": 100, \"statusForButtons\": \"executed\", \"chartMapLabel\": null, \"chartData\": [], \"lastExecuted\": 1501430414733, \"queriesHasErrors\": false, \"showLogs\": false, \"errorsKlass\": \"results hive alert alert-error\", \"isReady\": true, \"statement\": \"-- 1. Create Database\\n--\\n-- Create a new (empty) database called \\\"audioscrobbler\\\"\\n--\\nCREATE DATABASE IF NOT EXISTS audioscrobbler;\\n\", \"progress\": 0, \"type\": \"hive\", \"variables\": [], \"status\": \"available\", \"currentQueryTab\": \"savedQueries\", \"jobs\": [], \"suggestion\": \"\", \"chartMapType\": \"marker\", \"warnings\": [], \"statementType\": \"text\", \"queriesFilter\": \"\", \"variableNames\": [], \"resultsKlass\": \"results hive\", \"queriesCurrentPage\": 1, \"isCanceling\": false, \"queriesTotalPages\": 0, \"formatEnabled\": true, \"chartYMulti\": [], \"dbSelectionVisible\": false, \"delayedDDLNotification\": 0.30155255721276175, \"showGrid\": true, \"properties\": {\"files\": [], \"functions\": [], \"arguments\": [], \"settings\": []}, \"isFetchingData\": false, \"chartTimelineType\": \"bar\", \"chartLimit\": null, \"chartMapHeat\": null, \"name\": \"Create Database \\\"audioscrobbler\\\"\", \"database\": \"default\", \"statementTypes\": [\"text\", \"file\", \"document\"], \"hasSuggestion\": false, \"complexityCheckActive\": true, \"externalStatementLoaded\": false, \"chartScatterSize\": null, \"compatibilityCheckActive\": true, \"associatedDocumentUuid\": null, \"isBatchable\": true, \"chartYSingle\": null, \"isSqlDialect\": true, \"statementPath\": \"\", \"is_redacted\": false, \"showLongOperationWarning\": false, \"settingsVisible\": false, \"checkStatusTimeout\": null, \"isLoading\": false}, {\"executingBlockingOperation\": null, \"chartSorting\": \"none\", \"wasBatchExecuted\": false, \"chartLimits\": [5, 10, 25, 50, 100], \"chartX\": null, \"previousChartOptions\": {\"chartTimelineType\": \"bar\", \"chartSorting\": \"none\", \"chartLimit\": null, \"chartMapHeat\": null, \"chartMapType\": \"marker\", \"chartX\": null, \"chartYMulti\": [], \"chartScatterSize\": null, \"chartScope\": \"world\", \"chartMapLabel\": null, \"chartScatterGroup\": null, \"chartYSingle\": null, \"chartXPivot\": null}, \"queriesFilterVisible\": false, \"isOptimizing\": false, \"associatedDocumentLoading\": true, \"showChart\": false, \"isResultSettingsVisible\": false, \"chartScope\": \"world\", \"statement_raw\": \"-- 2. Create Table \\\"artist\\\"\\n--\\n-- Inside the database \\\"audioscrobbler\\\", create a table called \\\"artist\\\". The table\\n-- should point to the directory 's3://dimajix-training/data/audioscrobbler/artist_data'\\n--\\n-- The table contains the id of an artist together with its name.\\n--\\n-- The data inside the directory has two columns\\n--    id of type string\\n--    name of type string\\n-- the columns are separated by a tab (\\\\t)!\\n--\\nCREATE EXTERNAL TABLE audioscrobbler.artist(\\n  id STRING,\\n  name STRING\\n)\\nROW FORMAT SERDE 'org.apache.hadoop.hive.serde2.OpenCSVSerde'\\nWITH SERDEPROPERTIES (\\n   \\\"separatorChar\\\" = \\\"\\\\t\\\",\\n   \\\"quoteChar\\\"     = \\\"\\\\\\\"\\\",\\n   \\\"escapeChar\\\"    = \\\"\\\\\\\\\\\"\\n)\\nSTORED AS TEXTFILE\\nLOCATION 's3://dimajix-training/data/audioscrobbler/artist_data';\", \"result\": {\"statement_id\": 0, \"isMetaFilterVisible\": false, \"meta\": [], \"logLines\": 0, \"id\": \"d6c9caf0-6c0b-49fb-828e-1fab0ca625a4\", \"logs\": \"\", \"statements_count\": 1, \"rows\": \"0\", \"hasSomeResults\": false, \"filteredMetaChecked\": true, \"hasMore\": false, \"filteredMeta\": [], \"type\": \"table\", \"handle\": {\"log_context\": null, \"statements_count\": 1, \"end\": {\"column\": 744, \"row\": 0}, \"statement_id\": 0, \"has_more_statements\": false, \"start\": {\"column\": 0, \"row\": 0}, \"secret\": \"hYsvUT8GRRuCmSGVFxLPnQ==\\n\", \"has_result_set\": false, \"session_guid\": \"lP3CYj14TeaxCKz1A7i+UA==\\n\", \"statement\": \"-- 2. Create Table \\\"artist\\\"\\n--\\n-- Inside the database \\\"audioscrobbler\\\", create a table called \\\"artist\\\". The table\\n-- should point to the directory 's3://dimajix-training/data/audioscrobbler/artist_data'\\n--\\n-- The table contains the id of an artist together with its name.\\n--\\n-- The data inside the directory has two columns\\n--    id of type string\\n--    name of type string\\n-- the columns are separated by a tab (\\\\t)!\\n--\\nCREATE EXTERNAL TABLE audioscrobbler.artist(\\n  id STRING,\\n  name STRING\\n)\\nROW FORMAT SERDE 'org.apache.hadoop.hive.serde2.OpenCSVSerde'\\nWITH SERDEPROPERTIES (\\n   \\\"separatorChar\\\" = \\\"\\\\t\\\",\\n   \\\"quoteChar\\\"     = \\\"\\\\\\\"\\\",\\n   \\\"escapeChar\\\"    = \\\"\\\\\\\\\\\"\\n)\\nSTORED AS TEXTFILE\\nLOCATION 's3://dimajix-training/data/audioscrobbler/artist_data'\", \"operation_type\": 0, \"modified_row_count\": null, \"guid\": \"IIseD9ZvSgWFMUUtYWM1qA==\\n\", \"previous_statement_hash\": \"802d64b27168d3f2a58959dc54411006e55645e7ebd11f8972dba848\"}, \"metaFilter\": \"\", \"explanation\": \"\", \"statement_range\": {\"start\": {\"column\": 0, \"row\": 0}, \"end\": {\"column\": 0, \"row\": 0}}, \"startTime\": \"2017-07-30T16:04:43.797Z\", \"data\": [], \"executionTime\": 0, \"fetchedOnce\": false, \"hasResultset\": false, \"endTime\": \"2017-07-30T16:04:43.797Z\"}, \"pinnedContextTabs\": [], \"chartType\": \"bars\", \"viewSettings\": {\"sqlDialect\": true, \"placeHolder\": \"Example: SELECT * FROM tablename, or press CTRL + space\"}, \"chartScatterGroup\": null, \"loadingQueries\": false, \"hasDataForChart\": false, \"id\": \"8ee4c931-6a9e-f123-0a89-e061fd06b156\", \"ddlNotification\": 0.6691215016548389, \"compatibilityTarget\": \"\", \"errors\": [], \"chartXPivot\": null, \"aceSize\": 100, \"statusForButtons\": \"executed\", \"chartMapLabel\": null, \"chartData\": [], \"lastExecuted\": 1501430683790, \"queriesHasErrors\": false, \"showLogs\": false, \"errorsKlass\": \"results hive alert alert-error\", \"isReady\": true, \"statement\": \"-- 2. Create Table \\\"artist\\\"\\n--\\n-- Inside the database \\\"audioscrobbler\\\", create a table called \\\"artist\\\". The table\\n-- should point to the directory 's3://dimajix-training/data/audioscrobbler/artist_data'\\n--\\n-- The table contains the id of an artist together with its name.\\n--\\n-- The data inside the directory has two columns\\n--    id of type string\\n--    name of type string\\n-- the columns are separated by a tab (\\\\t)!\\n--\\nCREATE EXTERNAL TABLE audioscrobbler.artist(\\n  id STRING,\\n  name STRING\\n)\\nROW FORMAT SERDE 'org.apache.hadoop.hive.serde2.OpenCSVSerde'\\nWITH SERDEPROPERTIES (\\n   \\\"separatorChar\\\" = \\\"\\\\t\\\",\\n   \\\"quoteChar\\\"     = \\\"\\\\\\\"\\\",\\n   \\\"escapeChar\\\"    = \\\"\\\\\\\\\\\"\\n)\\nSTORED AS TEXTFILE\\nLOCATION 's3://dimajix-training/data/audioscrobbler/artist_data';\", \"progress\": 0, \"type\": \"hive\", \"variables\": [], \"status\": \"available\", \"currentQueryTab\": \"queryHistory\", \"jobs\": [], \"suggestion\": \"\", \"chartMapType\": \"marker\", \"warnings\": [], \"statementType\": \"text\", \"queriesFilter\": \"\", \"variableNames\": [], \"resultsKlass\": \"results hive\", \"queriesCurrentPage\": 1, \"isCanceling\": false, \"queriesTotalPages\": 1, \"formatEnabled\": true, \"chartYMulti\": [], \"dbSelectionVisible\": false, \"delayedDDLNotification\": 0.6691215016548389, \"showGrid\": true, \"properties\": {\"files\": [], \"functions\": [], \"arguments\": [], \"settings\": []}, \"isFetchingData\": false, \"chartTimelineType\": \"bar\", \"chartLimit\": null, \"chartMapHeat\": null, \"name\": \"Create table \\\"artist\\\"\", \"database\": \"default\", \"statementTypes\": [\"text\", \"file\", \"document\"], \"hasSuggestion\": false, \"complexityCheckActive\": true, \"externalStatementLoaded\": false, \"chartScatterSize\": null, \"compatibilityCheckActive\": true, \"associatedDocumentUuid\": null, \"isBatchable\": true, \"chartYSingle\": null, \"isSqlDialect\": true, \"statementPath\": \"\", \"is_redacted\": false, \"showLongOperationWarning\": false, \"settingsVisible\": false, \"checkStatusTimeout\": null, \"isLoading\": false}, {\"executingBlockingOperation\": null, \"chartSorting\": \"none\", \"wasBatchExecuted\": false, \"chartLimits\": [5, 10, 25, 50, 100], \"chartX\": \"artist.id\", \"previousChartOptions\": {\"chartTimelineType\": \"bar\", \"chartSorting\": \"none\", \"chartLimit\": null, \"chartMapHeat\": null, \"chartMapType\": \"marker\", \"chartX\": null, \"chartYMulti\": [], \"chartScatterSize\": null, \"chartScope\": \"world\", \"chartMapLabel\": null, \"chartScatterGroup\": null, \"chartYSingle\": null, \"chartXPivot\": null}, \"queriesFilterVisible\": false, \"isOptimizing\": false, \"associatedDocumentLoading\": true, \"showChart\": false, \"isResultSettingsVisible\": false, \"chartScope\": \"world\", \"statement_raw\": \"-- Look inside table, take 10 elements from table to make sure everything is correct.\\nSELECT\\n  *\\nFROM audioscrobbler.artist\\nLIMIT 10;\\n\", \"result\": {\"statement_id\": 0, \"isMetaFilterVisible\": false, \"meta\": [], \"logLines\": 0, \"id\": \"bb0d6536-b81e-5258-5749-d73ecd78d342\", \"logs\": \"\", \"statements_count\": 1, \"rows\": \"10\", \"hasSomeResults\": true, \"filteredMetaChecked\": true, \"hasMore\": false, \"filteredMeta\": [{\"comment\": null, \"checked\": true, \"name\": \"artist.id\", \"originalIndex\": 1, \"cssClass\": \"sort-string\", \"type\": \"STRING_TYPE\"}, {\"comment\": null, \"checked\": true, \"name\": \"artist.name\", \"originalIndex\": 2, \"cssClass\": \"sort-string\", \"type\": \"STRING_TYPE\"}], \"type\": \"table\", \"handle\": {\"log_context\": null, \"statements_count\": 1, \"end\": {\"column\": 131, \"row\": 0}, \"statement_id\": 0, \"has_more_statements\": false, \"start\": {\"column\": 0, \"row\": 0}, \"secret\": \"fcoJuBSfTZC3oKWgtTGkoQ==\\n\", \"has_result_set\": true, \"session_guid\": \"lP3CYj14TeaxCKz1A7i+UA==\\n\", \"statement\": \"-- Look inside table, take 10 elements from table to make sure everything is correct.\\nSELECT\\n  *\\nFROM audioscrobbler.artist\\nLIMIT 10\", \"operation_type\": 0, \"modified_row_count\": null, \"guid\": \"4//sEZZATVWpPOWJIBrQeg==\\n\", \"previous_statement_hash\": \"7913d5b8f4306655d2168c203081a640abac96ef4b676c9dea97f757\"}, \"metaFilter\": \"\", \"explanation\": \"\", \"statement_range\": {\"start\": {\"column\": 0, \"row\": 0}, \"end\": {\"column\": 0, \"row\": 0}}, \"startTime\": \"2017-07-30T16:04:47.139Z\", \"data\": [], \"executionTime\": 0, \"fetchedOnce\": false, \"hasResultset\": true, \"endTime\": \"2017-07-30T16:04:47.139Z\"}, \"pinnedContextTabs\": [], \"chartXPivot\": null, \"viewSettings\": {\"sqlDialect\": true, \"placeHolder\": \"Example: SELECT * FROM tablename, or press CTRL + space\"}, \"chartScatterGroup\": null, \"loadingQueries\": false, \"hasDataForChart\": false, \"id\": \"41b53520-d37f-a125-fa67-c0cfa7779e41\", \"showLongOperationWarning\": false, \"compatibilityTarget\": \"\", \"errors\": [], \"chartMapHeat\": null, \"aceSize\": 100, \"statusForButtons\": \"executed\", \"chartMapLabel\": null, \"chartData\": [], \"lastExecuted\": 1501430687136, \"queriesHasErrors\": false, \"showLogs\": false, \"errorsKlass\": \"results hive alert alert-error\", \"isReady\": true, \"statement\": \"-- Look inside table, take 10 elements from table to make sure everything is correct.\\nSELECT\\n  *\\nFROM audioscrobbler.artist\\nLIMIT 10;\\n\", \"progress\": 0, \"type\": \"hive\", \"variables\": [], \"status\": \"available\", \"currentQueryTab\": \"queryResults\", \"jobs\": [], \"suggestion\": \"\", \"chartMapType\": \"marker\", \"warnings\": [], \"statementType\": \"text\", \"queriesFilter\": \"\", \"variableNames\": [], \"resultsKlass\": \"results hive\", \"queriesCurrentPage\": 1, \"isCanceling\": false, \"queriesTotalPages\": 1, \"formatEnabled\": true, \"chartYMulti\": [], \"dbSelectionVisible\": false, \"chartType\": \"bars\", \"showGrid\": true, \"properties\": {\"files\": [], \"functions\": [], \"arguments\": [], \"settings\": []}, \"isFetchingData\": false, \"chartTimelineType\": \"bar\", \"chartLimit\": null, \"name\": \"Look inside table \\\"artist\\\"\", \"database\": \"default\", \"statementTypes\": [\"text\", \"file\", \"document\"], \"hasSuggestion\": false, \"complexityCheckActive\": true, \"externalStatementLoaded\": false, \"chartScatterSize\": null, \"compatibilityCheckActive\": true, \"associatedDocumentUuid\": null, \"isBatchable\": true, \"chartYSingle\": null, \"isSqlDialect\": true, \"statementPath\": \"\", \"is_redacted\": false, \"settingsVisible\": false, \"checkStatusTimeout\": null, \"isLoading\": false}, {\"executingBlockingOperation\": null, \"chartSorting\": \"none\", \"wasBatchExecuted\": false, \"chartLimits\": [5, 10, 25, 50, 100], \"chartX\": null, \"previousChartOptions\": {\"chartTimelineType\": \"bar\", \"chartSorting\": \"none\", \"chartLimit\": null, \"chartMapHeat\": null, \"chartMapType\": \"marker\", \"chartX\": null, \"chartYMulti\": [], \"chartScatterSize\": null, \"chartScope\": \"world\", \"chartMapLabel\": null, \"chartScatterGroup\": null, \"chartYSingle\": null, \"chartXPivot\": null}, \"queriesFilterVisible\": false, \"isOptimizing\": false, \"associatedDocumentLoading\": true, \"showChart\": false, \"isResultSettingsVisible\": false, \"chartScope\": \"world\", \"statement_raw\": \"-- 3. Create Table \\\"artist_alias\\\"\\n--\\n-- Inside the database \\\"audioscrobbler\\\" create a table called \\\"artist_alias\\\". The table\\n-- should point to the directory 's3://dimajix-training/data/audioscrobbler/artist_alias'\\n--\\n-- The table contains incorrectly spelt artists and the correct artist id.\\n--\\n-- The data inside the directory has two columns\\n--    bad_id of type string\\n--    good_id of type string\\n-- the columns are separated by a tab (\\\\t)!\\n--\\nCREATE EXTERNAL TABLE audioscrobbler.artist_alias(\\n  bad_id STRING,\\n  good_id STRING\\n)\\nROW FORMAT SERDE 'org.apache.hadoop.hive.serde2.OpenCSVSerde'\\nWITH SERDEPROPERTIES (\\n   \\\"separatorChar\\\" = \\\"\\\\t\\\",\\n   \\\"quoteChar\\\"     = \\\"\\\\\\\"\\\",\\n   \\\"escapeChar\\\"    = \\\"\\\\\\\\\\\"\\n)\\nSTORED AS TEXTFILE\\nLOCATION 's3://dimajix-training/data/audioscrobbler/artist_alias';\\n\", \"result\": {\"statement_id\": 0, \"isMetaFilterVisible\": false, \"meta\": [], \"logLines\": 0, \"id\": \"73aaf966-6181-d951-fad2-12747fab59e1\", \"logs\": \"\", \"statements_count\": 1, \"rows\": \"0\", \"hasSomeResults\": false, \"filteredMetaChecked\": true, \"hasMore\": false, \"filteredMeta\": [], \"type\": \"table\", \"handle\": {\"log_context\": null, \"statements_count\": 1, \"end\": {\"column\": 786, \"row\": 0}, \"statement_id\": 0, \"has_more_statements\": false, \"start\": {\"column\": 0, \"row\": 0}, \"secret\": \"kgaLpohWSi6cFbaGaX8x0Q==\\n\", \"has_result_set\": false, \"session_guid\": \"lP3CYj14TeaxCKz1A7i+UA==\\n\", \"statement\": \"-- 3. Create Table \\\"artist_alias\\\"\\n--\\n-- Inside the database \\\"audioscrobbler\\\" create a table called \\\"artist_alias\\\". The table\\n-- should point to the directory 's3://dimajix-training/data/audioscrobbler/artist_alias'\\n--\\n-- The table contains incorrectly spelt artists and the correct artist id.\\n--\\n-- The data inside the directory has two columns\\n--    bad_id of type string\\n--    good_id of type string\\n-- the columns are separated by a tab (\\\\t)!\\n--\\nCREATE EXTERNAL TABLE audioscrobbler.artist_alias(\\n  bad_id STRING,\\n  good_id STRING\\n)\\nROW FORMAT SERDE 'org.apache.hadoop.hive.serde2.OpenCSVSerde'\\nWITH SERDEPROPERTIES (\\n   \\\"separatorChar\\\" = \\\"\\\\t\\\",\\n   \\\"quoteChar\\\"     = \\\"\\\\\\\"\\\",\\n   \\\"escapeChar\\\"    = \\\"\\\\\\\\\\\"\\n)\\nSTORED AS TEXTFILE\\nLOCATION 's3://dimajix-training/data/audioscrobbler/artist_alias'\", \"operation_type\": 0, \"modified_row_count\": null, \"guid\": \"WM3olXbZTu2QEpG8hwGIfw==\\n\", \"previous_statement_hash\": \"91567a8ad66a034bb2d8853df87204b262c01cc1029dc532f8927c30\"}, \"metaFilter\": \"\", \"explanation\": \"\", \"statement_range\": {\"start\": {\"column\": 0, \"row\": 0}, \"end\": {\"column\": 0, \"row\": 0}}, \"startTime\": \"2017-07-30T16:05:05.741Z\", \"data\": [], \"executionTime\": 0, \"fetchedOnce\": false, \"hasResultset\": false, \"endTime\": \"2017-07-30T16:05:05.741Z\"}, \"pinnedContextTabs\": [], \"chartType\": \"bars\", \"viewSettings\": {\"sqlDialect\": true, \"placeHolder\": \"Example: SELECT * FROM tablename, or press CTRL + space\"}, \"chartScatterGroup\": null, \"loadingQueries\": false, \"hasDataForChart\": false, \"id\": \"db195b23-eb34-5f73-e437-7d6f4318a76b\", \"ddlNotification\": 0.3259915955602918, \"compatibilityTarget\": \"\", \"errors\": [], \"chartXPivot\": null, \"aceSize\": 100, \"statusForButtons\": \"executed\", \"chartMapLabel\": null, \"chartData\": [], \"lastExecuted\": 1501430705738, \"queriesHasErrors\": false, \"showLogs\": false, \"errorsKlass\": \"results hive alert alert-error\", \"isReady\": true, \"statement\": \"-- 3. Create Table \\\"artist_alias\\\"\\n--\\n-- Inside the database \\\"audioscrobbler\\\" create a table called \\\"artist_alias\\\". The table\\n-- should point to the directory 's3://dimajix-training/data/audioscrobbler/artist_alias'\\n--\\n-- The table contains incorrectly spelt artists and the correct artist id.\\n--\\n-- The data inside the directory has two columns\\n--    bad_id of type string\\n--    good_id of type string\\n-- the columns are separated by a tab (\\\\t)!\\n--\\nCREATE EXTERNAL TABLE audioscrobbler.artist_alias(\\n  bad_id STRING,\\n  good_id STRING\\n)\\nROW FORMAT SERDE 'org.apache.hadoop.hive.serde2.OpenCSVSerde'\\nWITH SERDEPROPERTIES (\\n   \\\"separatorChar\\\" = \\\"\\\\t\\\",\\n   \\\"quoteChar\\\"     = \\\"\\\\\\\"\\\",\\n   \\\"escapeChar\\\"    = \\\"\\\\\\\\\\\"\\n)\\nSTORED AS TEXTFILE\\nLOCATION 's3://dimajix-training/data/audioscrobbler/artist_alias';\\n\", \"progress\": 0, \"type\": \"hive\", \"variables\": [], \"status\": \"available\", \"currentQueryTab\": \"queryHistory\", \"jobs\": [], \"suggestion\": \"\", \"chartMapType\": \"marker\", \"warnings\": [], \"statementType\": \"text\", \"queriesFilter\": \"\", \"variableNames\": [], \"resultsKlass\": \"results hive\", \"queriesCurrentPage\": 1, \"isCanceling\": false, \"queriesTotalPages\": 1, \"formatEnabled\": true, \"chartYMulti\": [], \"dbSelectionVisible\": false, \"delayedDDLNotification\": 0.3259915955602918, \"showGrid\": true, \"properties\": {\"files\": [], \"functions\": [], \"arguments\": [], \"settings\": []}, \"isFetchingData\": false, \"chartTimelineType\": \"bar\", \"chartLimit\": null, \"chartMapHeat\": null, \"name\": \"Create Table \\\"artist_alias\\\"\", \"database\": \"default\", \"statementTypes\": [\"text\", \"file\", \"document\"], \"hasSuggestion\": false, \"complexityCheckActive\": true, \"externalStatementLoaded\": false, \"chartScatterSize\": null, \"compatibilityCheckActive\": true, \"associatedDocumentUuid\": null, \"isBatchable\": true, \"chartYSingle\": null, \"isSqlDialect\": true, \"statementPath\": \"\", \"is_redacted\": false, \"showLongOperationWarning\": false, \"settingsVisible\": false, \"checkStatusTimeout\": null, \"isLoading\": false}, {\"executingBlockingOperation\": null, \"chartSorting\": \"none\", \"wasBatchExecuted\": false, \"chartLimits\": [5, 10, 25, 50, 100], \"chartX\": \"artist_alias.bad_id\", \"previousChartOptions\": {\"chartTimelineType\": \"bar\", \"chartSorting\": \"none\", \"chartLimit\": null, \"chartMapHeat\": null, \"chartMapType\": \"marker\", \"chartX\": null, \"chartYMulti\": [], \"chartScatterSize\": null, \"chartScope\": \"world\", \"chartMapLabel\": null, \"chartScatterGroup\": null, \"chartYSingle\": null, \"chartXPivot\": null}, \"queriesFilterVisible\": false, \"isOptimizing\": false, \"associatedDocumentLoading\": true, \"showChart\": false, \"isResultSettingsVisible\": false, \"chartScope\": \"world\", \"statement_raw\": \"-- Look inside table, take 10 elements from table to make sure everything is correct.\\nSELECT\\n  *\\nFROM audioscrobbler.artist_alias\\nLIMIT 10;\\n\", \"result\": {\"statement_id\": 0, \"isMetaFilterVisible\": false, \"meta\": [], \"logLines\": 0, \"id\": \"03d1ca9e-853c-d062-47f1-06e03f4d173c\", \"logs\": \"\", \"statements_count\": 1, \"rows\": \"10\", \"hasSomeResults\": true, \"filteredMetaChecked\": true, \"hasMore\": false, \"filteredMeta\": [{\"comment\": null, \"checked\": true, \"name\": \"artist_alias.bad_id\", \"originalIndex\": 1, \"cssClass\": \"sort-string\", \"type\": \"STRING_TYPE\"}, {\"comment\": null, \"checked\": true, \"name\": \"artist_alias.good_id\", \"originalIndex\": 2, \"cssClass\": \"sort-string\", \"type\": \"STRING_TYPE\"}], \"type\": \"table\", \"handle\": {\"log_context\": null, \"statements_count\": 1, \"end\": {\"column\": 137, \"row\": 0}, \"statement_id\": 0, \"has_more_statements\": false, \"start\": {\"column\": 0, \"row\": 0}, \"secret\": \"ML2WFO4ITGy4FKtvPz0PQQ==\\n\", \"has_result_set\": true, \"session_guid\": \"lP3CYj14TeaxCKz1A7i+UA==\\n\", \"statement\": \"-- Look inside table, take 10 elements from table to make sure everything is correct.\\nSELECT\\n  *\\nFROM audioscrobbler.artist_alias\\nLIMIT 10\", \"operation_type\": 0, \"modified_row_count\": null, \"guid\": \"ZKE/yMo6QCa4icmpmrb6KA==\\n\", \"previous_statement_hash\": \"bd8f32d8c713ba5a3a48363deebfa623e3fb41a16fceaf9502e157a3\"}, \"metaFilter\": \"\", \"explanation\": \"\", \"statement_range\": {\"start\": {\"column\": 0, \"row\": 0}, \"end\": {\"column\": 0, \"row\": 0}}, \"startTime\": \"2017-07-30T16:05:15.748Z\", \"data\": [], \"executionTime\": 0, \"fetchedOnce\": false, \"hasResultset\": true, \"endTime\": \"2017-07-30T16:05:15.748Z\"}, \"pinnedContextTabs\": [], \"chartXPivot\": null, \"viewSettings\": {\"sqlDialect\": true, \"placeHolder\": \"Example: SELECT * FROM tablename, or press CTRL + space\"}, \"chartScatterGroup\": null, \"loadingQueries\": false, \"hasDataForChart\": false, \"id\": \"8ebfa4bc-f415-5c21-cea0-b614347a4fa3\", \"showLongOperationWarning\": false, \"compatibilityTarget\": \"\", \"errors\": [], \"chartMapHeat\": null, \"aceSize\": 100, \"statusForButtons\": \"executed\", \"chartMapLabel\": null, \"chartData\": [], \"lastExecuted\": 1501430715743, \"queriesHasErrors\": false, \"showLogs\": false, \"errorsKlass\": \"results hive alert alert-error\", \"isReady\": true, \"statement\": \"-- Look inside table, take 10 elements from table to make sure everything is correct.\\nSELECT\\n  *\\nFROM audioscrobbler.artist_alias\\nLIMIT 10;\\n\", \"progress\": 0, \"type\": \"hive\", \"variables\": [], \"status\": \"available\", \"currentQueryTab\": \"queryResults\", \"jobs\": [], \"suggestion\": \"\", \"chartMapType\": \"marker\", \"warnings\": [], \"statementType\": \"text\", \"queriesFilter\": \"\", \"variableNames\": [], \"resultsKlass\": \"results hive\", \"queriesCurrentPage\": 1, \"isCanceling\": false, \"queriesTotalPages\": 1, \"formatEnabled\": true, \"chartYMulti\": [], \"dbSelectionVisible\": false, \"chartType\": \"bars\", \"showGrid\": true, \"properties\": {\"files\": [], \"functions\": [], \"arguments\": [], \"settings\": []}, \"isFetchingData\": false, \"chartTimelineType\": \"bar\", \"chartLimit\": null, \"name\": \"Look inside table \\\"artist_alias\\\"\", \"database\": \"default\", \"statementTypes\": [\"text\", \"file\", \"document\"], \"hasSuggestion\": false, \"complexityCheckActive\": true, \"externalStatementLoaded\": false, \"chartScatterSize\": null, \"compatibilityCheckActive\": true, \"associatedDocumentUuid\": null, \"isBatchable\": true, \"chartYSingle\": null, \"isSqlDialect\": true, \"statementPath\": \"\", \"is_redacted\": false, \"settingsVisible\": false, \"checkStatusTimeout\": null, \"isLoading\": false}, {\"executingBlockingOperation\": null, \"chartSorting\": \"none\", \"wasBatchExecuted\": false, \"chartLimits\": [5, 10, 25, 50, 100], \"chartX\": null, \"previousChartOptions\": {\"chartTimelineType\": \"bar\", \"chartSorting\": \"none\", \"chartLimit\": null, \"chartMapHeat\": null, \"chartMapType\": \"marker\", \"chartX\": null, \"chartYMulti\": [], \"chartScatterSize\": null, \"chartScope\": \"world\", \"chartMapLabel\": null, \"chartScatterGroup\": null, \"chartYSingle\": null, \"chartXPivot\": null}, \"queriesFilterVisible\": false, \"isOptimizing\": false, \"associatedDocumentLoading\": true, \"showChart\": false, \"isResultSettingsVisible\": false, \"chartScope\": \"world\", \"statement_raw\": \"-- 4. Create Table \\\"user_artist\\\"\\n--\\n-- Inside the database \\\"audioscrobbler\\\" create a table called \\\"user_artist\\\". The table\\n-- should point to the directory 's3://dimajix-training/data/audioscrobbler/user_artist_data'\\n--\\n-- The table contains for the count of plays for specific artist and user combinations\\n--\\n-- The data inside the directory has two columns\\n--    user_id of type string\\n--    artist_id of type string\\n--    play_count of type integer\\n-- the columns are separated by a space! ATTENTION: This is different from the two other tables!\\n--\\nCREATE EXTERNAL TABLE audioscrobbler.user_artist(\\n  user_id STRING,\\n  artist_id STRING,\\n  play_count INT\\n)\\nROW FORMAT SERDE 'org.apache.hadoop.hive.serde2.OpenCSVSerde'\\nWITH SERDEPROPERTIES (\\n   \\\"separatorChar\\\" = \\\" \\\",\\n   \\\"quoteChar\\\"     = \\\"\\\\\\\"\\\",\\n   \\\"escapeChar\\\"    = \\\"\\\\\\\\\\\"\\n)\\nSTORED AS TEXTFILE\\nLOCATION 's3://dimajix-training/data/audioscrobbler/user_artist_data';\", \"result\": {\"statement_id\": 0, \"isMetaFilterVisible\": false, \"meta\": [], \"logLines\": 0, \"id\": \"0dc9d17a-f3f7-2052-4fc0-ed90661238b5\", \"logs\": \"\", \"statements_count\": 1, \"rows\": \"0\", \"hasSomeResults\": false, \"filteredMetaChecked\": true, \"hasMore\": false, \"filteredMeta\": [], \"type\": \"table\", \"handle\": {\"log_context\": null, \"statements_count\": 1, \"end\": {\"column\": 912, \"row\": 0}, \"statement_id\": 0, \"has_more_statements\": false, \"start\": {\"column\": 0, \"row\": 0}, \"secret\": \"jTUfSjqoTaGYZMQUzin+tw==\\n\", \"has_result_set\": false, \"session_guid\": \"lP3CYj14TeaxCKz1A7i+UA==\\n\", \"statement\": \"-- 4. Create Table \\\"user_artist\\\"\\n--\\n-- Inside the database \\\"audioscrobbler\\\" create a table called \\\"user_artist\\\". The table\\n-- should point to the directory 's3://dimajix-training/data/audioscrobbler/user_artist_data'\\n--\\n-- The table contains for the count of plays for specific artist and user combinations\\n--\\n-- The data inside the directory has two columns\\n--    user_id of type string\\n--    artist_id of type string\\n--    play_count of type integer\\n-- the columns are separated by a space! ATTENTION: This is different from the two other tables!\\n--\\nCREATE EXTERNAL TABLE audioscrobbler.user_artist(\\n  user_id STRING,\\n  artist_id STRING,\\n  play_count INT\\n)\\nROW FORMAT SERDE 'org.apache.hadoop.hive.serde2.OpenCSVSerde'\\nWITH SERDEPROPERTIES (\\n   \\\"separatorChar\\\" = \\\" \\\",\\n   \\\"quoteChar\\\"     = \\\"\\\\\\\"\\\",\\n   \\\"escapeChar\\\"    = \\\"\\\\\\\\\\\"\\n)\\nSTORED AS TEXTFILE\\nLOCATION 's3://dimajix-training/data/audioscrobbler/user_artist_data'\", \"operation_type\": 0, \"modified_row_count\": null, \"guid\": \"Iyk3IkV2SZuJOz+A6oNMNA==\\n\", \"previous_statement_hash\": \"c13f087afd1b30a8b8700005d28ad7771d4e11323e264a61d0d4cd3c\"}, \"metaFilter\": \"\", \"explanation\": \"\", \"statement_range\": {\"start\": {\"column\": 0, \"row\": 0}, \"end\": {\"column\": 0, \"row\": 0}}, \"startTime\": \"2017-07-30T16:09:11.540Z\", \"data\": [], \"executionTime\": 1, \"fetchedOnce\": false, \"hasResultset\": false, \"endTime\": \"2017-07-30T16:09:11.541Z\"}, \"pinnedContextTabs\": [], \"chartType\": \"bars\", \"viewSettings\": {\"sqlDialect\": true, \"placeHolder\": \"Example: SELECT * FROM tablename, or press CTRL + space\"}, \"chartScatterGroup\": null, \"loadingQueries\": false, \"hasDataForChart\": false, \"id\": \"5fa5696f-7c0f-5127-1820-ea6ce394239b\", \"ddlNotification\": 0.7170248895115026, \"compatibilityTarget\": \"\", \"errors\": [], \"chartXPivot\": null, \"aceSize\": 100, \"statusForButtons\": \"executed\", \"chartMapLabel\": null, \"chartData\": [], \"lastExecuted\": 1501430951537, \"queriesHasErrors\": false, \"showLogs\": false, \"errorsKlass\": \"results hive alert alert-error\", \"isReady\": true, \"statement\": \"-- 4. Create Table \\\"user_artist\\\"\\n--\\n-- Inside the database \\\"audioscrobbler\\\" create a table called \\\"user_artist\\\". The table\\n-- should point to the directory 's3://dimajix-training/data/audioscrobbler/user_artist_data'\\n--\\n-- The table contains for the count of plays for specific artist and user combinations\\n--\\n-- The data inside the directory has two columns\\n--    user_id of type string\\n--    artist_id of type string\\n--    play_count of type integer\\n-- the columns are separated by a space! ATTENTION: This is different from the two other tables!\\n--\\nCREATE EXTERNAL TABLE audioscrobbler.user_artist(\\n  user_id STRING,\\n  artist_id STRING,\\n  play_count INT\\n)\\nROW FORMAT SERDE 'org.apache.hadoop.hive.serde2.OpenCSVSerde'\\nWITH SERDEPROPERTIES (\\n   \\\"separatorChar\\\" = \\\" \\\",\\n   \\\"quoteChar\\\"     = \\\"\\\\\\\"\\\",\\n   \\\"escapeChar\\\"    = \\\"\\\\\\\\\\\"\\n)\\nSTORED AS TEXTFILE\\nLOCATION 's3://dimajix-training/data/audioscrobbler/user_artist_data';\", \"progress\": 0, \"type\": \"hive\", \"variables\": [], \"status\": \"available\", \"currentQueryTab\": \"queryHistory\", \"jobs\": [], \"suggestion\": \"\", \"chartMapType\": \"marker\", \"warnings\": [], \"statementType\": \"text\", \"queriesFilter\": \"\", \"variableNames\": [], \"resultsKlass\": \"results hive\", \"queriesCurrentPage\": 1, \"isCanceling\": false, \"queriesTotalPages\": 1, \"formatEnabled\": true, \"chartYMulti\": [], \"dbSelectionVisible\": false, \"delayedDDLNotification\": 0.7170248895115026, \"showGrid\": true, \"properties\": {\"files\": [], \"functions\": [], \"arguments\": [], \"settings\": []}, \"isFetchingData\": false, \"chartTimelineType\": \"bar\", \"chartLimit\": null, \"chartMapHeat\": null, \"name\": \"Create Table \\\"user_artist\\\"\", \"database\": \"default\", \"statementTypes\": [\"text\", \"file\", \"document\"], \"hasSuggestion\": false, \"complexityCheckActive\": true, \"externalStatementLoaded\": false, \"chartScatterSize\": null, \"compatibilityCheckActive\": true, \"associatedDocumentUuid\": null, \"isBatchable\": true, \"chartYSingle\": null, \"isSqlDialect\": true, \"statementPath\": \"\", \"is_redacted\": false, \"showLongOperationWarning\": false, \"settingsVisible\": false, \"checkStatusTimeout\": null, \"isLoading\": false}, {\"executingBlockingOperation\": null, \"chartSorting\": \"none\", \"wasBatchExecuted\": false, \"chartLimits\": [5, 10, 25, 50, 100], \"chartX\": \"user_artist.user_id\", \"previousChartOptions\": {\"chartTimelineType\": \"bar\", \"chartSorting\": \"none\", \"chartLimit\": null, \"chartMapHeat\": null, \"chartMapType\": \"marker\", \"chartX\": null, \"chartYMulti\": [], \"chartScatterSize\": null, \"chartScope\": \"world\", \"chartMapLabel\": null, \"chartScatterGroup\": null, \"chartYSingle\": null, \"chartXPivot\": null}, \"queriesFilterVisible\": false, \"isOptimizing\": false, \"associatedDocumentLoading\": true, \"showChart\": false, \"isResultSettingsVisible\": false, \"chartScope\": \"world\", \"statement_raw\": \"-- Look inside table, take 10 elements from table to make sure everything is correct.\\nSELECT\\n  *\\nFROM audioscrobbler.user_artist\\nLIMIT 10;\", \"result\": {\"statement_id\": 0, \"isMetaFilterVisible\": false, \"meta\": [], \"logLines\": 0, \"id\": \"aedf25ed-5d70-e6f9-015b-3dd248c8db07\", \"logs\": \"\", \"statements_count\": 1, \"rows\": \"10\", \"hasSomeResults\": true, \"filteredMetaChecked\": true, \"hasMore\": false, \"filteredMeta\": [{\"comment\": null, \"checked\": true, \"name\": \"user_artist.user_id\", \"originalIndex\": 1, \"cssClass\": \"sort-string\", \"type\": \"STRING_TYPE\"}, {\"comment\": null, \"checked\": true, \"name\": \"user_artist.artist_id\", \"originalIndex\": 2, \"cssClass\": \"sort-string\", \"type\": \"STRING_TYPE\"}, {\"comment\": null, \"checked\": true, \"name\": \"user_artist.play_count\", \"originalIndex\": 3, \"cssClass\": \"sort-string\", \"type\": \"STRING_TYPE\"}], \"type\": \"table\", \"handle\": {\"log_context\": null, \"statements_count\": 1, \"end\": {\"column\": 136, \"row\": 0}, \"statement_id\": 0, \"has_more_statements\": false, \"start\": {\"column\": 0, \"row\": 0}, \"secret\": \"rJEHFNBPSIui7XHUN3eQew==\\n\", \"has_result_set\": true, \"session_guid\": \"lP3CYj14TeaxCKz1A7i+UA==\\n\", \"statement\": \"-- Look inside table, take 10 elements from table to make sure everything is correct.\\nSELECT\\n  *\\nFROM audioscrobbler.user_artist\\nLIMIT 10\", \"operation_type\": 0, \"modified_row_count\": null, \"guid\": \"GXTbhvY4T+O1pX8uVoJrnQ==\\n\", \"previous_statement_hash\": \"e7dee7e38a08c15690a24fa6e4e25f6562994d077b5cf0fdbe444152\"}, \"metaFilter\": \"\", \"explanation\": \"\", \"statement_range\": {\"start\": {\"column\": 0, \"row\": 0}, \"end\": {\"column\": 0, \"row\": 0}}, \"startTime\": \"2017-07-30T16:09:34.027Z\", \"data\": [], \"executionTime\": 0, \"fetchedOnce\": false, \"hasResultset\": true, \"endTime\": \"2017-07-30T16:09:34.027Z\"}, \"pinnedContextTabs\": [], \"chartXPivot\": null, \"viewSettings\": {\"sqlDialect\": true, \"placeHolder\": \"Example: SELECT * FROM tablename, or press CTRL + space\"}, \"chartScatterGroup\": null, \"loadingQueries\": false, \"hasDataForChart\": false, \"id\": \"3c2d4d2b-7ac8-b353-4657-240ca4e8ce28\", \"showLongOperationWarning\": false, \"compatibilityTarget\": \"\", \"errors\": [], \"chartMapHeat\": null, \"aceSize\": 100, \"statusForButtons\": \"executed\", \"chartMapLabel\": null, \"chartData\": [], \"lastExecuted\": 1501430974020, \"queriesHasErrors\": false, \"showLogs\": false, \"errorsKlass\": \"results hive alert alert-error\", \"isReady\": true, \"statement\": \"-- Look inside table, take 10 elements from table to make sure everything is correct.\\nSELECT\\n  *\\nFROM audioscrobbler.user_artist\\nLIMIT 10;\", \"progress\": 0, \"type\": \"hive\", \"variables\": [], \"status\": \"available\", \"currentQueryTab\": \"queryResults\", \"jobs\": [], \"suggestion\": \"\", \"chartMapType\": \"marker\", \"warnings\": [], \"statementType\": \"text\", \"queriesFilter\": \"\", \"variableNames\": [], \"resultsKlass\": \"results hive\", \"queriesCurrentPage\": 1, \"isCanceling\": false, \"queriesTotalPages\": 1, \"formatEnabled\": true, \"chartYMulti\": [], \"dbSelectionVisible\": false, \"chartType\": \"bars\", \"showGrid\": true, \"properties\": {\"files\": [], \"functions\": [], \"arguments\": [], \"settings\": []}, \"isFetchingData\": false, \"chartTimelineType\": \"bar\", \"chartLimit\": null, \"name\": \"Look inside table \\\"user_artist\\\"\", \"database\": \"default\", \"statementTypes\": [\"text\", \"file\", \"document\"], \"hasSuggestion\": false, \"complexityCheckActive\": true, \"externalStatementLoaded\": false, \"chartScatterSize\": null, \"compatibilityCheckActive\": true, \"associatedDocumentUuid\": null, \"isBatchable\": true, \"chartYSingle\": null, \"isSqlDialect\": true, \"statementPath\": \"\", \"is_redacted\": false, \"settingsVisible\": false, \"checkStatusTimeout\": null, \"isLoading\": false}, {\"executingBlockingOperation\": null, \"chartSorting\": \"none\", \"wasBatchExecuted\": false, \"chartLimits\": [5, 10, 25, 50, 100], \"chartX\": \"ua.artist_id\", \"previousChartOptions\": {\"chartTimelineType\": \"bar\", \"chartSorting\": \"none\", \"chartLimit\": null, \"chartMapHeat\": null, \"chartMapType\": \"marker\", \"chartX\": null, \"chartYMulti\": [], \"chartScatterSize\": null, \"chartScope\": \"world\", \"chartMapLabel\": null, \"chartScatterGroup\": null, \"chartYSingle\": null, \"chartXPivot\": null}, \"queriesFilterVisible\": false, \"isOptimizing\": false, \"associatedDocumentLoading\": true, \"showChart\": false, \"isResultSettingsVisible\": false, \"chartScope\": \"world\", \"statement_raw\": \"-- 5. Query top artists\\n--\\n-- Ignoring the issue with misspelled names, get the IDs of the 10 most freuqently played artists by\\n-- performing an approiate aggregation on the table \\\"user_artist\\\". Sort the result by the aggregated play count\\n-- in descending order and return the top 10 played artists.\\n--\\nSELECT\\n  ua.artist_id,\\n  SUM(ua.play_count) AS play_count\\nFROM audioscrobbler.user_artist ua\\nGROUP BY ua.artist_id\\nORDER BY play_count DESC\\nLIMIT 10;\", \"result\": {\"statement_id\": 0, \"isMetaFilterVisible\": false, \"meta\": [], \"logLines\": 0, \"id\": \"71914c96-f4b3-2448-eacf-9cd2be86a954\", \"logs\": \"\", \"statements_count\": 1, \"rows\": \"10\", \"hasSomeResults\": true, \"filteredMetaChecked\": true, \"hasMore\": false, \"filteredMeta\": [{\"comment\": null, \"checked\": true, \"name\": \"ua.artist_id\", \"originalIndex\": 1, \"cssClass\": \"sort-string\", \"type\": \"STRING_TYPE\"}, {\"comment\": null, \"checked\": true, \"name\": \"play_count\", \"originalIndex\": 2, \"cssClass\": \"sort-numeric\", \"type\": \"DOUBLE_TYPE\"}], \"type\": \"table\", \"handle\": {\"log_context\": null, \"statements_count\": 1, \"end\": {\"column\": 451, \"row\": 0}, \"statement_id\": 0, \"has_more_statements\": false, \"start\": {\"column\": 0, \"row\": 0}, \"secret\": \"7iSwqN1ESfW7IZ4UCeYh+A==\\n\", \"has_result_set\": true, \"session_guid\": \"lP3CYj14TeaxCKz1A7i+UA==\\n\", \"statement\": \"-- 5. Query top artists\\n--\\n-- Ignoring the issue with misspelled names, get the IDs of the 10 most freuqently played artists by\\n-- performing an approiate aggregation on the table \\\"user_artist\\\". Sort the result by the aggregated play count\\n-- in descending order and return the top 10 played artists.\\n--\\nSELECT\\n  ua.artist_id,\\n  SUM(ua.play_count) AS play_count\\nFROM audioscrobbler.user_artist ua\\nGROUP BY ua.artist_id\\nORDER BY play_count DESC\\nLIMIT 10\", \"operation_type\": 0, \"modified_row_count\": null, \"guid\": \"7TyIIqfqT1GONRoiOfzPhQ==\\n\", \"previous_statement_hash\": \"ff2e3c9000b0f80262f5aa54293bef5d8e97f2ea996c52432baf820c\"}, \"metaFilter\": \"\", \"explanation\": \"\", \"statement_range\": {\"start\": {\"column\": 0, \"row\": 0}, \"end\": {\"column\": 0, \"row\": 0}}, \"startTime\": \"2017-07-30T16:18:31.557Z\", \"data\": [], \"executionTime\": 134849, \"fetchedOnce\": false, \"hasResultset\": true, \"endTime\": \"2017-07-30T16:20:46.406Z\"}, \"pinnedContextTabs\": [], \"chartXPivot\": null, \"viewSettings\": {\"sqlDialect\": true, \"placeHolder\": \"Example: SELECT * FROM tablename, or press CTRL + space\"}, \"chartScatterGroup\": null, \"loadingQueries\": false, \"hasDataForChart\": true, \"id\": \"60a951f9-c820-6d04-4f0c-34be876a3480\", \"showLongOperationWarning\": false, \"compatibilityTarget\": \"\", \"errors\": [], \"chartMapHeat\": null, \"aceSize\": 100, \"statusForButtons\": \"executed\", \"chartMapLabel\": null, \"chartData\": [], \"lastExecuted\": 1501431511549, \"queriesHasErrors\": false, \"showLogs\": false, \"errorsKlass\": \"results hive alert alert-error\", \"isReady\": true, \"statement\": \"-- 5. Query top artists\\n--\\n-- Ignoring the issue with misspelled names, get the IDs of the 10 most freuqently played artists by\\n-- performing an approiate aggregation on the table \\\"user_artist\\\". Sort the result by the aggregated play count\\n-- in descending order and return the top 10 played artists.\\n--\\nSELECT\\n  ua.artist_id,\\n  SUM(ua.play_count) AS play_count\\nFROM audioscrobbler.user_artist ua\\nGROUP BY ua.artist_id\\nORDER BY play_count DESC\\nLIMIT 10;\", \"progress\": 0, \"type\": \"hive\", \"variables\": [], \"status\": \"available\", \"currentQueryTab\": \"queryResults\", \"jobs\": [], \"suggestion\": \"\", \"chartMapType\": \"marker\", \"warnings\": [], \"statementType\": \"text\", \"queriesFilter\": \"\", \"variableNames\": [], \"resultsKlass\": \"results hive\", \"queriesCurrentPage\": 1, \"isCanceling\": false, \"queriesTotalPages\": 1, \"formatEnabled\": true, \"chartYMulti\": [\"play_count\"], \"dbSelectionVisible\": false, \"chartType\": \"bars\", \"showGrid\": true, \"properties\": {\"files\": [], \"functions\": [], \"arguments\": [], \"settings\": []}, \"isFetchingData\": false, \"chartTimelineType\": \"bar\", \"chartLimit\": null, \"name\": \"Query Top Artists\", \"database\": \"default\", \"statementTypes\": [\"text\", \"file\", \"document\"], \"hasSuggestion\": false, \"complexityCheckActive\": true, \"externalStatementLoaded\": false, \"chartScatterSize\": null, \"compatibilityCheckActive\": true, \"associatedDocumentUuid\": null, \"isBatchable\": true, \"chartYSingle\": null, \"isSqlDialect\": true, \"statementPath\": \"\", \"is_redacted\": false, \"settingsVisible\": false, \"checkStatusTimeout\": 90911, \"isLoading\": false}, {\"executingBlockingOperation\": null, \"chartSorting\": \"none\", \"wasBatchExecuted\": false, \"chartLimits\": [5, 10, 25, 50, 100], \"chartX\": \"ua.artist_id\", \"previousChartOptions\": {\"chartTimelineType\": \"bar\", \"chartSorting\": \"none\", \"chartLimit\": null, \"chartMapHeat\": null, \"chartMapType\": \"marker\", \"chartX\": null, \"chartYMulti\": [], \"chartScatterSize\": null, \"chartScope\": \"world\", \"chartMapLabel\": null, \"chartScatterGroup\": null, \"chartYSingle\": null, \"chartXPivot\": null}, \"queriesFilterVisible\": false, \"isOptimizing\": false, \"associatedDocumentLoading\": true, \"showChart\": false, \"isResultSettingsVisible\": false, \"chartScope\": \"world\", \"statement_raw\": \"-- Now perform the same task, but this time fix wrong artist IDs. This can be done elegantly by using a\\n-- common table expression (CTE) which fixes wrong artist IDs using the table artist_alias.\\n--\\nWITH fixed_user_artist AS (\\n  SELECT\\n    ua.user_id,\\n    COALESCE(alias.good_id, ua.artist_id) AS artist_id,\\n    ua.play_count\\n  FROM audioscrobbler.user_artist ua\\n  LEFT JOIN audioscrobbler.artist_alias alias\\n    ON alias.bad_id = ua.artist_id\\n)\\nSELECT\\n  ua.artist_id,\\n  SUM(ua.play_count) AS play_count\\nFROM fixed_user_artist ua\\nGROUP BY ua.artist_id\\nORDER BY play_count DESC\\nLIMIT 10;\", \"result\": {\"statement_id\": 0, \"isMetaFilterVisible\": false, \"meta\": [], \"logLines\": 0, \"id\": \"c8d1ba93-2ecc-fea3-f536-03980c2549b1\", \"logs\": \"\", \"statements_count\": 1, \"rows\": \"10\", \"hasSomeResults\": true, \"filteredMetaChecked\": true, \"hasMore\": false, \"filteredMeta\": [{\"comment\": null, \"checked\": true, \"name\": \"ua.artist_id\", \"originalIndex\": 1, \"cssClass\": \"sort-string\", \"type\": \"STRING_TYPE\"}, {\"comment\": null, \"checked\": true, \"name\": \"play_count\", \"originalIndex\": 2, \"cssClass\": \"sort-numeric\", \"type\": \"DOUBLE_TYPE\"}], \"type\": \"table\", \"handle\": {\"log_context\": null, \"statements_count\": 1, \"end\": {\"column\": 584, \"row\": 0}, \"statement_id\": 0, \"has_more_statements\": false, \"start\": {\"column\": 0, \"row\": 0}, \"secret\": \"HXN5/Z82QUKNAPVrR4kYQQ==\\n\", \"has_result_set\": true, \"session_guid\": \"lP3CYj14TeaxCKz1A7i+UA==\\n\", \"statement\": \"-- Now perform the same task, but this time fix wrong artist IDs. This can be done elegantly by using a\\n-- common table expression (CTE) which fixes wrong artist IDs using the table artist_alias.\\n--\\nWITH fixed_user_artist AS (\\n  SELECT\\n    ua.user_id,\\n    COALESCE(alias.good_id, ua.artist_id) AS artist_id,\\n    ua.play_count\\n  FROM audioscrobbler.user_artist ua\\n  LEFT JOIN audioscrobbler.artist_alias alias\\n    ON alias.bad_id = ua.artist_id\\n)\\nSELECT\\n  ua.artist_id,\\n  SUM(ua.play_count) AS play_count\\nFROM fixed_user_artist ua\\nGROUP BY ua.artist_id\\nORDER BY play_count DESC\\nLIMIT 10\", \"operation_type\": 0, \"modified_row_count\": null, \"guid\": \"iI5XdbpVQY23YVUO8OOX3Q==\\n\", \"previous_statement_hash\": \"3f1941368a1dacd7bcac995ca8cb7ca92615c5e1ca0a8312b9180272\"}, \"metaFilter\": \"\", \"explanation\": \"\", \"statement_range\": {\"start\": {\"column\": 0, \"row\": 0}, \"end\": {\"column\": 0, \"row\": 0}}, \"startTime\": \"2017-07-30T16:21:43.047Z\", \"data\": [], \"executionTime\": 191544, \"fetchedOnce\": false, \"hasResultset\": true, \"endTime\": \"2017-07-30T16:24:54.591Z\"}, \"pinnedContextTabs\": [], \"chartXPivot\": null, \"viewSettings\": {\"sqlDialect\": true, \"placeHolder\": \"Example: SELECT * FROM tablename, or press CTRL + space\"}, \"chartScatterGroup\": null, \"loadingQueries\": false, \"hasDataForChart\": true, \"id\": \"c98214cf-7191-86f6-9402-404bf836fc54\", \"showLongOperationWarning\": false, \"compatibilityTarget\": \"\", \"errors\": [], \"chartMapHeat\": null, \"aceSize\": 100, \"statusForButtons\": \"executed\", \"chartMapLabel\": null, \"chartData\": [], \"lastExecuted\": 1501431703039, \"queriesHasErrors\": false, \"showLogs\": false, \"errorsKlass\": \"results hive alert alert-error\", \"isReady\": true, \"statement\": \"-- Now perform the same task, but this time fix wrong artist IDs. This can be done elegantly by using a\\n-- common table expression (CTE) which fixes wrong artist IDs using the table artist_alias.\\n--\\nWITH fixed_user_artist AS (\\n  SELECT\\n    ua.user_id,\\n    COALESCE(alias.good_id, ua.artist_id) AS artist_id,\\n    ua.play_count\\n  FROM audioscrobbler.user_artist ua\\n  LEFT JOIN audioscrobbler.artist_alias alias\\n    ON alias.bad_id = ua.artist_id\\n)\\nSELECT\\n  ua.artist_id,\\n  SUM(ua.play_count) AS play_count\\nFROM fixed_user_artist ua\\nGROUP BY ua.artist_id\\nORDER BY play_count DESC\\nLIMIT 10;\", \"progress\": 0, \"type\": \"hive\", \"variables\": [], \"status\": \"available\", \"currentQueryTab\": \"queryResults\", \"jobs\": [], \"suggestion\": \"\", \"chartMapType\": \"marker\", \"warnings\": [], \"statementType\": \"text\", \"queriesFilter\": \"\", \"variableNames\": [], \"resultsKlass\": \"results hive\", \"queriesCurrentPage\": 1, \"isCanceling\": false, \"queriesTotalPages\": 1, \"formatEnabled\": true, \"chartYMulti\": [\"play_count\"], \"dbSelectionVisible\": false, \"chartType\": \"bars\", \"showGrid\": true, \"properties\": {\"files\": [], \"functions\": [], \"arguments\": [], \"settings\": []}, \"isFetchingData\": false, \"chartTimelineType\": \"bar\", \"chartLimit\": null, \"name\": \"Top Artists\", \"database\": \"default\", \"statementTypes\": [\"text\", \"file\", \"document\"], \"hasSuggestion\": false, \"complexityCheckActive\": true, \"externalStatementLoaded\": false, \"chartScatterSize\": null, \"compatibilityCheckActive\": true, \"associatedDocumentUuid\": null, \"isBatchable\": true, \"chartYSingle\": null, \"isSqlDialect\": true, \"statementPath\": \"\", \"is_redacted\": false, \"settingsVisible\": false, \"checkStatusTimeout\": 103548, \"isLoading\": false}, {\"executingBlockingOperation\": null, \"chartSorting\": \"none\", \"wasBatchExecuted\": false, \"chartLimits\": [5, 10, 25, 50, 100], \"chartX\": \"a.name\", \"previousChartOptions\": {\"chartTimelineType\": \"bar\", \"chartSorting\": \"none\", \"chartLimit\": null, \"chartMapHeat\": null, \"chartMapType\": \"marker\", \"chartX\": null, \"chartYMulti\": [], \"chartScatterSize\": null, \"chartScope\": \"world\", \"chartMapLabel\": null, \"chartScatterGroup\": null, \"chartYSingle\": null, \"chartXPivot\": null}, \"queriesFilterVisible\": false, \"isOptimizing\": false, \"associatedDocumentLoading\": true, \"showChart\": false, \"isResultSettingsVisible\": false, \"chartScope\": \"world\", \"statement_raw\": \"-- Finally also look up the artists name using the table \\\"artist\\\"\\n--\\nWITH fixed_user_artist AS (\\n  SELECT\\n    ua.user_id,\\n    COALESCE(alias.good_id, ua.artist_id) AS artist_id,\\n    ua.play_count\\n  FROM audioscrobbler.user_artist ua\\n  LEFT JOIN audioscrobbler.artist_alias alias\\n    ON alias.bad_id = ua.artist_id\\n),\\nartist_counts AS (\\n  SELECT\\n    ua.artist_id,\\n    SUM(ua.play_count) AS play_count\\n  FROM fixed_user_artist ua\\n  GROUP BY ua.artist_id\\n)\\nSELECT\\n  a.name,\\n  ac.play_count\\nFROM artist_counts ac\\nLEFT JOIN audioscrobbler.artist a\\n  ON a.id = ac.artist_id\\nORDER BY ac.play_count DESC\\nLIMIT 10;\", \"result\": {\"statement_id\": 0, \"isMetaFilterVisible\": false, \"meta\": [], \"logLines\": 0, \"id\": \"952fb46d-f886-9370-c31a-8df2d0d35fb7\", \"logs\": \"\", \"statements_count\": 1, \"rows\": \"10\", \"hasSomeResults\": true, \"filteredMetaChecked\": true, \"hasMore\": false, \"filteredMeta\": [{\"comment\": null, \"checked\": true, \"name\": \"a.name\", \"originalIndex\": 1, \"cssClass\": \"sort-string\", \"type\": \"STRING_TYPE\"}, {\"comment\": null, \"checked\": true, \"name\": \"ac.play_count\", \"originalIndex\": 2, \"cssClass\": \"sort-numeric\", \"type\": \"DOUBLE_TYPE\"}], \"type\": \"table\", \"handle\": {\"log_context\": null, \"statements_count\": 1, \"end\": {\"column\": 603, \"row\": 0}, \"statement_id\": 0, \"has_more_statements\": false, \"start\": {\"column\": 0, \"row\": 0}, \"secret\": \"lExQxFN5RSaIWqZ8FH7jAA==\\n\", \"has_result_set\": true, \"session_guid\": \"lP3CYj14TeaxCKz1A7i+UA==\\n\", \"statement\": \"-- Finally also look up the artists name using the table \\\"artist\\\"\\n--\\nWITH fixed_user_artist AS (\\n  SELECT\\n    ua.user_id,\\n    COALESCE(alias.good_id, ua.artist_id) AS artist_id,\\n    ua.play_count\\n  FROM audioscrobbler.user_artist ua\\n  LEFT JOIN audioscrobbler.artist_alias alias\\n    ON alias.bad_id = ua.artist_id\\n),\\nartist_counts AS (\\n  SELECT\\n    ua.artist_id,\\n    SUM(ua.play_count) AS play_count\\n  FROM fixed_user_artist ua\\n  GROUP BY ua.artist_id\\n)\\nSELECT\\n  a.name,\\n  ac.play_count\\nFROM artist_counts ac\\nLEFT JOIN audioscrobbler.artist a\\n  ON a.id = ac.artist_id\\nORDER BY ac.play_count DESC\\nLIMIT 10\", \"operation_type\": 0, \"modified_row_count\": null, \"guid\": \"pihRhoGgRxijESBdq7WVMA==\\n\", \"previous_statement_hash\": \"d83bb37e4f7936804d1093f3b00f691e15495b8f767d874a72a330f5\"}, \"metaFilter\": \"\", \"explanation\": \"\", \"statement_range\": {\"start\": {\"column\": 0, \"row\": 0}, \"end\": {\"column\": 0, \"row\": 0}}, \"startTime\": \"2017-07-30T16:11:12.888Z\", \"data\": [], \"executionTime\": 222004, \"fetchedOnce\": false, \"hasResultset\": true, \"endTime\": \"2017-07-30T16:14:54.892Z\"}, \"pinnedContextTabs\": [], \"chartXPivot\": null, \"viewSettings\": {\"sqlDialect\": true, \"placeHolder\": \"Example: SELECT * FROM tablename, or press CTRL + space\"}, \"chartScatterGroup\": null, \"loadingQueries\": false, \"hasDataForChart\": true, \"id\": \"443b76ea-723b-276d-4ff5-8681d7e08787\", \"showLongOperationWarning\": false, \"compatibilityTarget\": \"\", \"errors\": [], \"chartMapHeat\": null, \"aceSize\": 100, \"statusForButtons\": \"executed\", \"chartMapLabel\": null, \"chartData\": [], \"lastExecuted\": 1501431072885, \"queriesHasErrors\": false, \"showLogs\": false, \"errorsKlass\": \"results hive alert alert-error\", \"isReady\": true, \"statement\": \"-- Finally also look up the artists name using the table \\\"artist\\\"\\n--\\nWITH fixed_user_artist AS (\\n  SELECT\\n    ua.user_id,\\n    COALESCE(alias.good_id, ua.artist_id) AS artist_id,\\n    ua.play_count\\n  FROM audioscrobbler.user_artist ua\\n  LEFT JOIN audioscrobbler.artist_alias alias\\n    ON alias.bad_id = ua.artist_id\\n),\\nartist_counts AS (\\n  SELECT\\n    ua.artist_id,\\n    SUM(ua.play_count) AS play_count\\n  FROM fixed_user_artist ua\\n  GROUP BY ua.artist_id\\n)\\nSELECT\\n  a.name,\\n  ac.play_count\\nFROM artist_counts ac\\nLEFT JOIN audioscrobbler.artist a\\n  ON a.id = ac.artist_id\\nORDER BY ac.play_count DESC\\nLIMIT 10;\", \"progress\": 0, \"type\": \"hive\", \"variables\": [], \"status\": \"available\", \"currentQueryTab\": \"queryResults\", \"jobs\": [], \"suggestion\": \"\", \"chartMapType\": \"marker\", \"warnings\": [], \"statementType\": \"text\", \"queriesFilter\": \"\", \"variableNames\": [], \"resultsKlass\": \"results hive\", \"queriesCurrentPage\": 1, \"isCanceling\": false, \"queriesTotalPages\": 1, \"formatEnabled\": true, \"chartYMulti\": [\"ac.play_count\"], \"dbSelectionVisible\": false, \"chartType\": \"bars\", \"showGrid\": true, \"properties\": {\"files\": [], \"functions\": [], \"arguments\": [], \"settings\": []}, \"isFetchingData\": false, \"chartTimelineType\": \"bar\", \"chartLimit\": null, \"name\": \"Top Artists\", \"database\": \"default\", \"statementTypes\": [\"text\", \"file\", \"document\"], \"hasSuggestion\": false, \"complexityCheckActive\": true, \"externalStatementLoaded\": false, \"chartScatterSize\": null, \"compatibilityCheckActive\": true, \"associatedDocumentUuid\": null, \"isBatchable\": true, \"chartYSingle\": null, \"isSqlDialect\": true, \"statementPath\": \"\", \"is_redacted\": false, \"settingsVisible\": false, \"checkStatusTimeout\": 57139, \"isLoading\": false}, {\"executingBlockingOperation\": null, \"chartSorting\": \"none\", \"wasBatchExecuted\": false, \"chartLimits\": [5, 10, 25, 50, 100], \"chartX\": null, \"previousChartOptions\": {}, \"queriesFilterVisible\": false, \"isOptimizing\": false, \"associatedDocumentLoading\": true, \"showChart\": false, \"isResultSettingsVisible\": false, \"chartScope\": \"world\", \"statement_raw\": \"\", \"result\": {\"statement_id\": 0, \"isMetaFilterVisible\": false, \"meta\": [], \"logLines\": 0, \"id\": \"5d423f9e-819b-c7a6-e441-f2b81c08c392\", \"logs\": \"\", \"statements_count\": 1, \"rows\": null, \"hasSomeResults\": false, \"filteredMetaChecked\": true, \"hasMore\": false, \"filteredMeta\": [], \"type\": \"table\", \"handle\": {}, \"metaFilter\": \"\", \"explanation\": \"\", \"statement_range\": {\"start\": {\"column\": 0, \"row\": 0}, \"end\": {\"column\": 0, \"row\": 0}}, \"startTime\": \"2017-07-30T16:14:57.933Z\", \"data\": [], \"previous_statement_hash\": null, \"executionTime\": 0, \"fetchedOnce\": false, \"hasResultset\": true, \"endTime\": \"2017-07-30T16:14:57.933Z\"}, \"pinnedContextTabs\": [], \"chartXPivot\": null, \"viewSettings\": {\"sqlDialect\": true, \"placeHolder\": \"Example: SELECT * FROM tablename, or press CTRL + space\"}, \"chartScatterGroup\": null, \"loadingQueries\": false, \"hasDataForChart\": false, \"id\": \"2f4fd8fb-56d8-2674-bc64-1578f5524c21\", \"showLongOperationWarning\": false, \"compatibilityTarget\": \"\", \"errors\": [], \"chartMapHeat\": null, \"aceSize\": 100, \"statusForButtons\": \"executed\", \"chartMapLabel\": null, \"chartData\": [], \"lastExecuted\": 0, \"queriesHasErrors\": false, \"showLogs\": false, \"errorsKlass\": \"results hive alert alert-error\", \"isReady\": false, \"statement\": \"\", \"progress\": 0, \"type\": \"hive\", \"variables\": [], \"status\": \"failed\", \"currentQueryTab\": \"queryHistory\", \"jobs\": [], \"suggestion\": \"\", \"chartMapType\": \"marker\", \"warnings\": [], \"statementType\": \"text\", \"queriesFilter\": \"\", \"variableNames\": [], \"resultsKlass\": \"results hive\", \"queriesCurrentPage\": 1, \"isCanceling\": false, \"queriesTotalPages\": 1, \"formatEnabled\": true, \"chartYMulti\": [], \"dbSelectionVisible\": false, \"chartType\": \"bars\", \"showGrid\": true, \"properties\": {\"files\": [], \"functions\": [], \"arguments\": [], \"settings\": []}, \"isFetchingData\": false, \"chartTimelineType\": \"bar\", \"chartLimit\": null, \"name\": \"\", \"database\": \"default\", \"statementTypes\": [\"text\", \"file\", \"document\"], \"hasSuggestion\": false, \"complexityCheckActive\": true, \"externalStatementLoaded\": false, \"chartScatterSize\": null, \"compatibilityCheckActive\": true, \"associatedDocumentUuid\": null, \"isBatchable\": true, \"chartYSingle\": null, \"isSqlDialect\": true, \"statementPath\": \"\", \"is_redacted\": false, \"settingsVisible\": false, \"checkStatusTimeout\": null, \"isLoading\": false}], \"isHistory\": false, \"type\": \"notebook\", \"historyFilter\": \"\", \"description\": \"\", \"sessions\": [{\"type\": \"hive\", \"properties\": [{\"multiple\": true, \"defaultValue\": [], \"value\": [], \"nice_name\": \"Files\", \"key\": \"files\", \"help_text\": \"Add one or more files, jars, or archives to the list of resources.\", \"type\": \"hdfs-files\"}, {\"multiple\": true, \"defaultValue\": [], \"value\": [], \"nice_name\": \"Functions\", \"key\": \"functions\", \"help_text\": \"Add one or more registered UDFs (requires function name and fully-qualified class name).\", \"type\": \"functions\"}, {\"multiple\": true, \"defaultValue\": [], \"value\": [], \"nice_name\": \"Settings\", \"key\": \"settings\", \"help_text\": \"Hive and Hadoop configuration properties.\", \"type\": \"settings\", \"options\": [\"hive.map.aggr\", \"hive.exec.compress.output\", \"hive.exec.parallel\", \"hive.execution.engine\", \"mapreduce.job.queuename\"]}], \"id\": 1}, {\"type\": \"markdown\", \"properties\": [], \"id\": null}], \"updateHistoryFailed\": false, \"isSaved\": true, \"isBatchable\": true, \"selectedSnippet\": \"hive\", \"coordinatorUuid\": null, \"name\": \"Audioscrobbler Solution\", \"loadingScheduler\": false, \"unloaded\": false, \"viewSchedulerId\": \"\", \"creatingSessionLocks\": [], \"directoryUuid\": \"\", \"parentSavedQueryUuid\": null, \"dependentsCoordinator\": []}", 
    "name": "Audioscrobbler Solution"
  }
}
]
