﻿{"paragraphs":[{"text":"%md\n# Load Data\n\nFirst we load data from HDFS or S3. It is stored as a trivial CSV file with three columns\n\n* product name\n* review text\n* rating (1 - 5)\n\nWe will explicitly specify a Schema, because the CSV might not contain a valid header. Moreover this keeps us in detailed control over the column types and saves us from one Spark run trying to guess the types. ","dateUpdated":"2018-03-24T17:50:22+0000","config":{"editorSetting":{},"editorMode":"ace/mode/markdown","colWidth":12,"editorHide":true,"results":[{"graph":{"mode":"table","height":300,"optionOpen":false,"keys":[],"values":[],"groups":[],"scatter":{}}}],"enabled":true},"settings":{"params":{},"forms":{}},"results":{"code":"SUCCESS","msg":[{"type":"HTML","data":"<h1>Load Data</h1>\n<p>First we load data from HDFS or S3. It is stored as a trivial CSV file with three columns</p>\n<ul>\n<li>product name</li>\n<li>review text</li>\n<li>rating (1 - 5)</li>\n</ul>\n<p>We will explicitly specify a Schema, because the CSV might not contain a valid header. Moreover this keeps us in detailed control over the column types and saves us from one Spark run trying to guess the types.</p>\n"}]},"apps":[],"jobName":"paragraph_1521913822263_784822009","id":"20170129-041356_575741458","dateCreated":"2018-03-24T17:50:22+0000","status":"READY","errorMessage":"","progressUpdateIntervalMs":500,"focus":true,"$$hashKey":"object:2791"},{"text":"val basedir = \"s3://dimajix-training/data/\"","dateUpdated":"2018-03-24T17:50:22+0000","config":{"editorMode":"ace/mode/scala","colWidth":12,"results":[{"graph":{"mode":"table","height":300,"optionOpen":false,"keys":[],"values":[],"groups":[],"scatter":{}}}],"enabled":true,"editorSetting":{"language":"scala","editOnDblClick":false}},"settings":{"params":{},"forms":{}},"apps":[],"jobName":"paragraph_1521913822264_782898264","id":"20170129-045843_673583787","dateCreated":"2018-03-24T17:50:22+0000","status":"READY","errorMessage":"","progressUpdateIntervalMs":500,"$$hashKey":"object:2792"},{"text":"import org.apache.spark.sql.types.StructType\nimport org.apache.spark.sql.types.StructField\nimport org.apache.spark.sql.types.StringType\nimport org.apache.spark.sql.types.IntegerType\nimport org.apache.spark.sql.functions.col\n\n// Explicitly build the schema as we expect it in the CSV file. Note that we also assume \"rating\" to be string type. This saves\n// us from errors due to wrong entries. Casting a String to something else later only produces SQL NULL values, but no errors.\nval schema = StructType(\n        StructField(\"name\", StringType) ::\n        StructField(\"review\", StringType) ::\n        StructField(\"rating\", StringType) ::\n        Nil\n    )\n// Read in CSV data and cast rating column to integer    \nval csvdata = spark.read\n    .schema(schema)\n    .csv(basedir + \"amazon_baby\")\n    .withColumn(\"rating\", col(\"rating\").cast(IntegerType))\n    .filter(col(\"rating\").isNotNull)\nz.show(csvdata.limit(10))","dateUpdated":"2018-03-24T17:50:22+0000","config":{"editorMode":"ace/mode/scala","colWidth":12,"results":[{"graph":{"mode":"table","height":230.36666870117188,"optionOpen":false,"keys":[{"name":"name","index":0,"aggr":"sum"}],"values":[{"name":"review","index":1,"aggr":"sum"}],"groups":[],"scatter":{"xAxis":{"name":"name","index":0,"aggr":"sum"},"yAxis":{"name":"review","index":1,"aggr":"sum"}}}}],"enabled":true,"editorSetting":{"language":"scala","editOnDblClick":false}},"settings":{"params":{},"forms":{}},"apps":[],"jobName":"paragraph_1521913822265_782513515","id":"20170129-041420_2034427172","dateCreated":"2018-03-24T17:50:22+0000","status":"READY","errorMessage":"","progressUpdateIntervalMs":500,"$$hashKey":"object:2793"},{"text":"%md\n# Extract Features from raw data\n\nWe want to train a logistic regression for predicting the sentiment of a product review given its text. Since a logistic regression does not directly work with text, we need to extract some numeric features from the data.\n\nWe will perform the two following extractions, one for the label to be binary and a multi-step extraction for the features.\n\n1. Extract binary sentiment from given review value\n2. Extract bag-of-words model as features","dateUpdated":"2018-03-24T17:50:22+0000","config":{"editorSetting":{},"editorMode":"ace/mode/markdown","colWidth":12,"editorHide":true,"results":[{"graph":{"mode":"table","height":300,"optionOpen":false,"keys":[],"values":[],"groups":[],"scatter":{}}}],"enabled":true},"settings":{"params":{},"forms":{}},"results":{"code":"SUCCESS","msg":[{"type":"HTML","data":"<h1>Extract Features from raw data</h1>\n<p>We want to train a logistic regression for predicting the sentiment of a product review given its text. Since a logistic regression does not directly work with text, we need to extract some numeric features from the data.</p>\n<p>We will perform the two following extractions, one for the label to be binary and a multi-step extraction for the features.</p>\n<ol>\n<li>Extract binary sentiment from given review value</li>\n<li>Extract bag-of-words model as features</li>\n</ol>\n"}]},"apps":[],"jobName":"paragraph_1521913822265_782513515","id":"20170129-052423_858609389","dateCreated":"2018-03-24T17:50:22+0000","status":"READY","errorMessage":"","progressUpdateIntervalMs":500,"$$hashKey":"object:2794"},{"text":"%md\n## 1. Extract Sentiment\n\nSince we want to perform a classification (positive review vs negative review), we need to extract a binary sentiment value. We will map the ratings as follows:\n\n* Ratings 1 and 2 count as a negative review\n* Rating 3 counts as a neutral review\n* Ratings 4 and 5 count as a positive review\n\nSince we want a binary classification, we will also remove neutral reviews altogether.\n","dateUpdated":"2018-03-24T17:50:22+0000","config":{"editorSetting":{},"editorMode":"ace/mode/markdown","colWidth":12,"editorHide":true,"results":[{"graph":{"mode":"table","height":300,"optionOpen":false,"keys":[],"values":[],"groups":[],"scatter":{}}}],"enabled":true},"settings":{"params":{},"forms":{}},"results":{"code":"SUCCESS","msg":[{"type":"HTML","data":"<h2>1. Extract Sentiment</h2>\n<p>Since we want to perform a classification (positive review vs negative review), we need to extract a binary sentiment value. We will map the ratings as follows:</p>\n<ul>\n<li>Ratings 1 and 2 count as a negative review</li>\n<li>Rating 3 counts as a neutral review</li>\n<li>Ratings 4 and 5 count as a positive review</li>\n</ul>\n<p>Since we want a binary classification, we will also remove neutral reviews altogether.</p>\n"}]},"apps":[],"jobName":"paragraph_1521913822266_783667762","id":"20170129-042008_1516671555","dateCreated":"2018-03-24T17:50:22+0000","status":"READY","errorMessage":"","progressUpdateIntervalMs":500,"$$hashKey":"object:2795"},{"text":"// YOUR CODE HERE\nval data = ...","dateUpdated":"2018-03-24T17:50:22+0000","config":{"editorSetting":{"language":"scala","editOnDblClick":false},"editorMode":"ace/mode/scala","colWidth":12,"results":{},"enabled":true,"graph":{"mode":"table","height":300,"optionOpen":false,"keys":[],"values":[],"groups":[],"scatter":{}}},"settings":{"params":{},"forms":{}},"apps":[],"jobName":"paragraph_1521913822266_783667762","id":"20170129-042350_2056232695","dateCreated":"2018-03-24T17:50:22+0000","status":"READY","errorMessage":"","progressUpdateIntervalMs":500,"$$hashKey":"object:2796"},{"text":"%md\n## 2. Extract Features from Reviews\n\nNow we want to split the review text into individual words, so we can create a \"bag of words\" model. In order to get a somewhat nice model, we also need to remove all punctuations from the reviews.\n\n### 2.1. Remove Punctuations\nSo the first step is to remove all puncuations.  This will be done as the first step using a user defined function (UDF) in Spark, which will simply replace any punctuation character by a space.","dateUpdated":"2018-03-24T17:50:22+0000","config":{"editorSetting":{},"editorMode":"ace/mode/markdown","colWidth":12,"editorHide":true,"results":[{"graph":{"mode":"table","height":300,"optionOpen":false,"keys":[],"values":[],"groups":[],"scatter":{}}}],"enabled":true},"settings":{"params":{},"forms":{}},"results":{"code":"SUCCESS","msg":[{"type":"HTML","data":"<h2>2. Extract Features from Reviews</h2>\n<p>Now we want to split the review text into individual words, so we can create a &ldquo;bag of words&rdquo; model. In order to get a somewhat nice model, we also need to remove all punctuations from the reviews.</p>\n<h3>2.1. Remove Punctuations</h3>\n<p>So the first step is to remove all puncuations.  This will be done as the first step using a user defined function (UDF) in Spark, which will simply replace any punctuation character by a space.</p>\n"}]},"apps":[],"jobName":"paragraph_1521913822267_783283013","id":"20170129-043924_1480728312","dateCreated":"2018-03-24T17:50:22+0000","status":"READY","errorMessage":"","progressUpdateIntervalMs":500,"$$hashKey":"object:2797"},{"text":"import org.apache.spark.sql.functions.udf\n\nval removePunctuation = udf { text:String => if (text != null) text.replaceAll(\"\\\\p{Punct}\", \" \") else \"\" }\n// YOUR CODE HERE\nval data2 = ...","dateUpdated":"2018-03-24T17:50:22+0000","config":{"editorSetting":{"language":"scala","editOnDblClick":false},"editorMode":"ace/mode/scala","colWidth":12,"results":{},"enabled":true,"graph":{"mode":"table","height":300,"optionOpen":false,"keys":[],"values":[],"groups":[],"scatter":{}}},"settings":{"params":{},"forms":{}},"apps":[],"jobName":"paragraph_1521913822267_783283013","id":"20170129-043943_507827673","dateCreated":"2018-03-24T17:50:22+0000","status":"READY","errorMessage":"","progressUpdateIntervalMs":500,"$$hashKey":"object:2798"},{"text":"%md\n### 2.2 Split Reviews into Words\n\nNow we want to split every review into multiple words, resulting in a new data column containing an array with all words of the review. We could do that ourselves using some Scala methods, but we use a Transformer provided by Spark instead. Saves us some time and helps to create clean code.\n\nSpark ML contains a whole bunch of Transformers for extracting features. You can find them in the `org.apache.spark.ml.feature` package. Each Transformer accepts some parameters for specifying the details of the transformation. In particular most Transformers know about an input column and and output column which can be set via `setInputCol` and `setOutputCol`.\n\nOur specific task for splitting a string column into an array column with individual words can be performed with the `Tokenizer` Transform.\n","dateUpdated":"2018-03-24T17:50:22+0000","config":{"editorSetting":{},"editorMode":"ace/mode/markdown","colWidth":12,"editorHide":true,"results":[{"graph":{"mode":"table","height":300,"optionOpen":false,"keys":[],"values":[],"groups":[],"scatter":{}}}],"enabled":true},"settings":{"params":{},"forms":{}},"results":{"code":"SUCCESS","msg":[{"type":"HTML","data":"<h3>2.2 Split Reviews into Words</h3>\n<p>Now we want to split every review into multiple words, resulting in a new data column containing an array with all words of the review. We could do that ourselves using some Scala methods, but we use a Transformer provided by Spark instead. Saves us some time and helps to create clean code.</p>\n<p>Spark ML contains a whole bunch of Transformers for extracting features. You can find them in the <code>org.apache.spark.ml.feature</code> package. Each Transformer accepts some parameters for specifying the details of the transformation. In particular most Transformers know about an input column and and output column which can be set via <code>setInputCol</code> and <code>setOutputCol</code>.</p>\n<p>Our specific task for splitting a string column into an array column with individual words can be performed with the <code>Tokenizer</code> Transform.</p>\n"}]},"apps":[],"jobName":"paragraph_1521913822268_781359268","id":"20170129-043958_121242280","dateCreated":"2018-03-24T17:50:22+0000","status":"READY","errorMessage":"","progressUpdateIntervalMs":500,"$$hashKey":"object:2799"},{"text":"import org.apache.spark.ml.feature.Tokenizer\n\n// YOUR CODE HERE\nval tokenizer = ...\nval words = tokenizer.transform(data2)","dateUpdated":"2018-03-24T17:50:22+0000","config":{"editorSetting":{"language":"scala","editOnDblClick":false},"editorMode":"ace/mode/scala","colWidth":12,"results":{},"enabled":true,"graph":{"mode":"table","height":300,"optionOpen":false,"keys":[{"name":"name","index":0,"aggr":"sum"}],"values":[{"name":"review","index":1,"aggr":"sum"}],"groups":[],"scatter":{"xAxis":{"name":"name","index":0,"aggr":"sum"},"yAxis":{"name":"review","index":1,"aggr":"sum"}}}},"settings":{"params":{},"forms":{}},"apps":[],"jobName":"paragraph_1521913822269_780974520","id":"20170129-044010_2048325285","dateCreated":"2018-03-24T17:50:22+0000","status":"READY","errorMessage":"","progressUpdateIntervalMs":500,"$$hashKey":"object:2800"},{"text":"%md\n### 2.3 Remove Stop words\n\nWe also want to remove so called stop words, which are all those tiny words which mainly serve as glue for building sentences. Usually they do not contain much information in a simple bag of words model. So we get rid of them.\n\nThis is so common practice that Spark already contains a `StopWordsRemover` Transformer class for just doing that. Again we need to specify some parameters like `inputCol`, `outputCol` and `stopWords`.\n","dateUpdated":"2018-03-24T17:50:22+0000","config":{"editorSetting":{},"editorMode":"ace/mode/markdown","colWidth":12,"editorHide":true,"results":[{"graph":{"mode":"table","height":300,"optionOpen":false,"keys":[],"values":[],"groups":[],"scatter":{}}}],"enabled":true},"settings":{"params":{},"forms":{}},"results":{"code":"SUCCESS","msg":[{"type":"HTML","data":"<h3>2.3 Remove Stop words</h3>\n<p>We also want to remove so called stop words, which are all those tiny words which mainly serve as glue for building sentences. Usually they do not contain much information in a simple bag of words model. So we get rid of them.</p>\n<p>This is so common practice that Spark already contains a <code>StopWordsRemover</code> Transformer class for just doing that. Again we need to specify some parameters like <code>inputCol</code>, <code>outputCol</code> and <code>stopWords</code>.</p>\n"}]},"apps":[],"jobName":"paragraph_1521913822269_780974520","id":"20170129-044024_1653567754","dateCreated":"2018-03-24T17:50:22+0000","status":"READY","errorMessage":"","progressUpdateIntervalMs":500,"$$hashKey":"object:2801"},{"text":"val stopWords = Array(\"the\",\"a\",\"and\",\"or\", \"it\", \"this\", \"of\", \"an\", \"as\", \"in\", \"on\", \"is\", \"are\", \"to\", \"was\", \"for\", \"then\", \"i\", \"my\", \"that\", \"with\", \"we\", \"have\", \"so\", \"you\", \"s\", \"\")\n    \n// YOUR CODE HERE\nval stopWordsRemover = ...\nval vwords = stopWordsRemover.transform(words)","dateUpdated":"2018-03-24T17:50:22+0000","config":{"editorSetting":{"language":"scala","editOnDblClick":false},"editorMode":"ace/mode/scala","colWidth":12,"results":{},"enabled":true,"graph":{"mode":"table","height":300,"optionOpen":false,"keys":[],"values":[],"groups":[],"scatter":{}}},"settings":{"params":{},"forms":{}},"apps":[],"jobName":"paragraph_1521913822270_782128766","id":"20170129-044037_1562436005","dateCreated":"2018-03-24T17:50:22+0000","status":"READY","errorMessage":"","progressUpdateIntervalMs":500,"$$hashKey":"object:2802"},{"text":"%md\nNow lets have a look at common words. Maybe we want to change the list of stop words?","dateUpdated":"2018-03-24T17:50:22+0000","config":{"editorSetting":{},"editorMode":"ace/mode/markdown","colWidth":12,"editorHide":true,"results":[{"graph":{"mode":"table","height":300,"optionOpen":false,"keys":[],"values":[],"groups":[],"scatter":{}}}],"enabled":true},"settings":{"params":{},"forms":{}},"results":{"code":"SUCCESS","msg":[{"type":"HTML","data":"<p>Now lets have a look at common words. Maybe we want to change the list of stop words?</p>\n"}]},"apps":[],"jobName":"paragraph_1521913822270_782128766","id":"20170129-103148_909017422","dateCreated":"2018-03-24T17:50:22+0000","status":"READY","errorMessage":"","progressUpdateIntervalMs":500,"$$hashKey":"object:2803"},{"text":"// YOUR CODE HERE\nval term_freq = ...\n\nz.show(term_freq.orderBy(col(\"count\").desc).limit(10))","dateUpdated":"2018-03-24T17:50:22+0000","config":{"editorMode":"ace/mode/scala","colWidth":12,"results":[{"graph":{"mode":"table","height":300,"optionOpen":false,"keys":[{"name":"word","index":0,"aggr":"sum"}],"values":[{"name":"count","index":1,"aggr":"sum"}],"groups":[],"scatter":{"xAxis":{"name":"word","index":0,"aggr":"sum"},"yAxis":{"name":"count","index":1,"aggr":"sum"}}}}],"enabled":true,"editorSetting":{"language":"scala","editOnDblClick":false}},"settings":{"params":{},"forms":{}},"apps":[],"jobName":"paragraph_1521913822271_781744017","id":"20170129-103147_26603517","dateCreated":"2018-03-24T17:50:22+0000","status":"READY","errorMessage":"","progressUpdateIntervalMs":500,"$$hashKey":"object:2804"},{"text":"%md\n### 2.4 Create Bag of Words Features\n\nFinally we simply count the number of occurances of all words within the reviews. Again we can simply use a `CountVectorizer` Transformer from the `org.apache.spark.ml.feature` package in Spark to perform that task. Again we need to specify `inputCol` and `outputCol`. Additionally we require that each word appears in at least two documents, to ensure some basic significance and avoid fitting the sentiment of a document onto single words.\n","dateUpdated":"2018-03-24T17:50:22+0000","config":{"editorSetting":{},"editorMode":"ace/mode/markdown","colWidth":12,"editorHide":true,"results":[{"graph":{"mode":"table","height":300,"optionOpen":false,"keys":[],"values":[],"groups":[],"scatter":{}}}],"enabled":true},"settings":{"params":{},"forms":{}},"results":{"code":"SUCCESS","msg":[{"type":"HTML","data":"<h3>2.4 Create Bag of Words Features</h3>\n<p>Finally we simply count the number of occurances of all words within the reviews. Again we can simply use a <code>CountVectorizer</code> Transformer from the <code>org.apache.spark.ml.feature</code> package in Spark to perform that task. Again we need to specify <code>inputCol</code> and <code>outputCol</code>. Additionally we require that each word appears in at least two documents, to ensure some basic significance and avoid fitting the sentiment of a document onto single words.</p>\n"}]},"apps":[],"jobName":"paragraph_1521913822271_781744017","id":"20170129-044054_945211724","dateCreated":"2018-03-24T17:50:22+0000","status":"READY","errorMessage":"","progressUpdateIntervalMs":500,"$$hashKey":"object:2805"},{"text":"import org.apache.spark.ml.feature.CountVectorizer\n\n// YOUR CODE HERE\nval countVectorizer = ...\n\nval countVectorizerModel = countVectorizer.fit(vwords)","dateUpdated":"2018-03-24T17:50:22+0000","config":{"editorSetting":{"language":"scala","editOnDblClick":false},"editorMode":"ace/mode/scala","colWidth":12,"results":{},"enabled":true,"graph":{"mode":"table","height":300,"optionOpen":false,"keys":[],"values":[],"groups":[],"scatter":{}}},"settings":{"params":{},"forms":{}},"apps":[],"jobName":"paragraph_1521913822272_767508308","id":"20170129-044111_370443742","dateCreated":"2018-03-24T17:50:22+0000","status":"READY","errorMessage":"","progressUpdateIntervalMs":500,"$$hashKey":"object:2806"},{"text":"%md\n### 2.4 Bag of Words - Inspect Vocabulary\n\nThe countVectorizerModel contains an implcit vocabulary containing all words. This can be useful for mapping features back to words\n","dateUpdated":"2018-03-24T17:50:22+0000","config":{"editorSetting":{},"editorMode":"ace/mode/markdown","colWidth":12,"editorHide":true,"results":[{"graph":{"mode":"table","height":300,"optionOpen":false,"keys":[],"values":[],"groups":[],"scatter":{}}}],"enabled":true},"settings":{"params":{},"forms":{}},"results":{"code":"SUCCESS","msg":[{"type":"HTML","data":"<h3>2.4 Bag of Words - Inspect Vocabulary</h3>\n<p>The countVectorizerModel contains an implcit vocabulary containing all words. This can be useful for mapping features back to words</p>\n"}]},"apps":[],"jobName":"paragraph_1521913822272_767508308","id":"20170129-044132_249596213","dateCreated":"2018-03-24T17:50:22+0000","status":"READY","errorMessage":"","progressUpdateIntervalMs":500,"$$hashKey":"object:2807"},{"text":"// YOUR CODE HERE","dateUpdated":"2018-03-24T17:50:22+0000","config":{"editorSetting":{"language":"scala","editOnDblClick":false},"editorMode":"ace/mode/scala","colWidth":12,"results":{},"enabled":true,"graph":{"mode":"table","height":300,"optionOpen":false,"keys":[],"values":[],"groups":[],"scatter":{}}},"settings":{"params":{},"forms":{}},"apps":[],"jobName":"paragraph_1521913822273_767123559","id":"20170129-044143_1368822013","dateCreated":"2018-03-24T17:50:22+0000","status":"READY","errorMessage":"","progressUpdateIntervalMs":500,"$$hashKey":"object:2808"},{"text":"%md\n### 2.5 Tidy up DataFrame\n\nWe now carry so many columns inside the DataFrame, let's remove some intermediate columns to get more focus on our model. In particular we remove the following columns:\n* `words`\n* `rating`\n \nWe keep the columns `review`, `name`, `sentiment` and `features`. For the model itself, we do not need `review` and `vwords`, but we will perform some simple checks with these columns later on.\n","dateUpdated":"2018-03-24T17:50:22+0000","config":{"editorSetting":{},"editorMode":"ace/mode/markdown","colWidth":12,"editorHide":true,"results":[{"graph":{"mode":"table","height":300,"optionOpen":false,"keys":[],"values":[],"groups":[],"scatter":{}}}],"enabled":true},"settings":{"params":{},"forms":{}},"results":{"code":"SUCCESS","msg":[{"type":"HTML","data":"<h3>2.5 Tidy up DataFrame</h3>\n<p>We now carry so many columns inside the DataFrame, let's remove some intermediate columns to get more focus on our model. In particular we remove the following columns:</p>\n<ul>\n<li><code>words</code></li>\n<li><code>rating</code></li>\n</ul>\n<p>We keep the columns <code>review</code>, <code>name</code>, <code>sentiment</code> and <code>features</code>. For the model itself, we do not need <code>review</code> and <code>vwords</code>, but we will perform some simple checks with these columns later on.</p>\n"}]},"apps":[],"jobName":"paragraph_1521913822273_767123559","id":"20170129-044155_1317352834","dateCreated":"2018-03-24T17:50:22+0000","status":"READY","errorMessage":"","progressUpdateIntervalMs":500,"$$hashKey":"object:2809"},{"text":"// YOUR CODE HERE","dateUpdated":"2018-03-24T17:50:22+0000","config":{"editorMode":"ace/mode/scala","colWidth":12,"results":[{"graph":{"mode":"table","height":300,"optionOpen":false,"keys":[{"name":"name","index":0,"aggr":"sum"}],"values":[],"groups":[],"scatter":{"xAxis":{"name":"name","index":0,"aggr":"sum"}}}}],"enabled":true,"editorSetting":{"language":"scala","editOnDblClick":false}},"settings":{"params":{},"forms":{}},"apps":[],"jobName":"paragraph_1521913822274_768277806","id":"20170129-044205_190711273","dateCreated":"2018-03-24T17:50:22+0000","status":"READY","errorMessage":"","progressUpdateIntervalMs":500,"$$hashKey":"object:2810"},{"text":"%md\n# Split Train Data / Validation Data\n\nNow let's do the usual split of our data into a training data set and a validation data set. Let's use 80% of all reviews for training and 20% for validation. Again the Spark DataFrame class offers a built in core method to perform the split.\n","dateUpdated":"2018-03-24T17:50:22+0000","config":{"editorSetting":{},"editorMode":"ace/mode/markdown","colWidth":12,"editorHide":true,"results":[{"graph":{"mode":"table","height":300,"optionOpen":false,"keys":[],"values":[],"groups":[],"scatter":{}}}],"enabled":true},"settings":{"params":{},"forms":{}},"results":{"code":"SUCCESS","msg":[{"type":"HTML","data":"<h1>Split Train Data / Validation Data</h1>\n<p>Now let's do the usual split of our data into a training data set and a validation data set. Let's use 80% of all reviews for training and 20% for validation. Again the Spark DataFrame class offers a built in core method to perform the split.</p>\n"}]},"apps":[],"jobName":"paragraph_1521913822274_768277806","id":"20170129-044218_1046591560","dateCreated":"2018-03-24T17:50:22+0000","status":"READY","errorMessage":"","progressUpdateIntervalMs":500,"$$hashKey":"object:2811"},{"text":"// YOUR CODE HERE\nval Array(trainingData, validationData) = ...\n\nprintln(s\"Training Data: ${trainingData.count()}\")\nprintln(s\"Validation Data: ${validationData.count()}\")","dateUpdated":"2018-03-24T17:50:22+0000","config":{"editorMode":"ace/mode/scala","colWidth":12,"results":[{"graph":{"mode":"table","height":300,"optionOpen":false,"keys":[],"values":[],"groups":[],"scatter":{}}}],"enabled":true,"editorSetting":{"language":"scala","editOnDblClick":false}},"settings":{"params":{},"forms":{}},"apps":[],"jobName":"paragraph_1521913822274_768277806","id":"20170129-044229_383362931","dateCreated":"2018-03-24T17:50:22+0000","status":"READY","errorMessage":"","progressUpdateIntervalMs":500,"$$hashKey":"object:2812"},{"text":"%md\n# Train Classifier\n\nThere are many different classification algorithms out there. We will use a LogisticRegression, of course a DecisionTreeClassifier could be another interesting option.\n","dateUpdated":"2018-03-24T17:50:22+0000","config":{"editorSetting":{},"editorMode":"ace/mode/markdown","colWidth":12,"editorHide":true,"results":[{"graph":{"mode":"table","height":300,"optionOpen":false,"keys":[],"values":[],"groups":[],"scatter":{}}}],"enabled":true},"settings":{"params":{},"forms":{}},"results":{"code":"SUCCESS","msg":[{"type":"HTML","data":"<h1>Train Classifier</h1>\n<p>There are many different classification algorithms out there. We will use a LogisticRegression, of course a DecisionTreeClassifier could be another interesting option.</p>\n"}]},"apps":[],"jobName":"paragraph_1521913822275_767893057","id":"20170129-044249_824800015","dateCreated":"2018-03-24T17:50:22+0000","status":"READY","errorMessage":"","progressUpdateIntervalMs":500,"$$hashKey":"object:2813"},{"text":"import org.apache.spark.ml.classification.LogisticRegression\n\n// YOUR CODE HERE\nval logisticRegression = ...\nval logisticModel = ...","dateUpdated":"2018-03-24T17:50:22+0000","config":{"editorSetting":{"language":"scala","editOnDblClick":false},"editorMode":"ace/mode/scala","colWidth":12,"results":{},"enabled":true,"graph":{"mode":"table","height":300,"optionOpen":false,"keys":[],"values":[],"groups":[],"scatter":{}}},"settings":{"params":{},"forms":{}},"apps":[],"jobName":"paragraph_1521913822275_767893057","id":"20170129-044302_1834217762","dateCreated":"2018-03-24T17:50:22+0000","status":"READY","errorMessage":"","progressUpdateIntervalMs":500,"$$hashKey":"object:2814"},{"text":"%md\n# Inspect Model\n\nThe LogisticRegressionModel also uses coefficients mapped to individual words. Let's have a look at them.\n\n","dateUpdated":"2018-03-24T17:50:22+0000","config":{"editorSetting":{},"editorMode":"ace/mode/markdown","colWidth":12,"editorHide":true,"results":[{"graph":{"mode":"table","height":300,"optionOpen":false,"keys":[],"values":[],"groups":[],"scatter":{}}}],"enabled":true},"settings":{"params":{},"forms":{}},"results":{"code":"SUCCESS","msg":[{"type":"HTML","data":"<h1>Inspect Model</h1>\n<p>The LogisticRegressionModel also uses coefficients mapped to individual words. Let's have a look at them.</p>\n"}]},"apps":[],"jobName":"paragraph_1521913822276_765969312","id":"20170129-044314_1157019956","dateCreated":"2018-03-24T17:50:22+0000","status":"READY","errorMessage":"","progressUpdateIntervalMs":500,"$$hashKey":"object:2815"},{"text":"logisticModel.coefficients.toArray.take(20).foreach(println)","dateUpdated":"2018-03-24T17:50:22+0000","config":{"editorSetting":{"language":"scala","editOnDblClick":false},"editorMode":"ace/mode/scala","colWidth":12,"results":{},"enabled":true,"graph":{"mode":"table","height":300,"optionOpen":false,"keys":[],"values":[],"groups":[],"scatter":{}}},"settings":{"params":{},"forms":{}},"apps":[],"jobName":"paragraph_1521913822276_765969312","id":"20170129-044329_1169250287","dateCreated":"2018-03-24T17:50:22+0000","status":"READY","errorMessage":"","progressUpdateIntervalMs":500,"$$hashKey":"object:2816"},{"text":"%md\nLet's have a quick look about how many words have a positive weight and how many words have a negative weight.","dateUpdated":"2018-03-24T17:50:22+0000","config":{"editorSetting":{},"editorMode":"ace/mode/markdown","colWidth":12,"editorHide":true,"results":[{"graph":{"mode":"table","height":300,"optionOpen":false,"keys":[],"values":[],"groups":[],"scatter":{}}}],"enabled":true},"settings":{"params":{},"forms":{}},"results":{"code":"SUCCESS","msg":[{"type":"HTML","data":"<p>Let's have a quick look about how many words have a positive weight and how many words have a negative weight.</p>\n"}]},"apps":[],"jobName":"paragraph_1521913822276_765969312","id":"20170129-101914_1671147041","dateCreated":"2018-03-24T17:50:22+0000","status":"READY","errorMessage":"","progressUpdateIntervalMs":500,"$$hashKey":"object:2817"},{"text":"val coefficients = logisticModel.coefficients.toArray\nval numPositiveWeights = coefficients.count(_ > 0)\nval numNegativeWeights = coefficients.count(_ < 0)\n\nprintln(s\"Number positive weights $numPositiveWeights\")\nprintln(s\"Number negative weights $numNegativeWeights\")","dateUpdated":"2018-03-24T17:50:22+0000","config":{"editorMode":"ace/mode/scala","colWidth":12,"results":[{"graph":{"mode":"table","height":300,"optionOpen":false,"keys":[],"values":[],"groups":[],"scatter":{}}}],"enabled":true,"editorSetting":{"language":"scala","editOnDblClick":false}},"settings":{"params":{},"forms":{}},"apps":[],"jobName":"paragraph_1521913822277_765584564","id":"20170129-044553_1980650936","dateCreated":"2018-03-24T17:50:22+0000","status":"READY","errorMessage":"","progressUpdateIntervalMs":500,"$$hashKey":"object:2818"},{"text":"%md\n## Find Weights of some Words\n\nLet's check how coefficients look like for some clearly positive or negative words. This can be done by first looking up a specific word in the vocabulary of the CountVectorizerModel and then using that index to retrieve the weight in the LogisticRegressionModel we just trained. ","dateUpdated":"2018-03-24T17:50:22+0000","config":{"editorSetting":{},"editorMode":"ace/mode/markdown","colWidth":12,"editorHide":true,"results":[{"graph":{"mode":"table","height":300,"optionOpen":false,"keys":[],"values":[],"groups":[],"scatter":{}}}],"enabled":true},"settings":{"params":{},"forms":{}},"results":{"code":"SUCCESS","msg":[{"type":"HTML","data":"<h2>Find Weights of some Words</h2>\n<p>Let's check how coefficients look like for some clearly positive or negative words. This can be done by first looking up a specific word in the vocabulary of the CountVectorizerModel and then using that index to retrieve the weight in the LogisticRegressionModel we just trained.</p>\n"}]},"apps":[],"jobName":"paragraph_1521913822277_765584564","id":"20170129-044409_841287254","dateCreated":"2018-03-24T17:50:22+0000","status":"READY","errorMessage":"","progressUpdateIntervalMs":500,"$$hashKey":"object:2819"},{"text":"def printWordWeight(word:String) = {\n    // YOUR CODE HERE\n    val index = ...\n    val weight = ...\n    println(s\"$word : $weight\")\n}\n    \n// YOUR CODE HERE    \n","dateUpdated":"2018-03-24T17:50:22+0000","config":{"editorMode":"ace/mode/scala","colWidth":12,"results":[{"graph":{"mode":"table","height":300,"optionOpen":false,"keys":[],"values":[],"groups":[],"scatter":{}}}],"enabled":true,"editorSetting":{"language":"scala","editOnDblClick":false}},"settings":{"params":{},"forms":{}},"apps":[],"jobName":"paragraph_1521913822278_766738810","id":"20170129-044413_362370312","dateCreated":"2018-03-24T17:50:22+0000","status":"READY","errorMessage":"","progressUpdateIntervalMs":500,"$$hashKey":"object:2820"},{"text":"%md\n## Find Extreme Words\n\nLet us try to find the most positive and most negative word according to the weights. This can be achieved using a argmin function to find the index and the vocabulary to map the index to the actual word. Unfortunately Scala does not provide an argmin or argmax function out of the box, so we need to create our own.","dateUpdated":"2018-03-24T17:50:22+0000","config":{"editorSetting":{},"editorMode":"ace/mode/markdown","colWidth":12,"editorHide":true,"results":[{"graph":{"mode":"table","height":300,"optionOpen":false,"keys":[],"values":[],"groups":[],"scatter":{}}}],"enabled":true},"settings":{"params":{},"forms":{}},"results":{"code":"SUCCESS","msg":[{"type":"HTML","data":"<h2>Find Extreme Words</h2>\n<p>Let us try to find the most positive and most negative word according to the weights. This can be achieved using a argmin function to find the index and the vocabulary to map the index to the actual word. Unfortunately Scala does not provide an argmin or argmax function out of the box, so we need to create our own.</p>\n"}]},"apps":[],"jobName":"paragraph_1521913822278_766738810","id":"20170129-044426_1753481605","dateCreated":"2018-03-24T17:50:22+0000","status":"READY","errorMessage":"","progressUpdateIntervalMs":500,"$$hashKey":"object:2821"},{"text":"import scala.collection.IndexedSeq\nimport scala.reflect.ClassTag\n\ndef idxmin[X  <% Ordered[X]: ClassTag](seq:IndexedSeq[X]) = {\n    seq.zipWithIndex.minBy(_._1)._2\n}\ndef idxmax[X  <% Ordered[X]: ClassTag](seq:IndexedSeq[X]) = {\n    seq.zipWithIndex.maxBy(_._1)._2\n}","dateUpdated":"2018-03-24T17:50:22+0000","config":{"editorSetting":{"language":"scala","editOnDblClick":false},"colWidth":12,"editorMode":"ace/mode/scala","results":{},"enabled":true,"graph":{"mode":"table","height":300,"optionOpen":false,"keys":[],"values":[],"groups":[],"scatter":{}}},"settings":{"params":{},"forms":{}},"apps":[],"jobName":"paragraph_1521913822279_766354061","id":"20170129-062847_749373872","dateCreated":"2018-03-24T17:50:22+0000","status":"READY","errorMessage":"","progressUpdateIntervalMs":500,"$$hashKey":"object:2822"},{"text":"%md\nWith argmin and argmax in place, we can now find the best and worst words","dateUpdated":"2018-03-24T17:50:22+0000","config":{"editorSetting":{},"editorMode":"ace/mode/markdown","colWidth":12,"editorHide":true,"results":[{"graph":{"mode":"table","height":300,"optionOpen":false,"keys":[],"values":[],"groups":[],"scatter":{}}}],"enabled":true},"settings":{"params":{},"forms":{}},"results":{"code":"SUCCESS","msg":[{"type":"HTML","data":"<p>With argmin and argmax in place, we can now find the best and worst words</p>\n"}]},"apps":[],"jobName":"paragraph_1521913822279_766354061","id":"20170129-062010_1045358891","dateCreated":"2018-03-24T17:50:22+0000","status":"READY","errorMessage":"","progressUpdateIntervalMs":500,"$$hashKey":"object:2823"},{"text":"//val worstWordIndex = argmin(logisticModel.coefficients.toArray.indices, { n:Int => logisticModel.coefficients.toArray(n)} )\nval worstWordIndex = idxmin(logisticModel.coefficients.toArray)\nval worstWord = countVectorizerModel.vocabulary(worstWordIndex)\nval worstWeight = logisticModel.coefficients(worstWordIndex)\nprintln(s\"Worst word: $worstWord value $worstWeight\")\n\n//val bestWordIndex = argmax(logisticModel.coefficients.toArray.indices, { n:Int => logisticModel.coefficients.toArray(n)} )\nval bestWordIndex = idxmax(logisticModel.coefficients.toArray)\nval bestWord = countVectorizerModel.vocabulary(bestWordIndex)\nval bestWeight = logisticModel.coefficients(bestWordIndex)\nprintln(s\"Best word: $bestWord value $bestWeight\")","dateUpdated":"2018-03-24T17:50:22+0000","config":{"editorSetting":{"language":"scala","editOnDblClick":false},"editorMode":"ace/mode/scala","colWidth":12,"results":{},"enabled":true,"graph":{"mode":"table","height":300,"optionOpen":false,"keys":[],"values":[],"groups":[],"scatter":{}}},"settings":{"params":{},"forms":{}},"apps":[],"jobName":"paragraph_1521913822289_773279542","id":"20170129-044442_1516043671","dateCreated":"2018-03-24T17:50:22+0000","status":"READY","errorMessage":"","progressUpdateIntervalMs":500,"$$hashKey":"object:2824"},{"text":"%md\n# Making Predictions\n\nThe primary idea is of course to make predictions of the sentiment using the learned model.\n","dateUpdated":"2018-03-24T17:50:22+0000","config":{"editorSetting":{},"editorMode":"ace/mode/markdown","colWidth":12,"editorHide":true,"results":[{"graph":{"mode":"table","height":300,"optionOpen":false,"keys":[],"values":[],"groups":[],"scatter":{}}}],"enabled":true},"settings":{"params":{},"forms":{}},"results":{"code":"SUCCESS","msg":[{"type":"HTML","data":"<h1>Making Predictions</h1>\n<p>The primary idea is of course to make predictions of the sentiment using the learned model.</p>\n"}]},"apps":[],"jobName":"paragraph_1521913822292_772125295","id":"20170129-044654_1617813197","dateCreated":"2018-03-24T17:50:22+0000","status":"READY","errorMessage":"","progressUpdateIntervalMs":500,"$$hashKey":"object:2825"},{"text":"// YOUR CODE HERE\nval pred = ...\n","dateUpdated":"2018-03-24T17:50:22+0000","config":{"editorSetting":{"language":"scala","editOnDblClick":false},"editorMode":"ace/mode/scala","colWidth":12,"results":{},"enabled":true,"graph":{"mode":"table","height":300,"optionOpen":false,"keys":[],"values":[],"groups":[],"scatter":{}}},"settings":{"params":{},"forms":{}},"apps":[],"jobName":"paragraph_1521913822293_771740546","id":"20170129-044704_1120754047","dateCreated":"2018-03-24T17:50:22+0000","status":"READY","errorMessage":"","progressUpdateIntervalMs":500,"$$hashKey":"object:2826"},{"text":"%md\n# Find the most Positive Review\n\nUsing the column rawPrediction, we can find the review which has the highest positive prediction.\n","dateUpdated":"2018-03-24T17:50:22+0000","config":{"editorSetting":{},"editorMode":"ace/mode/markdown","colWidth":12,"editorHide":true,"results":[{"graph":{"mode":"table","height":300,"optionOpen":false,"keys":[],"values":[],"groups":[],"scatter":{}}}],"enabled":true},"settings":{"params":{},"forms":{}},"results":{"code":"SUCCESS","msg":[{"type":"HTML","data":"<h1>Find the most Positive Review</h1>\n<p>Using the column rawPrediction, we can find the review which has the highest positive prediction.</p>\n"}]},"apps":[],"jobName":"paragraph_1521913822293_771740546","id":"20170129-044715_63959255","dateCreated":"2018-03-24T17:50:22+0000","status":"READY","errorMessage":"","progressUpdateIntervalMs":500,"$$hashKey":"object:2827"},{"text":"import org.apache.spark.ml.linalg.Vector\n// Extract one component from a Vectors\nval extractFromVector = udf{ (v:Vector, i:Integer) => v(i) }\n\n// YOUR CODE HERE\nval positives = ...\n\nz.show()\n    positives.select(col(\"name\"),col(\"review\"),col(\"sentiment\"),col(\"rawPrediction\"),col(\"prediction\")).limit(6)\n)    ","dateUpdated":"2018-03-24T17:50:22+0000","config":{"editorSetting":{"language":"scala","editOnDblClick":false},"editorMode":"ace/mode/scala","colWidth":12,"results":{},"enabled":true,"graph":{"mode":"table","height":300,"optionOpen":false,"keys":[{"name":"name","index":0,"aggr":"sum"}],"values":[{"name":"review","index":1,"aggr":"sum"}],"groups":[],"scatter":{"xAxis":{"name":"name","index":0,"aggr":"sum"},"yAxis":{"name":"review","index":1,"aggr":"sum"}}}},"settings":{"params":{},"forms":{}},"apps":[],"jobName":"paragraph_1521913822294_772894793","id":"20170129-044725_1084497064","dateCreated":"2018-03-24T17:50:22+0000","status":"READY","errorMessage":"","progressUpdateIntervalMs":500,"$$hashKey":"object:2828"},{"text":"%md\n# Evaluation of Prediction\n\nAgain we want to assess the performance of the prediction model. This can be done using the builtin class BinaryClassificationEvaluator.\n","dateUpdated":"2018-03-24T17:50:22+0000","config":{"editorSetting":{},"editorMode":"ace/mode/markdown","colWidth":12,"editorHide":true,"results":[{"graph":{"mode":"table","height":300,"optionOpen":false,"keys":[],"values":[],"groups":[],"scatter":{}}}],"enabled":true},"settings":{"params":{},"forms":{}},"results":{"code":"SUCCESS","msg":[{"type":"HTML","data":"<h1>Evaluation of Prediction</h1>\n<p>Again we want to assess the performance of the prediction model. This can be done using the builtin class BinaryClassificationEvaluator.</p>\n"}]},"apps":[],"jobName":"paragraph_1521913822294_772894793","id":"20170129-044740_1008352335","dateCreated":"2018-03-24T17:50:22+0000","status":"READY","errorMessage":"","progressUpdateIntervalMs":500,"$$hashKey":"object:2829"},{"text":"import org.apache.spark.ml.evaluation.BinaryClassificationEvaluator\n\n// YOUR CODE HERE\nval evaluator = ...\nprintln(evaluator.evaluate(pred))\n","dateUpdated":"2018-03-24T17:50:22+0000","config":{"editorSetting":{"language":"scala","editOnDblClick":false},"editorMode":"ace/mode/scala","colWidth":12,"results":{},"enabled":true,"graph":{"mode":"table","height":300,"optionOpen":false,"keys":[],"values":[],"groups":[],"scatter":{}}},"settings":{"params":{},"forms":{}},"apps":[],"jobName":"paragraph_1521913822295_772510044","id":"20170129-044751_2122449463","dateCreated":"2018-03-24T17:50:22+0000","status":"READY","errorMessage":"","progressUpdateIntervalMs":500,"$$hashKey":"object:2830"},{"text":"%md\n# Custom Evaluator\n\nWe want to use a different metric namely accuracy. Accuracy is defined as\n\nnumber_correct_predictions / total_number_predictions\n\nFirst let us directly calculate that metric\n","dateUpdated":"2018-03-24T17:50:22+0000","config":{"editorSetting":{},"editorMode":"ace/mode/markdown","colWidth":12,"editorHide":true,"results":[{"graph":{"mode":"table","height":300,"optionOpen":false,"keys":[],"values":[],"groups":[],"scatter":{}}}],"enabled":true},"settings":{"params":{},"forms":{}},"results":{"code":"SUCCESS","msg":[{"type":"HTML","data":"<h1>Custom Evaluator</h1>\n<p>We want to use a different metric namely accuracy. Accuracy is defined as</p>\n<p>number_correct_predictions / total_number_predictions</p>\n<p>First let us directly calculate that metric</p>\n"}]},"apps":[],"jobName":"paragraph_1521913822295_772510044","id":"20170129-044803_1942847520","dateCreated":"2018-03-24T17:50:22+0000","status":"READY","errorMessage":"","progressUpdateIntervalMs":500,"$$hashKey":"object:2831"},{"text":"// YOUR CODE HERE\nval numTotal = ...\nval numCorrect = ...\n\nval modelAccuracy = numCorrect.toFloat / numTotal.toFloat\n\nprintln(s\"Model Accuracy: $modelAccuracy\")","dateUpdated":"2018-03-24T17:50:22+0000","config":{"editorSetting":{"language":"scala","editOnDblClick":false},"editorMode":"ace/mode/scala","colWidth":12,"results":{},"enabled":true,"graph":{"mode":"table","height":300,"optionOpen":false,"keys":[],"values":[],"groups":[],"scatter":{}}},"settings":{"params":{},"forms":{}},"apps":[],"jobName":"paragraph_1521913822296_770586299","id":"20170129-044811_586986077","dateCreated":"2018-03-24T17:50:22+0000","status":"READY","errorMessage":"","progressUpdateIntervalMs":500,"$$hashKey":"object:2832"},{"text":"%md\n## Compare with Dummy Predictor\n\nIt is always interesting to see how a trivial prediction performs. The trivial predictor simply predicts the most common class for all objects. In this case this would be a positive review.\n","dateUpdated":"2018-03-24T17:50:22+0000","config":{"editorSetting":{},"editorMode":"ace/mode/markdown","colWidth":12,"editorHide":true,"results":[{"graph":{"mode":"table","height":300,"optionOpen":false,"keys":[],"values":[],"groups":[],"scatter":{}}}],"enabled":true},"settings":{"params":{},"forms":{}},"results":{"code":"SUCCESS","msg":[{"type":"HTML","data":"<h2>Compare with Dummy Predictor</h2>\n<p>It is always interesting to see how a trivial prediction performs. The trivial predictor simply predicts the most common class for all objects. In this case this would be a positive review.</p>\n"}]},"apps":[],"jobName":"paragraph_1521913822296_770586299","id":"20170129-044827_1506840292","dateCreated":"2018-03-24T17:50:22+0000","status":"READY","errorMessage":"","progressUpdateIntervalMs":500,"$$hashKey":"object:2833"},{"text":"// YOUR CODE HERE\nval numTotal = ...\nval numPositive = ...\n\nval baselineAccuracy = numPositive.toFloat / numTotal\n\nprintln(s\"Baseline Accuracy: $baselineAccuracy\")","dateUpdated":"2018-03-24T17:50:22+0000","config":{"editorSetting":{"language":"scala","editOnDblClick":false},"editorMode":"ace/mode/scala","colWidth":12,"results":{},"enabled":true,"graph":{"mode":"table","height":300,"optionOpen":false,"keys":[],"values":[],"groups":[],"scatter":{}}},"settings":{"params":{},"forms":{}},"apps":[],"jobName":"paragraph_1521913822297_770201550","id":"20170129-044840_1725986384","dateCreated":"2018-03-24T17:50:22+0000","status":"READY","errorMessage":"","progressUpdateIntervalMs":500,"$$hashKey":"object:2834"},{"text":"","dateUpdated":"2018-03-24T17:50:22+0000","config":{"editorSetting":{"language":"scala","editOnDblClick":false},"colWidth":12,"editorMode":"ace/mode/scala","results":{},"enabled":true,"graph":{"mode":"table","height":300,"optionOpen":false,"keys":[],"values":[],"groups":[],"scatter":{}}},"settings":{"params":{},"forms":{}},"apps":[],"jobName":"paragraph_1521913822297_770201550","id":"20170129-080247_746419066","dateCreated":"2018-03-24T17:50:22+0000","status":"READY","errorMessage":"","progressUpdateIntervalMs":500,"$$hashKey":"object:2835"}],"name":"Classification - Sentiment Analysis Skeleton","id":"2DC9A2ATE","angularObjects":{"2D98FMAH1:shared_process":[],"2D7JMBHMW:shared_process":[],"2D97KQQMQ:shared_process":[],"2D75J9G8A:shared_process":[],"2D7EN88U2:shared_process":[],"2D9JW72F7:shared_process":[],"2D833H41P:shared_process":[],"2D9GNB6ZN:shared_process":[],"2D6C3QSGG:shared_process":[]},"config":{"looknfeel":"default","personalizedMode":"false"},"info":{}}