﻿{"paragraphs":[{"text":"%md\n## Load Additional Libraries\nFirst we need to load some more Java/Scala libraries for creating good looking images. Either you can execute the following pararaph, or you need to manually add the following dependencies to the Zeppelin Spark Interpreter:\n* org.vegas-viz:vegas_2.11:0.3.11\n* org.vegas-viz:vegas-spark_2.11:0.3.11\n","dateUpdated":"2018-03-20T17:58:05+0000","config":{"tableHide":false,"editorSetting":{"language":"markdown","editOnDblClick":true},"colWidth":12,"editorMode":"ace/mode/markdown","editorHide":true,"results":{},"enabled":true},"settings":{"params":{},"forms":{}},"results":{"code":"SUCCESS","msg":[{"type":"HTML","data":"<h2>Load Additional Libraries</h2>\n<p>First we need to load some more Java/Scala libraries for creating good looking images. Either you can execute the following pararaph, or you need to manually add the following dependencies to the Zeppelin Spark Interpreter:</p>\n<ul>\n<li>org.vegas-viz:vegas_2.11:0.3.11</li>\n<li>org.vegas-viz:vegas-spark_2.11:0.3.11</li>\n</ul>\n"}]},"apps":[],"jobName":"paragraph_1521568685531_-1319240375","id":"20180310-130621_1390836629","dateCreated":"2018-03-20T17:58:05+0000","status":"READY","errorMessage":"","progressUpdateIntervalMs":500,"focus":true,"$$hashKey":"object:27899"},{"text":"%spark.dep\nz.reset()\nz.load(\"org.vegas-viz:vegas_2.11:0.3.11\")\nz.load(\"org.vegas-viz:vegas-spark_2.11:0.3.11\")\n","dateUpdated":"2018-03-20T17:58:05+0000","config":{"colWidth":12,"editorMode":"ace/mode/scala","results":{},"enabled":true,"editorSetting":{"language":"scala","editOnDblClick":false}},"settings":{"params":{},"forms":{}},"results":{"code":"ERROR","msg":[{"type":"TEXT","data":"<console>:28: error: value reset is not a member of org.apache.zeppelin.spark.ZeppelinContext\n       z.reset()\n         ^\n"}]},"apps":[],"jobName":"paragraph_1521568685532_-1321164120","id":"20180224-155112_1250996378","dateCreated":"2018-03-20T17:58:05+0000","status":"READY","errorMessage":"","progressUpdateIntervalMs":500,"$$hashKey":"object:27900"},{"text":"%md\n# Load Data\nFirst we load the data from S3 at `s3://dimajix-training/data/kc-house-data/`. We use the built-in \"csv\" method, which can use the first line has column names and which also supports infering the schema automatically. We use both and save some code for specifying the schema explictly.\n\nWe also peek inside the data by retrieving the first five records.","dateUpdated":"2018-03-20T17:58:51+0000","config":{"tableHide":false,"editorSetting":{"language":"markdown","editOnDblClick":true},"colWidth":12,"editorMode":"ace/mode/markdown","editorHide":true,"results":{},"enabled":true},"settings":{"params":{},"forms":{}},"results":{"code":"SUCCESS","msg":[{"type":"HTML","data":"<div class=\"markdown-body\">\n<h1>Load Data</h1>\n<p>First we load the data from S3 at <code>s3://dimajix-training/data/kc-house-data/</code>. We use the built-in &ldquo;csv&rdquo; method, which can use the first line has column names and which also supports infering the schema automatically. We use both and save some code for specifying the schema explictly.</p>\n<p>We also peek inside the data by retrieving the first five records.</p>\n</div>"}]},"apps":[],"jobName":"paragraph_1521568685532_-1321164120","id":"20180224-150345_1979378836","dateCreated":"2018-03-20T17:58:05+0000","status":"FINISHED","progressUpdateIntervalMs":500,"$$hashKey":"object:27901","user":"anonymous","dateFinished":"2018-03-20T17:58:51+0000","dateStarted":"2018-03-20T17:58:51+0000"},{"text":"val rawData = // YOUR CODE HERE\nz.show(rawData.limit(10))","dateUpdated":"2018-03-20T17:58:28+0000","config":{"colWidth":12,"editorMode":"ace/mode/scala","results":{},"enabled":true,"editorSetting":{"language":"scala","editOnDblClick":false}},"settings":{"params":{},"forms":{}},"apps":[],"jobName":"paragraph_1521568685532_-1321164120","id":"20180224-145450_1588429371","dateCreated":"2018-03-20T17:58:05+0000","status":"READY","errorMessage":"","progressUpdateIntervalMs":500,"$$hashKey":"object:27902"},{"text":"// Inspect Schema\n// YOUR CODE HERE","dateUpdated":"2018-03-20T17:59:18+0000","config":{"colWidth":12,"editorMode":"ace/mode/scala","results":{},"enabled":true,"editorSetting":{"language":"scala","editOnDblClick":false}},"settings":{"params":{},"forms":{}},"apps":[],"jobName":"paragraph_1521568685532_-1321164120","id":"20180224-145537_1151799048","dateCreated":"2018-03-20T17:58:05+0000","status":"READY","errorMessage":"","progressUpdateIntervalMs":500,"$$hashKey":"object:27903"},{"text":"%md\n# Initial Investigations\n\nAs a first step to get an idea of our data, we create some simple visualizations. We use the visualization capabilities built in with Zeppelin\n\n## House Price in Relation to size\n\nProbably one of the most important attributes is the size of the house. This is provided in the data in the column \"sqft_living\". Other interesting attributes include \"sqft_lot\", which is the size of the lot. We also have a look at the dependency between the number of bedrooms and the house price.\n\nWe extract the price column and the size column and create simple scatter plots.\n","dateUpdated":"2018-03-20T17:58:05+0000","config":{"tableHide":false,"editorSetting":{"language":"markdown","editOnDblClick":true},"colWidth":12,"editorMode":"ace/mode/markdown","editorHide":true,"results":{},"enabled":true},"settings":{"params":{},"forms":{}},"results":{"code":"SUCCESS","msg":[{"type":"HTML","data":"<div class=\"markdown-body\">\n<h1>Initial Investigations</h1>\n<p>As a first step to get an idea of our data, we create some simple visualizations. We use the visualization capabilities built in with Zeppelin</p>\n<h2>House Price in Relation to size</h2>\n<p>Probably one of the most important attributes is the size of the house. This is provided in the data in the column &ldquo;sqft_living&rdquo;. Other interesting attributes include &ldquo;sqft_lot&rdquo;, which is the size of the lot. We also have a look at the dependency between the number of bedrooms and the house price.</p>\n<p>We extract the price column and the size column and create simple scatter plots.</p>\n</div>"}]},"apps":[],"jobName":"paragraph_1521568685532_-1321164120","id":"20180224-150558_1355146135","dateCreated":"2018-03-20T17:58:05+0000","status":"READY","errorMessage":"","progressUpdateIntervalMs":500,"$$hashKey":"object:27904"},{"text":"val sample = rawData\n    .sample(false, 0.2)\n    .limit(500)\n    .select(\"sqft_living\",\"price\")\nz.show(sample)","dateUpdated":"2018-03-20T17:58:05+0000","config":{"colWidth":4,"editorMode":"ace/mode/scala","results":{"0":{"graph":{"mode":"scatterChart","height":300,"optionOpen":false},"helium":{}},"1":{"graph":{"mode":"scatterChart","height":300,"optionOpen":false},"helium":{}}},"enabled":true,"editorSetting":{"language":"scala","editOnDblClick":false}},"settings":{"params":{},"forms":{}},"apps":[],"jobName":"paragraph_1521568685532_-1321164120","id":"20180224-150631_1916593617","dateCreated":"2018-03-20T17:58:05+0000","status":"READY","errorMessage":"","progressUpdateIntervalMs":500,"$$hashKey":"object:27905"},{"text":"val sample = rawData\n    .sample(false, 0.2)\n    .limit(500)\n    .select(\"sqft_lot\",\"price\")\nz.show(sample)","dateUpdated":"2018-03-20T17:58:05+0000","config":{"colWidth":4,"editorMode":"ace/mode/scala","results":{"0":{"graph":{"mode":"scatterChart","height":300,"optionOpen":false},"helium":{}},"1":{"graph":{"mode":"scatterChart","height":300,"optionOpen":false},"helium":{}}},"enabled":true,"editorSetting":{"language":"scala","editOnDblClick":false}},"settings":{"params":{},"forms":{}},"apps":[],"jobName":"paragraph_1521568685533_-1321548869","id":"20180224-150725_1870524254","dateCreated":"2018-03-20T17:58:05+0000","status":"READY","errorMessage":"","progressUpdateIntervalMs":500,"$$hashKey":"object:27906"},{"text":"val sample = rawData\n    .sample(false, 0.2)\n    .limit(500)\n    .select(\"bedrooms\",\"price\")\nz.show(sample)","dateUpdated":"2018-03-20T17:58:05+0000","config":{"colWidth":4,"editorMode":"ace/mode/scala","results":{"1":{"graph":{"mode":"scatterChart","height":300,"optionOpen":false},"helium":{}}},"enabled":true,"editorSetting":{"language":"scala","editOnDblClick":false}},"settings":{"params":{},"forms":{}},"apps":[],"jobName":"paragraph_1521568685533_-1321548869","id":"20180224-151033_1318683923","dateCreated":"2018-03-20T17:58:05+0000","status":"READY","errorMessage":"","progressUpdateIntervalMs":500,"$$hashKey":"object:27907"},{"text":"%md\n# Linear Regression\n\nSince there are some obvious correlations between some input variables and the house price, let us perform a simple linear regression. We will perform the following steps:\n\n* Extract so called features from the raw data. The features have to be stored in a new column of type \"Vector\"\n* Train a linear regression model\n","dateUpdated":"2018-03-20T17:58:05+0000","config":{"tableHide":false,"editorSetting":{"language":"markdown","editOnDblClick":true},"colWidth":12,"editorMode":"ace/mode/markdown","editorHide":true,"results":{},"enabled":true},"settings":{"params":{},"forms":{}},"results":{"code":"SUCCESS","msg":[{"type":"HTML","data":"<div class=\"markdown-body\">\n<h1>Linear Regression</h1>\n<p>Since there are some obvious correlations between some input variables and the house price, let us perform a simple linear regression. We will perform the following steps:</p>\n<ul>\n  <li>Extract so called features from the raw data. The features have to be stored in a new column of type &ldquo;Vector&rdquo;</li>\n  <li>Train a linear regression model</li>\n</ul>\n</div>"}]},"apps":[],"jobName":"paragraph_1521568685533_-1321548869","id":"20180224-151441_1763457730","dateCreated":"2018-03-20T17:58:05+0000","status":"READY","errorMessage":"","progressUpdateIntervalMs":500,"$$hashKey":"object:27908"},{"text":"import org.apache.spark.ml.feature._\n\n// Extract features using VectorAssembler\n// YOUR CODE HERE\n","dateUpdated":"2018-03-20T18:00:03+0000","config":{"tableHide":false,"editorSetting":{"language":"scala","editOnDblClick":false},"colWidth":12,"editorMode":"ace/mode/scala","editorHide":false,"results":{},"enabled":true},"settings":{"params":{},"forms":{}},"apps":[],"jobName":"paragraph_1521568685533_-1321548869","id":"20180224-151736_1330959401","dateCreated":"2018-03-20T17:58:05+0000","status":"READY","errorMessage":"","progressUpdateIntervalMs":500,"$$hashKey":"object:27909"},{"text":"// Train linear regression model\nimport org.apache.spark.ml.regression._\n\n// YOUR CODE HERE\n","dateUpdated":"2018-03-20T18:00:18+0000","config":{"colWidth":12,"editorMode":"ace/mode/scala","results":{},"enabled":true,"editorSetting":{"language":"scala","editOnDblClick":false}},"settings":{"params":{},"forms":{}},"apps":[],"jobName":"paragraph_1521568685533_-1321548869","id":"20180224-152010_755847156","dateCreated":"2018-03-20T17:58:05+0000","status":"READY","errorMessage":"","progressUpdateIntervalMs":500,"$$hashKey":"object:27910"},{"text":"%md\n## Inspect Model\n\nLet's inspect the generated linear model. It has two fields, \"intercept\" and \"coefficients\" which completely describe the model.\n\nThe basic formular of the model is\n\n    y = SUM(coeff[i]*x[i]) + intercept\n\nwhere y is the prediction variable, and x[i] are the input feature.","dateUpdated":"2018-03-20T17:58:05+0000","config":{"tableHide":false,"editorSetting":{"language":"markdown","editOnDblClick":true},"colWidth":12,"editorMode":"ace/mode/markdown","editorHide":true,"results":{},"enabled":true},"settings":{"params":{},"forms":{}},"results":{"code":"SUCCESS","msg":[{"type":"HTML","data":"<div class=\"markdown-body\">\n<h2>Inspect Model</h2>\n<p>Let&rsquo;s inspect the generated linear model. It has two fields, &ldquo;intercept&rdquo; and &ldquo;coefficients&rdquo; which completely describe the model.</p>\n<p>The basic formular of the model is</p>\n<pre><code>y = SUM(coeff[i]*x[i]) + intercept\n</code></pre>\n<p>where y is the prediction variable, and x[i] are the input feature.</p>\n</div>"}]},"apps":[],"jobName":"paragraph_1521568685533_-1321548869","id":"20180224-152453_286429597","dateCreated":"2018-03-20T17:58:05+0000","status":"READY","errorMessage":"","progressUpdateIntervalMs":500,"$$hashKey":"object:27911"},{"text":"// YOUR CODE HERE","dateUpdated":"2018-03-20T18:00:26+0000","config":{"colWidth":12,"editorMode":"ace/mode/scala","results":{},"enabled":true,"editorSetting":{"language":"scala","editOnDblClick":false}},"settings":{"params":{},"forms":{}},"apps":[],"jobName":"paragraph_1521568685533_-1321548869","id":"20180224-152517_448107232","dateCreated":"2018-03-20T17:58:05+0000","status":"READY","errorMessage":"","progressUpdateIntervalMs":500,"$$hashKey":"object:27912"},{"text":"%md\n\n## Plotting the Model\n\nLet's create a simple graph displaying the house price in relation to its size. Let us also draw the predicted price.","dateUpdated":"2018-03-20T17:58:05+0000","config":{"tableHide":false,"editorSetting":{"language":"markdown","editOnDblClick":true},"colWidth":12,"editorMode":"ace/mode/markdown","editorHide":true,"results":{},"enabled":true},"settings":{"params":{},"forms":{}},"results":{"code":"SUCCESS","msg":[{"type":"HTML","data":"<div class=\"markdown-body\">\n<h2>Plotting the Model</h2>\n<p>Let&rsquo;s create a simple graph displaying the house price in relation to its size. Let us also draw the predicted price.</p>\n</div>"}]},"apps":[],"jobName":"paragraph_1521568685534_-1320394622","id":"20180224-152602_1749516558","dateCreated":"2018-03-20T17:58:05+0000","status":"READY","errorMessage":"","progressUpdateIntervalMs":500,"$$hashKey":"object:27913"},{"text":"val originalData = rawData.select(col(\"sqft_living\"), col(\"price\"), lit(true).as(\"real\"))\nval modelData = rawData.select(col(\"sqft_living\"),(lit(model.intercept) + col(\"sqft_living\") * model.coefficients(0)).as(\"price\"), lit(false).as(\"real\"))\nval allData = originalData.union(modelData)\nz.show(allData.sample(false, 0.01).limit(300))","dateUpdated":"2018-03-20T17:58:05+0000","config":{"colWidth":12,"editorMode":"ace/mode/scala","results":{"1":{"graph":{"mode":"scatterChart","height":300,"optionOpen":true,"setting":{"scatterChart":{"xAxis":{"name":"sqft_living","index":0,"aggr":"sum"},"yAxis":{"name":"price","index":1,"aggr":"sum"},"group":{"name":"real","index":2,"aggr":"sum"}}}},"helium":{}}},"enabled":true,"editorSetting":{"language":"scala","editOnDblClick":false}},"settings":{"params":{},"forms":{}},"results":{"code":"SUCCESS","msg":[{"type":"TEXT","data":"originalData: org.apache.spark.sql.DataFrame = [sqft_living: int, price: decimal(7,0) ... 1 more field]\nmodelData: org.apache.spark.sql.DataFrame = [sqft_living: int, price: double ... 1 more field]\nallData: org.apache.spark.sql.Dataset[org.apache.spark.sql.Row] = [sqft_living: int, price: double ... 1 more field]\n"},{"type":"TABLE","data":"sqft_living\tprice\treal\n1480\t516500.0\ttrue\n1510\t791500.0\ttrue\n2570\t348000.0\ttrue\n6050\t1600000.0\ttrue\n2390\t565000.0\ttrue\n2000\t380000.0\ttrue\n1560\t303000.0\ttrue\n1810\t465000.0\ttrue\n2360\t577000.0\ttrue\n2110\t285000.0\ttrue\n1810\t550000.0\ttrue\n1782\t326000.0\ttrue\n2380\t340000.0\ttrue\n1040\t234000.0\ttrue\n2180\t612000.0\ttrue\n2340\t210000.0\ttrue\n2400\t403500.0\ttrue\n940\t370000.0\ttrue\n1700\t335000.0\ttrue\n2310\t785000.0\ttrue\n1210\t450000.0\ttrue\n3770\t872000.0\ttrue\n1410\t399500.0\ttrue\n2240\t649000.0\ttrue\n1090\t190000.0\ttrue\n670\t157500.0\ttrue\n2170\t550000.0\ttrue\n2830\t999000.0\ttrue\n1470\t638000.0\ttrue\n2100\t600000.0\ttrue\n1050\t210000.0\ttrue\n5370\t884900.0\ttrue\n1360\t222000.0\ttrue\n2620\t672000.0\ttrue\n2250\t645000.0\ttrue\n3770\t1495000.0\ttrue\n2070\t535000.0\ttrue\n2150\t530000.0\ttrue\n1100\t178000.0\ttrue\n1990\t715000.0\ttrue\n1250\t318000.0\ttrue\n1250\t294000.0\ttrue\n1650\t390000.0\ttrue\n1180\t425000.0\ttrue\n1600\t690000.0\ttrue\n2240\t610000.0\ttrue\n1540\t624000.0\ttrue\n1910\t650000.0\ttrue\n1670\t235000.0\ttrue\n1740\t560000.0\ttrue\n3030\t766950.0\ttrue\n3010\t419000.0\ttrue\n1790\t583000.0\ttrue\n910\t219900.0\ttrue\n1330\t235000.0\ttrue\n2310\t600000.0\ttrue\n3160\t555000.0\ttrue\n880\t280000.0\ttrue\n1180\t400000.0\ttrue\n1840\t490000.0\ttrue\n1680\t377000.0\ttrue\n1920\t475000.0\ttrue\n3440\t554000.0\ttrue\n770\t217000.0\ttrue\n1480\t243000.0\ttrue\n2870\t465000.0\ttrue\n2420\t649950.0\ttrue\n1620\t275000.0\ttrue\n1330\t443500.0\ttrue\n2170\t565000.0\ttrue\n2680\t830200.0\ttrue\n2300\t738500.0\ttrue\n1940\t565000.0\ttrue\n1210\t345000.0\ttrue\n2010\t570000.0\ttrue\n1520\t369950.0\ttrue\n2440\t499000.0\ttrue\n3840\t970000.0\ttrue\n1730\t258000.0\ttrue\n1590\t249000.0\ttrue\n2760\t375000.0\ttrue\n1510\t250000.0\ttrue\n1590\t720000.0\ttrue\n1300\t431000.0\ttrue\n2510\t860000.0\ttrue\n980\t499950.0\ttrue\n950\t305000.0\ttrue\n1850\t245000.0\ttrue\n1570\t447450.0\ttrue\n1570\t550000.0\ttrue\n1980\t272000.0\ttrue\n1380\t240000.0\ttrue\n2880\t1100000.0\ttrue\n2330\t689000.0\ttrue\n1463\t390000.0\ttrue\n2560\t552625.0\ttrue\n1560\t254000.0\ttrue\n1390\t354000.0\ttrue\n1690\t462500.0\ttrue\n3440\t740000.0\ttrue\n1640\t170500.0\ttrue\n2370\t535950.0\ttrue\n2360\t445000.0\ttrue\n2220\t392000.0\ttrue\n1920\t417000.0\ttrue\n1360\t238000.0\ttrue\n1510\t265000.0\ttrue\n2060\t558000.0\ttrue\n2350\t598850.0\ttrue\n2400\t280000.0\ttrue\n1990\t256750.0\ttrue\n1940\t700000.0\ttrue\n1790\t790000.0\ttrue\n1250\t259875.0\ttrue\n1440\t232000.0\ttrue\n1250\t275000.0\ttrue\n1380\t380000.0\ttrue\n1180\t215000.0\ttrue\n2220\t785000.0\ttrue\n3650\t1195000.0\ttrue\n3840\t1462500.0\ttrue\n1440\t490000.0\ttrue\n2440\t312000.0\ttrue\n910\t305000.0\ttrue\n1770\t606150.0\ttrue\n2040\t575000.0\ttrue\n1500\t436000.0\ttrue\n2750\t550000.0\ttrue\n1460\t245000.0\ttrue\n3370\t2300000.0\ttrue\n2840\t739000.0\ttrue\n1480\t310000.0\ttrue\n2140\t340000.0\ttrue\n1960\t575000.0\ttrue\n1460\t444000.0\ttrue\n1940\t635000.0\ttrue\n1600\t502000.0\ttrue\n2110\t1031000.0\ttrue\n1700\t384000.0\ttrue\n1250\t575000.0\ttrue\n3080\t300000.0\ttrue\n3230\t714000.0\ttrue\n1140\t476000.0\ttrue\n2150\t490000.0\ttrue\n1930\t435000.0\ttrue\n2090\t352000.0\ttrue\n2010\t500000.0\ttrue\n1930\t345000.0\ttrue\n1350\t310000.0\ttrue\n2000\t267000.0\ttrue\n2870\t570000.0\ttrue\n1330\t239000.0\ttrue\n2056\t289000.0\ttrue\n1480\t235000.0\ttrue\n2440\t699000.0\ttrue\n1340\t239000.0\ttrue\n1500\t244000.0\ttrue\n2650\t325000.0\ttrue\n1750\t329950.0\ttrue\n1430\t375000.0\ttrue\n2090\t355900.0\ttrue\n4400\t1120000.0\ttrue\n1160\t336000.0\ttrue\n3300\t510000.0\ttrue\n1250\t500000.0\ttrue\n1820\t345000.0\ttrue\n1800\t285000.0\ttrue\n1880\t300000.0\ttrue\n2510\t1950000.0\ttrue\n2780\t815000.0\ttrue\n1430\t279000.0\ttrue\n3180\t439000.0\ttrue\n2230\t736500.0\ttrue\n1440\t550000.0\ttrue\n1760\t500000.0\ttrue\n2320\t525000.0\ttrue\n1500\t480000.0\ttrue\n1380\t209950.0\ttrue\n2600\t540000.0\ttrue\n1640\t226500.0\ttrue\n1990\t776000.0\ttrue\n1670\t418000.0\ttrue\n930\t306000.0\ttrue\n1200\t400000.0\ttrue\n1900\t343500.0\ttrue\n4820\t1063000.0\ttrue\n2430\t372000.0\ttrue\n1560\t465000.0\ttrue\n3085\t359000.0\ttrue\n1740\t350000.0\ttrue\n2060\t607000.0\ttrue\n2120\t612000.0\ttrue\n2240\t497000.0\ttrue\n1610\t313500.0\ttrue\n2620\t394250.0\ttrue\n1080\t395000.0\ttrue\n2100\t580000.0\ttrue\n1590\t399950.0\ttrue\n3640\t932990.0\ttrue\n2170\t695000.0\ttrue\n2310\t739000.0\ttrue\n5635\t950000.0\ttrue\n2432\t427000.0\ttrue\n2242\t310000.0\ttrue\n3500\t998000.0\ttrue\n3350\t844000.0\ttrue\n1070\t256950.0\ttrue\n2450\t660000.0\ttrue\n1130\t411000.0\ttrue\n4590\t1720000.0\ttrue\n2520\t610685.0\ttrue\n1280\t315617.4238142597\tfalse\n1050\t251074.00319784664\tfalse\n2440\t641140.7625752996\tfalse\n3500\t938601.7445465947\tfalse\n1670\t425060.6152942645\tfalse\n1800\t461541.67912093276\tfalse\n800\t180918.11122348462\tfalse\n2180\t568178.6349219631\tfalse\n1940\t500828.9786265755\tfalse\n1130\t273523.8886296425\tfalse\n3450\t924570.5661517222\tfalse\n2550\t672009.355044019\tfalse\n1150\t279136.35998759145\tfalse\n2620\t691653.0047968403\tfalse\n2740\t725327.832944534\tfalse\n3830\t1031207.5219527525\tfalse\n1646\t418325.64966472576\tfalse\n1590\t402610.72986246867\tfalse\n1240\t304392.4810983618\tfalse\n3300\t882477.0309671051\tfalse\n2680\t708490.4188706871\tfalse\n3530\t947020.4515835181\tfalse\n1130\t273523.8886296425\tfalse\n4350\t1177131.7772594255\tfalse\n1250\t307198.71677733626\tfalse\n1300\t321229.89517220866\tfalse\n1740\t444704.2650470859\tfalse\n1580\t399804.4941834942\tfalse\n2620\t691653.0047968403\tfalse\n1400\t349292.2519619535\tfalse\n1620\t411029.4368993921\tfalse\n1240\t304392.4810983618\tfalse\n3940\t1062076.1144214717\tfalse\n2550\t672009.355044019\tfalse\n3670\t986307.7510891608\tfalse\n1770\t453122.9720840093\tfalse\n1240\t304392.4810983618\tfalse\n1110\t267911.4172716935\tfalse\n1200\t293167.53838246386\tfalse\n4220\t1140650.7134327574\tfalse\n1950\t503635.2143055499\tfalse\n1640\t416641.90825734107\tfalse\n2990\t795483.7249188961\tfalse\n1490\t374548.3730727238\tfalse\n1230\t301586.2454193873\tfalse\n2290\t599047.2273906824\tfalse\n2890\t767421.3681291513\tfalse\n2260\t590628.5203537589\tfalse\n1640\t416641.90825734107\tfalse\n1726\t440775.5350965216\tfalse\n1900\t489604.0359106776\tfalse\n1490\t374548.3730727238\tfalse\n850\t194949.28961835703\tfalse\n2580\t680428.0620809423\tfalse\n3260\t871252.0882512071\tfalse\n1630\t413835.6725783666\tfalse\n2980\t792677.4892399216\tfalse\n1740\t444704.2650470859\tfalse\n2210\t576597.3419588866\tfalse\n670\t144437.04739681634\tfalse\n1940\t500828.9786265755\tfalse\n2620\t691653.0047968403\tfalse\n1500\t377354.6087516983\tfalse\n1340\t332454.8378881066\tfalse\n750\t166886.9328286122\tfalse\n1940\t500828.9786265755\tfalse\n1290\t318423.6594932342\tfalse\n2430\t638334.5268963252\tfalse\n1010\t239849.06048194872\tfalse\n1090\t262298.94591374457\tfalse\n1810\t464347.91479990724\tfalse\n2080\t540116.2781322183\tfalse\n700\t152855.75443373978\tfalse\n1894\t487920.2945032928\tfalse\n1580\t399804.4941834942\tfalse\n940\t220205.41072912735\tfalse\n2250\t587822.2846747845\tfalse\n3920\t1056463.6430635229\tfalse\n2240\t585016.04899581\tfalse\n1510\t380160.84443067276\tfalse\n1750\t447510.50072606036\tfalse\n1900\t489604.0359106776\tfalse\n810\t183724.3469024591\tfalse\n1500\t377354.6087516983\tfalse\n2430\t638334.5268963252\tfalse\n1100\t265105.18159271905\tfalse\n2640\t697265.4761547892\tfalse\n1110\t267911.4172716935\tfalse\n2340\t613078.4057855548\tfalse\n"}]},"apps":[],"jobName":"paragraph_1521568685534_-1320394622","id":"20180224-152743_1740182201","dateCreated":"2018-03-20T17:58:05+0000","status":"READY","errorMessage":"","progressUpdateIntervalMs":500,"$$hashKey":"object:27914"},{"text":"%md\n## Plot the Model using Vega\n\nAs it turns out, this simple requirement is already too much for Zeppelins built in visualization capabilities. But there is another Scala visualization library called Vega which is much more powerful (and faster)","dateUpdated":"2018-03-20T17:58:05+0000","config":{"tableHide":false,"editorSetting":{"language":"markdown","editOnDblClick":true},"colWidth":12,"editorMode":"ace/mode/markdown","editorHide":true,"results":{},"enabled":true},"settings":{"params":{},"forms":{}},"results":{"code":"SUCCESS","msg":[{"type":"HTML","data":"<div class=\"markdown-body\">\n<h2>Plot the Model using Vega</h2>\n<p>As it turns out, this simple requirement is already too much for Zeppelins built in visualization capabilities. But there is another Scala visualization library called Vega which is much more powerful (and faster)</p>\n</div>"}]},"apps":[],"jobName":"paragraph_1521568685534_-1320394622","id":"20180303-133538_458099168","dateCreated":"2018-03-20T17:58:05+0000","status":"READY","errorMessage":"","progressUpdateIntervalMs":500,"$$hashKey":"object:27915"},{"text":"import vegas._\nimport vegas.sparkExt._\n\nimplicit val render = vegas.render.ShowHTML(s => print(\"%html \" + s))","dateUpdated":"2018-03-20T17:58:05+0000","config":{"colWidth":12,"editorMode":"ace/mode/scala","results":{},"enabled":true,"editorSetting":{"language":"scala","editOnDblClick":false}},"settings":{"params":{},"forms":{}},"apps":[],"jobName":"paragraph_1521568685534_-1320394622","id":"20180225-152400_1302673573","dateCreated":"2018-03-20T17:58:05+0000","status":"READY","errorMessage":"","progressUpdateIntervalMs":500,"$$hashKey":"object:27916"},{"text":"val combinedData = rawData.withColumn(\"model\", (lit(model.intercept) + col(\"sqft_living\") * model.coefficients(0)))\n\nVegas.layered(\"Plots both real data and model data\").\n  withDataFrame(combinedData).\n  withLayers(\n    Layer().\n      mark(Point).\n      encodeX(\"sqft_living\", Quantitative).\n      encodeY(\"price\", Quantitative),\n    Layer().\n      mark(Line).\n      configMark(color=\"red\").\n      encodeX(\"sqft_living\", Quantitative).\n      encodeY(\"model\", Quantitative)\n  ).\n  show","dateUpdated":"2018-03-20T17:58:05+0000","config":{"colWidth":12,"editorMode":"ace/mode/scala","results":{},"enabled":true,"editorSetting":{"language":"scala","editOnDblClick":false}},"settings":{"params":{},"forms":{}},"apps":[],"jobName":"paragraph_1521568685534_-1320394622","id":"20180225-145858_1971198211","dateCreated":"2018-03-20T17:58:05+0000","status":"READY","errorMessage":"","progressUpdateIntervalMs":500,"$$hashKey":"object:27917"},{"text":"%md\n## Use Prediction Method of Model\n\nSince it is cumbersome to perform the calculation of the model ourselves, and since this clearly violates the principles of information hiding, the trained model also provides a method called `transform` which performs any calculation required to predict the house prices. It assumes that the input again has the field called `features` where we collected the houses size.\n\nThe `transform` method will create a new DataFrame containing all incoming columns plus a `prediction` column (the name of the column can also be changed when the model is trained)","dateUpdated":"2018-03-20T17:58:05+0000","config":{"tableHide":false,"editorSetting":{"language":"markdown","editOnDblClick":true},"colWidth":12,"editorMode":"ace/mode/markdown","editorHide":true,"results":{},"enabled":true},"settings":{"params":{},"forms":{}},"results":{"code":"SUCCESS","msg":[{"type":"HTML","data":"<div class=\"markdown-body\">\n<h2>Use Prediction Method of Model</h2>\n<p>Since it is cumbersome to perform the calculation of the model ourselves, and since this clearly violates the principles of information hiding, the trained model also provides a method called <code>transform</code> which performs any calculation required to predict the house prices. It assumes that the input again has the field called <code>features</code> where we collected the houses size.</p>\n<p>The <code>transform</code> method will create a new DataFrame containing all incoming columns plus a <code>prediction</code> column (the name of the column can also be changed when the model is trained)</p>\n</div>"}]},"apps":[],"jobName":"paragraph_1521568685534_-1320394622","id":"20180225-171133_1519901114","dateCreated":"2018-03-20T17:58:05+0000","status":"READY","errorMessage":"","progressUpdateIntervalMs":500,"$$hashKey":"object:27918"},{"text":"// YOUR CODE HERE","dateUpdated":"2018-03-20T18:01:03+0000","config":{"colWidth":12,"editorMode":"ace/mode/scala","results":{},"enabled":true,"editorSetting":{"language":"scala","editOnDblClick":false}},"settings":{"params":{},"forms":{}},"apps":[],"jobName":"paragraph_1521568685534_-1320394622","id":"20180303-133326_1963650391","dateCreated":"2018-03-20T17:58:05+0000","status":"READY","errorMessage":"","progressUpdateIntervalMs":500,"$$hashKey":"object:27919"},{"text":"z.show(pred.limit(50))","dateUpdated":"2018-03-20T17:58:05+0000","config":{"colWidth":12,"editorMode":"ace/mode/scala","results":{},"enabled":true,"editorSetting":{"language":"scala","editOnDblClick":false}},"settings":{"params":{},"forms":{}},"apps":[],"jobName":"paragraph_1521568685534_-1320394622","id":"20180303-134209_2131363639","dateCreated":"2018-03-20T17:58:05+0000","status":"READY","errorMessage":"","progressUpdateIntervalMs":500,"$$hashKey":"object:27920"},{"text":"%md\n## Plot the Result\nAgain we make a plot of the predicted data. It should precisely match the manually calculated prediction.","dateUpdated":"2018-03-20T17:58:05+0000","config":{"tableHide":false,"editorSetting":{"language":"markdown","editOnDblClick":true},"colWidth":12,"editorMode":"ace/mode/markdown","editorHide":true,"results":{},"enabled":true},"settings":{"params":{},"forms":{}},"results":{"code":"SUCCESS","msg":[{"type":"HTML","data":"<div class=\"markdown-body\">\n<h2>Plot the Result</h2>\n<p>Again we make a plot of the predicted data. It should precisely match the manually calculated prediction.</p>\n</div>"}]},"apps":[],"jobName":"paragraph_1521568685535_-1320779371","id":"20180303-134152_1401803215","dateCreated":"2018-03-20T17:58:05+0000","status":"READY","errorMessage":"","progressUpdateIntervalMs":500,"$$hashKey":"object:27921"},{"text":"Vegas.layered(\"Plots both real data and model data\").\n  withDataFrame(pred).\n  withLayers(\n    Layer().\n      mark(Point).\n      encodeX(\"sqft_living\", Quantitative).\n      encodeY(\"price\", Quantitative),\n    Layer().\n      mark(Line).\n      configMark(color=\"red\").\n      encodeX(\"sqft_living\", Quantitative).\n      encodeY(\"prediction\", Quantitative)\n  ).\n  show","dateUpdated":"2018-03-20T17:58:05+0000","config":{"colWidth":12,"editorMode":"ace/mode/scala","results":{},"enabled":true,"editorSetting":{"language":"scala","editOnDblClick":false}},"settings":{"params":{},"forms":{}},"apps":[],"jobName":"paragraph_1521568685535_-1320779371","id":"20180303-133741_197113445","dateCreated":"2018-03-20T17:58:05+0000","status":"READY","errorMessage":"","progressUpdateIntervalMs":500,"$$hashKey":"object:27922"},{"text":"%md\n# Evaluate Goodness of Fit\n\nNow that we have a model, which tells us how much a house should cost in relation to its size, we want to measure how good we actually approximate the real data with our model.\n\nA typical measure for regressions is the *Root Mean Squared Error* or *RMSE* for short. It is defined as\n\n    SQRT( SUM( (real_value - prediction)² ) / n )\n    \nWe can use simple DataFrame functions and aggregations to calculate this netric","dateUpdated":"2018-03-20T17:58:05+0000","config":{"tableHide":false,"editorSetting":{"language":"markdown","editOnDblClick":true},"colWidth":12,"editorMode":"ace/mode/markdown","editorHide":true,"results":{},"enabled":true},"settings":{"params":{},"forms":{}},"results":{"code":"SUCCESS","msg":[{"type":"HTML","data":"<div class=\"markdown-body\">\n<h1>Evaluate Goodness of Fit</h1>\n<p>Now that we have a model, which tells us how much a house should cost in relation to its size, we want to measure how good we actually approximate the real data with our model.</p>\n<p>A typical measure for regressions is the <em>Root Mean Squared Error</em> or <em>RMSE</em> for short. It is defined as</p>\n<pre><code>SQRT( SUM( (real_value - prediction)² ) / n )\n</code></pre>\n<p>We can use simple DataFrame functions and aggregations to calculate this netric</p>\n</div>"}]},"apps":[],"jobName":"paragraph_1521568685535_-1320779371","id":"20180225-170942_648665140","dateCreated":"2018-03-20T17:58:05+0000","status":"READY","errorMessage":"","progressUpdateIntervalMs":500,"$$hashKey":"object:27923"},{"text":"// We calculate the RMSE metric using DataFrame transformations\n// YOUR CODE HERE","dateUpdated":"2018-03-20T18:01:43+0000","config":{"colWidth":12,"editorMode":"ace/mode/scala","results":{},"enabled":true,"editorSetting":{"language":"scala","editOnDblClick":false}},"settings":{"params":{},"forms":{}},"apps":[],"jobName":"paragraph_1521568685535_-1320779371","id":"20180303-135124_1588441915","dateCreated":"2018-03-20T17:58:05+0000","status":"READY","errorMessage":"","progressUpdateIntervalMs":500,"$$hashKey":"object:27924"},{"text":"%md\n## Using Built-In Evaluator\n\nSince this Metric is omnipresent, Spark contains a small utility class which also performs the calculation for us (and also supports a couple of other mertrics)","dateUpdated":"2018-03-20T17:58:05+0000","config":{"tableHide":false,"editorSetting":{"language":"markdown","editOnDblClick":true},"colWidth":12,"editorMode":"ace/mode/markdown","editorHide":true,"results":{},"enabled":true},"settings":{"params":{},"forms":{}},"results":{"code":"SUCCESS","msg":[{"type":"HTML","data":"<div class=\"markdown-body\">\n<h2>Using Built-In Evaluator</h2>\n<p>Since this Metric is omnipresent, Spark contains a small utility class which also performs the calculation for us (and also supports a couple of other mertrics)</p>\n</div>"}]},"apps":[],"jobName":"paragraph_1521568685535_-1320779371","id":"20180303-135849_710845466","dateCreated":"2018-03-20T17:58:05+0000","status":"READY","errorMessage":"","progressUpdateIntervalMs":500,"$$hashKey":"object:27925"},{"text":"import org.apache.spark.ml.evaluation._\n\n// YOUR CODE HERE","dateUpdated":"2018-03-20T18:01:49+0000","config":{"colWidth":12,"editorMode":"ace/mode/scala","results":{},"enabled":true,"editorSetting":{"language":"scala","editOnDblClick":false}},"settings":{"params":{},"forms":{}},"apps":[],"jobName":"paragraph_1521568685535_-1320779371","id":"20180303-135352_5952771","dateCreated":"2018-03-20T17:58:05+0000","status":"READY","errorMessage":"","progressUpdateIntervalMs":500,"$$hashKey":"object:27926"},{"text":"%md\n# Adding more Features\nThe RMSE tells us that on average our prediction actually performs pretty bad. How can we improve that? Obviously we used only the size of the house for the price prediction so far, but we have a whole lot of additional information. So let's make use of that. The mathematical idea is that we create a more complex (but still linear) model that also includes other features.\n\nLet's recall that a linear  model looks as follows:\n\n    y = SUM(coeff[i]*x[i]) + intercept\n    \nThis means that we are not limited to single feature `x`, but we can use many features `x[0]...x[n]`. Let's do that with the house data!","dateUpdated":"2018-03-20T17:58:05+0000","config":{"tableHide":false,"editorSetting":{"language":"markdown","editOnDblClick":true},"colWidth":12,"editorMode":"ace/mode/markdown","editorHide":true,"results":{},"enabled":true},"settings":{"params":{},"forms":{}},"results":{"code":"SUCCESS","msg":[{"type":"HTML","data":"<div class=\"markdown-body\">\n<h1>Adding more Features</h1>\n<p>The RMSE tells us that on average our prediction actually performs pretty bad. How can we improve that? Obviously we used only the size of the house for the price prediction so far, but we have a whole lot of additional information. So let&rsquo;s make use of that. The mathematical idea is that we create a more complex (but still linear) model that also includes other features.</p>\n<p>Let&rsquo;s recall that a linear model looks as follows:</p>\n<pre><code>y = SUM(coeff[i]*x[i]) + intercept\n</code></pre>\n<p>This means that we are not limited to single feature <code>x</code>, but we can use many features <code>x[0]...x[n]</code>. Let&rsquo;s do that with the house data!</p>\n</div>"}]},"apps":[],"jobName":"paragraph_1521568685535_-1320779371","id":"20180303-140614_1726950739","dateCreated":"2018-03-20T17:58:05+0000","status":"READY","errorMessage":"","progressUpdateIntervalMs":500,"$$hashKey":"object:27927"},{"text":"rawData.printSchema","dateUpdated":"2018-03-20T17:58:05+0000","config":{"colWidth":12,"editorMode":"ace/mode/scala","results":{},"enabled":true,"editorSetting":{"language":"scala","editOnDblClick":false}},"settings":{"params":{},"forms":{}},"apps":[],"jobName":"paragraph_1521568685535_-1320779371","id":"20180303-141056_524994228","dateCreated":"2018-03-20T17:58:05+0000","status":"READY","errorMessage":"","progressUpdateIntervalMs":500,"$$hashKey":"object:27928"},{"text":"// Extract features using VectorAssembler\n// The following features should be extracted: \"bedrooms\", \"bathrooms\", \"sqft_living\", \"sqft_lot\", \"floors\", \"waterfront\", \"view\", \"condition\", \"grade\", \"sqft_above\", \"sqft_basement\", \"yr_built\", \"yr_renovated\", \"sqft_living15\", \"sqft_lot15\"\nval vectorAssembler = new VectorAssembler()\n    .setInputCols(/* YOUR CODE HERE */)\n    .setOutputCol(/* YOUR CODE HERE */)\nval features = // YOUR CODE HERE\n\nz.show(features.limit(10))","dateUpdated":"2018-03-20T18:03:53+0000","config":{"colWidth":12,"editorMode":"ace/mode/scala","results":{},"enabled":true,"editorSetting":{"language":"scala","editOnDblClick":false}},"settings":{"params":{},"forms":{}},"apps":[],"jobName":"paragraph_1521568685536_-1335015080","id":"20180303-141030_2110222935","dateCreated":"2018-03-20T17:58:05+0000","status":"READY","errorMessage":"","progressUpdateIntervalMs":500,"$$hashKey":"object:27929"},{"text":"// Train the Model\n// YOUR CODE HERE","dateUpdated":"2018-03-20T18:02:17+0000","config":{"colWidth":12,"editorMode":"ace/mode/scala","results":{},"enabled":true,"editorSetting":{"language":"scala","editOnDblClick":false}},"settings":{"params":{},"forms":{}},"apps":[],"jobName":"paragraph_1521568685536_-1335015080","id":"20180303-141311_467196882","dateCreated":"2018-03-20T17:58:05+0000","status":"READY","errorMessage":"","progressUpdateIntervalMs":500,"$$hashKey":"object:27930"},{"text":"val pred = model.transform(features)\nval rmse = evaluator.evaluate(pred)\n\nprintln(s\"RMSE = $rmse\")","dateUpdated":"2018-03-20T17:58:05+0000","config":{"colWidth":12,"editorMode":"ace/mode/scala","results":{},"enabled":true,"editorSetting":{"language":"scala","editOnDblClick":false}},"settings":{"params":{},"forms":{}},"apps":[],"jobName":"paragraph_1521568685536_-1335015080","id":"20180303-141343_1507151443","dateCreated":"2018-03-20T17:58:05+0000","status":"READY","errorMessage":"","progressUpdateIntervalMs":500,"$$hashKey":"object:27931"},{"text":"%md\n# Splitting Data: Training and Validation Sets\n\nNow we have a (very simple) linear model which can be used for prediction. We also know its average prediction error (RMSE) - but there is a problem with our approach. Actually we only know how well the model is fit to the data which was used for fitting the model. We do not know how well this model works with houses that it did not see during the fitting process.\n\nTherefore we split up all the data randomly into two separate data sets:\n* One set for training\n* Another set for measruing the models performance on new data","dateUpdated":"2018-03-20T17:58:05+0000","config":{"tableHide":false,"editorSetting":{"language":"markdown","editOnDblClick":true},"colWidth":12,"editorMode":"ace/mode/markdown","editorHide":true,"results":{},"enabled":true},"settings":{"params":{},"forms":{}},"results":{"code":"SUCCESS","msg":[{"type":"HTML","data":"<div class=\"markdown-body\">\n<h1>Splitting Data: Training and Validation Sets</h1>\n<p>Now we have a (very simple) linear model which can be used for prediction. We also know its average prediction error (RMSE) - but there is a problem with our approach. Actually we only know how well the model is fit to the data which was used for fitting the model. We do not know how well this model works with houses that it did not see during the fitting process.</p>\n<p>Therefore we split up all the data randomly into two separate data sets:<br/>* One set for training<br/>* Another set for measruing the models performance on new data</p>\n</div>"}]},"apps":[],"jobName":"paragraph_1521568685536_-1335015080","id":"20180225-145738_2033473355","dateCreated":"2018-03-20T17:58:05+0000","status":"READY","errorMessage":"","progressUpdateIntervalMs":500,"$$hashKey":"object:27932"},{"text":"// Split the data - 80% for training, 20% for validation\n// YOUR CODE HERE\n\nprintln(s\"traingData = ${trainData.count}\")\nprintln(s\"validationData = ${validationData.count}\")","dateUpdated":"2018-03-20T18:04:23+0000","config":{"colWidth":12,"editorMode":"ace/mode/scala","results":{},"enabled":true,"editorSetting":{"language":"scala","editOnDblClick":false}},"settings":{"params":{},"forms":{}},"apps":[],"jobName":"paragraph_1521568685536_-1335015080","id":"20180304-103415_198808093","dateCreated":"2018-03-20T17:58:05+0000","status":"READY","errorMessage":"","progressUpdateIntervalMs":500,"$$hashKey":"object:27933"},{"text":"%md\n## Create Model with Training Data","dateUpdated":"2018-03-20T17:58:05+0000","config":{"tableHide":false,"editorSetting":{"language":"markdown","editOnDblClick":true},"colWidth":12,"editorMode":"ace/mode/markdown","editorHide":true,"results":{},"enabled":true},"settings":{"params":{},"forms":{}},"results":{"code":"SUCCESS","msg":[{"type":"HTML","data":"<div class=\"markdown-body\">\n<h2>Create Model with Training Data</h2>\n</div>"}]},"apps":[],"jobName":"paragraph_1521568685536_-1335015080","id":"20180225-172430_28070874","dateCreated":"2018-03-20T17:58:05+0000","status":"READY","errorMessage":"","progressUpdateIntervalMs":500,"$$hashKey":"object:27934"},{"text":"val vectorAssembler = new VectorAssembler()\n    .setInputCols(Array(\"bedrooms\", \"bathrooms\", \"sqft_living\", \"sqft_lot\", \"floors\", \"waterfront\", \"view\", \"condition\", \"grade\", \"sqft_above\", \"sqft_basement\", \"yr_built\", \"yr_renovated\", \"sqft_living15\", \"sqft_lot15\"))\n    .setOutputCol(\"features\")\nval features = vectorAssembler.transform(trainData)\n\nval regression = new LinearRegression()\nregression.setFeaturesCol(\"features\")\nregression.setLabelCol(\"price\")\nval model = regression.fit(features)\n","dateUpdated":"2018-03-20T17:58:05+0000","config":{"colWidth":12,"editorMode":"ace/mode/scala","results":{},"enabled":true,"editorSetting":{"language":"scala","editOnDblClick":false}},"settings":{"params":{},"forms":{}},"apps":[],"jobName":"paragraph_1521568685536_-1335015080","id":"20180304-103603_258606228","dateCreated":"2018-03-20T17:58:05+0000","status":"READY","errorMessage":"","progressUpdateIntervalMs":500,"$$hashKey":"object:27935"},{"text":"%md\n## Evaluate Model using Validation Data","dateUpdated":"2018-03-20T17:58:05+0000","config":{"tableHide":false,"editorSetting":{"language":"markdown","editOnDblClick":true},"colWidth":12,"editorMode":"ace/mode/markdown","editorHide":true,"results":{},"enabled":true},"settings":{"params":{},"forms":{}},"results":{"code":"SUCCESS","msg":[{"type":"HTML","data":"<div class=\"markdown-body\">\n<h2>Evaluate Model using Validation Data</h2>\n</div>"}]},"apps":[],"jobName":"paragraph_1521568685537_-1335399829","id":"20180225-172447_1125298691","dateCreated":"2018-03-20T17:58:05+0000","status":"READY","errorMessage":"","progressUpdateIntervalMs":500,"$$hashKey":"object:27936"},{"text":"val features = vectorAssembler.transform(validationData)\nval pred = model.transform(features)\nval rmse = evaluator.evaluate(pred)\n\nprintln(s\"RMSE = $rmse\")\n","dateUpdated":"2018-03-20T17:58:05+0000","config":{"colWidth":12,"editorMode":"ace/mode/scala","results":{},"enabled":true,"editorSetting":{"language":"scala","editOnDblClick":false}},"settings":{"params":{},"forms":{}},"apps":[],"jobName":"paragraph_1521568685537_-1335399829","id":"20180304-103618_2081842754","dateCreated":"2018-03-20T17:58:05+0000","status":"READY","errorMessage":"","progressUpdateIntervalMs":500,"$$hashKey":"object:27937"},{"dateUpdated":"2018-03-20T17:58:05+0000","config":{"colWidth":12,"editorMode":"ace/mode/scala","results":{},"enabled":true,"editorSetting":{"language":"scala","editOnDblClick":false}},"settings":{"params":{},"forms":{}},"apps":[],"jobName":"paragraph_1521568685537_-1335399829","id":"20180310-125739_1025770034","dateCreated":"2018-03-20T17:58:05+0000","status":"READY","errorMessage":"","progressUpdateIntervalMs":500,"$$hashKey":"object:27938"}],"name":"Linear Regression - Predicting House Prices Skeleton","id":"2D8G14Q57","angularObjects":{"2D8DSN3N4:shared_process":[],"2D7W55G1J:shared_process":[],"2DA3X6UGN:shared_process":[],"2D9HTU14T:shared_process":[],"2DBA6X8JB:shared_process":[],"2DBSCZXK2:shared_process":[],"2D9M853BP:shared_process":[],"2DAXFQ4X2:shared_process":[],"2DB3TEGGU:shared_process":[]},"config":{"looknfeel":"default","personalizedMode":"false"},"info":{}}