REPORT_ID,INTERFACE_ID,REPORT_NAME,REPORT_DESC,FILE_NAME,FILE_PATH,FILE_TYPE,DELIMITER,COLUMN_REF,FILTER,COLUMN_GROUP,COLUMN_HAVING,COLUMN_ORDER
1001,1,Sales_generated_by_MNC_Employees,Sales generated by MNC employees where unit_price greater than 38 ,Sales_Of_MNC,/home/cloudera/Q4_Asset_Components/4.Sample/4.4.Sample_report,delimiter,"\,",100013|100007|100008,100012='Hyderabad' ,100013|100008|100014,100008>38 ,100008
1002,1,Customer_Names_with_Maximum_Sales,This report gives customer names with maximum sales,Maximum_Sales,/home/cloudera/Q4_Asset_Components/4.Sample/4.4.Sample_report,delimiter,"\,",100010|100004,,100010,,
1003,1,Product_Category_and_Product_Sub_Category ,Displays customer names for  product_category  and product_sub_category ,Customer_Names,/home/cloudera/Q4_Asset_Components/4.Sample/4.4.Sample_report,delimiter,"\,",100010,100014 ='Office Supplies' AND 100015='Paper',,,
1004,1,Shipping_Cost_Classifies_High_or_Low,It displays whether shipping cost is high or low,Shipping_Cost,/home/cloudera/Q4_Asset_Components/4.Sample/4.4.Sample_report,delimiter,"\,",100010|100011|100009,,,,
1005,1,Product_Name_and_Priority_in_Hyderabad,Report to generate product name and priority in Hyderabad,Names_Of_Product_Priority,/home/cloudera/Q4_Asset_Components/4.Sample/4.4.Sample_report,delimiter,"\,",100016|100002,100012='Hyderabad',,,
1014,1,Corporate_Customers,Report to generate corporate customers,Maximum_Sales_Of_Corporate,/home/cloudera/Q4_Asset_Components/4.Sample/4.4.Sample_report,delimiter,"\,",100013|100007|100008,100012='Hyderabad',100013|100008,100008>38,100008
1015,1,Loyalty_Customers,Report to generate loyalty customers,List_Of_Loyalty_Customers,/home/cloudera/Q4_Asset_Components/4.Sample/4.4.Sample_report,delimiter,"\,",100004,,100012,,100004
1016,1,Sum_of_Sales,Report to get sum of sales,Sum_Of_Sales,/home/cloudera/Q4_Asset_Components/4.Sample/4.4.Sample_report,delimiter,"\,",100000|100001|100002|100003|100005|100004,,100000|100001|100002|100003|100005,,100001
1017,1,Region_Province_Applied_Concat_Trim,Report to get region and province,List_Of_Region_Province,/home/cloudera/Q4_Asset_Components/4.Sample/4.4.Sample_report,delimiter,"\,",100012|100011,,,,
1018,2,Maximum_Salary_Of_Employee,It generates maximum salary of employee with respect to their departments,Maximum_Employee_Salary,/home/cloudera/Q4_Asset_Components/4.Sample/4.4.Sample_report,delimiter,"\,",100000|100002,,100000|100003,,
1019,2,Employees_with_HPS_Department,It generates the details of employees who belongs to HPS department,Employees_with_HPS_Department,/home/cloudera/Q4_Asset_Components/4.Sample/4.4.Sample_report,delimiter,"\,",100000|100001|100003|100004,100004='HPS',,,
1020,2,Employee_Name_Department_Name,It generates all employee and department names ,Employees_And_Departments_Names,/home/cloudera/Q4_Asset_Components/4.Sample/4.4.Sample_report,delimiter,"\,",100001|100004,,,,
1021,1,Incorrect_Data,Incorrect_Data,Incorrect_Data,/home/cloudera/Q4_Asset_Components/4.Sample/4.4.Sample_report,delimiter,"\,",MAX,,,,
1022,1,Product_Details_Belongs_SmallBox,Report to get all product details like its order id order date discount product name and its category whose product container as Small Box,Product_Details_Of_SmallBox_Category,/home/cloudera/Q4_Asset_Components/4.Sample/4.4.Sample_report,delimiter,"\,",100000|100001|100005|100016|100014,100017='Small Box',,,
1023,1,Sum_of_Sales_Fixed_Length,Report to get sum of sales with fixed length,Sum_Of_Sales_fixed_length,/home/cloudera/Q4_Asset_Components/4.Sample/4.4.Sample_report,fixed_length,,100000|100001|100002|100003|100005|100004,,100000|100001|100002|100003|100005,,100001
1024,1,Corporate_Customers_Fixed_Length,Report to generate corporate customers with fixed length,Maximum_Sales_corporate_fixed_length,/home/cloudera/Q4_Asset_Components/4.Sample/4.4.Sample_report,fixed_length,,100013|100007|100008,100012='Hyderabad',100013|100008,100008>38,100008
