COLUMN_ID,TABLE_ID,COLUMN_NAME,COLUMN_DESC,COLUMN_LENGTH,BUSNS_COLUMN_NAME
100000,11,order_id,stores Order ID,1,Order_ID
100001,11,order_date,stores Order Date,11,Order_Date
100002,11,order_priority,stores Order Priority,2,Order_Priority
100003,11,order_quantity,stores Order Quantity,2,Order_Quantity
100004,11,sales,stores Sales,6,Sales
100005,11,discount,stores Discount,4,Discount
100006,11,ship_mode,stores Ship Mode,10,Ship_Mode
100007,11,profit,stores Profit,5,Profit
100008,11,unit_price,stores Unit Price,5,Unit_Price
100009,11,shipping_cost,stores Shipping Cost,3,Shipping_Cost
100010,11,customer_name,stores Customer Name,20,Customer_Name
100011,11,province,stores Province,5,Province
100012,11,region,stores Region,5,Region
100013,11,customer_segment,stores Customer Segment,10,Customer_Segment
100014,11,product_category,stores Product Category,5,Product_Category
100015,11,product_sub_category,stores Product Sub-Category,5,Product_Sub-Category
100016,11,product_name,stores Product Name,10,Product_Name
100017,11,product_container,stores Product Container,2,Product_Container
100018,11,product_base_margin,stores Product Base Margin,4,Product_Base_Margin
100019,11,ship_date,stores Shipping Date,11,Ship_Date
100000,22,Emp_ID,It Identifies as unique id in table,2,Employee_ID
100001,22,Emp_Name,It indicates Employee name,10,Employee_Name
100002,22,Emp_Salary,It represents the Employee Salary,4,Employee_Salary
100003,22,Dept_ID,It contains Department ID,2,Department_ID
100004,22,Dept_Name,It indicates Department name,5,Department_Name
