﻿REPORT_ID,COLUMN_ID,COLUMN_FORMAT,BUSNS_COLUMN_NAME
1001,100013,concat(100013|100014),Product_Information
1001,100007,MAX(100007),Maximum_Profit
1002,100004,MAX(100004),Maximum_Sales
1004,100009,case WHEN 100009 = 0 THEN 'No Price' WHEN 100009 > 0 AND shipping_cost <= 20 THEN 'Low' WHEN 100009 > 20 AND 100009 <= 100 THEN 'Medium' ELSE 'UNLISTED' END,
1014,100013,if(100013='Corporate'|'IT_sectot'|'invalid'),
1014,100007,MAX(100007),Maximum_Profit
1015,100004,MAX(100004),Loyalty_customer
1016,100002,TRIM(100002),
1016,100003,COALESCE(100003|0),
1016,100004,SUM(100004),TOTAL_SALES
1017,100012,TRIM(100012),
1017,100011,concat(100012|100011),Address
1018,100002,MAX(100002),Maximum_Salary
1022,100016,TRIM(100016),
1023,100003,COALESCE(100003|0),
1023,100004,SUM(100004),
1024,100013,if(100013='Corporate'|'IT_sectot'|'invalid'),
1024,100007,MAX(100007),Maximum_Profit
