﻿{"paragraphs":[{"text":"%md\n# Hive Preparations\n\nIn order to ease working with the data, we register all data as Hive tables.\n","dateUpdated":"2017-02-12T12:55:06+0000","config":{"editorMode":"ace/mode/markdown","colWidth":12,"editorHide":true,"enabled":true,"graph":{"mode":"table","height":300,"optionOpen":false,"keys":[],"values":[],"groups":[],"scatter":{}}},"settings":{"params":{},"forms":{}},"jobName":"paragraph_1486904106735_1957337454","id":"20160619-114738_1462617315","result":{"code":"SUCCESS","type":"HTML","msg":"<h1>Hive Preparations</h1>\n<p>In order to ease working with the data, we register all data as Hive tables.</p>\n"},"dateCreated":"2017-02-12T12:55:06+0000","status":"READY","errorMessage":"","progressUpdateIntervalMs":500,"$$hashKey":"object:229"},{"text":"// Common data location - adjust if not correct\nval storageLocation = \"s3://dimajix-training/data/weather\"","dateUpdated":"2017-02-12T12:55:43+0000","config":{"editorMode":"ace/mode/scala","colWidth":12,"enabled":true,"graph":{"mode":"table","height":300,"optionOpen":false,"keys":[],"values":[],"groups":[],"scatter":{}}},"settings":{"params":{},"forms":{}},"jobName":"paragraph_1486904106739_1968110423","id":"20160619-114758_1740637924","dateCreated":"2017-02-12T12:55:06+0000","status":"FINISHED","errorMessage":"","progressUpdateIntervalMs":500,"$$hashKey":"object:230","dateFinished":"2017-02-12T12:55:44+0000","dateStarted":"2017-02-12T12:55:43+0000","focus":true},{"text":"%sql\ncreate database if not exists training","dateUpdated":"2017-02-12T12:55:46+0000","config":{"colWidth":12,"editorMode":"ace/mode/sql","tableHide":true,"enabled":true,"graph":{"mode":"table","height":300,"optionOpen":false,"keys":[{"name":"result","index":0,"aggr":"sum"}],"values":[],"groups":[],"scatter":{"xAxis":{"name":"result","index":0,"aggr":"sum"}}}},"settings":{"params":{},"forms":{}},"jobName":"paragraph_1486904106740_1966186679","id":"20160619-114810_771181326","result":{"code":"SUCCESS","type":"TEXT","msg":""},"dateCreated":"2017-02-12T12:55:06+0000","status":"FINISHED","progressUpdateIntervalMs":500,"$$hashKey":"object:231","dateFinished":"2017-02-12T12:55:46+0000","dateStarted":"2017-02-12T12:55:46+0000","focus":true},{"text":"%md\n# Creating Hive tables for Weather Data\n\nSince the weather data itself is not a simple CSV format, but something more complex, we chose a two step approach:\n\n1. Create a simple table, where the data files are presented as simple text records. Each line is a full record\n2. Create a VIEW on top of the table, which will extract the desired parameters from the raw data.\n\nSicne we have multiple years, we also partition the raw data table by year.\n","dateUpdated":"2017-02-12T12:55:06+0000","config":{"editorMode":"ace/mode/markdown","colWidth":12,"editorHide":true,"enabled":true,"graph":{"mode":"table","height":300,"optionOpen":false,"keys":[],"values":[],"groups":[],"scatter":{}}},"settings":{"params":{},"forms":{}},"jobName":"paragraph_1486904106740_1966186679","id":"20160619-114820_778185717","result":{"code":"SUCCESS","type":"HTML","msg":"<h1>Creating Hive tables for Weather Data</h1>\n<p>Since the weather data itself is not a simple CSV format, but something more complex, we chose a two step approach:</p>\n<ol>\n<li>Create a simple table, where the data files are presented as simple text records. Each line is a full record</li>\n<li>Create a VIEW on top of the table, which will extract the desired parameters from the raw data.</li>\n</ol>\n<p>Sicne we have multiple years, we also partition the raw data table by year.</p>\n"},"dateCreated":"2017-02-12T12:55:06+0000","status":"READY","errorMessage":"","progressUpdateIntervalMs":500,"$$hashKey":"object:232"},{"text":"%sql\ncreate external table if not exists training.weather_raw (\n    data string\n)\npartitioned by(year string) \nstored as textfile\nlocation 's3://dimajix-training/data/weather'","dateUpdated":"2017-02-12T12:56:16+0000","config":{"colWidth":12,"editorMode":"ace/mode/sql","enabled":true,"graph":{"mode":"table","height":300,"optionOpen":false,"keys":[],"values":[],"groups":[],"scatter":{}}},"settings":{"params":{},"forms":{}},"jobName":"paragraph_1486904106740_1966186679","id":"20160619-114844_18533926","dateCreated":"2017-02-12T12:55:06+0000","status":"FINISHED","errorMessage":"","progressUpdateIntervalMs":500,"$$hashKey":"object:233","dateFinished":"2017-02-12T12:56:21+0000","dateStarted":"2017-02-12T12:56:17+0000","focus":true},{"text":"%sql\nCREATE VIEW IF NOT EXISTS training.weather AS\nSELECT \n    year,\n    SUBSTR(`data`,5,6) AS `usaf`,\n    SUBSTR(`data`,11,5) AS `wban`, \n    SUBSTR(`data`,16,8) AS `date`, \n    SUBSTR(`data`,24,4) AS `time`,\n    SUBSTR(`data`,42,5) AS report_type,\n    SUBSTR(`data`,61,3) AS wind_direction, \n    SUBSTR(`data`,64,1) AS wind_direction_qual, \n    SUBSTR(`data`,65,1) AS wind_observation, \n    CAST(SUBSTR(`data`,66,4) AS FLOAT)/10 AS wind_speed,\n    SUBSTR(`data`,70,1) AS wind_speed_qual,\n    CAST(SUBSTR(`data`,88,5) AS FLOAT)/10 AS air_temperature, \n    SUBSTR(`data`,93,1) AS air_temperature_qual \nFROM training.weather_raw","dateUpdated":"2017-02-12T12:56:24+0000","config":{"colWidth":12,"editorMode":"ace/mode/sql","tableHide":true,"enabled":true,"graph":{"mode":"table","height":300,"optionOpen":false,"keys":[{"name":"result","index":0,"aggr":"sum"}],"values":[],"groups":[],"scatter":{"xAxis":{"name":"result","index":0,"aggr":"sum"}}}},"settings":{"params":{},"forms":{}},"jobName":"paragraph_1486904106740_1966186679","id":"20160619-114909_384067971","result":{"code":"SUCCESS","type":"TEXT","msg":""},"dateCreated":"2017-02-12T12:55:06+0000","status":"FINISHED","progressUpdateIntervalMs":500,"$$hashKey":"object:234","dateFinished":"2017-02-12T12:56:25+0000","dateStarted":"2017-02-12T12:56:24+0000","focus":true},{"text":"%md\n# Adding Data Partitions\n\nNow we need to add all data as partitions. Since this would be somewhat tedious to do it over and over again for every partition, we remember that we know how to program and let Scala do the work for us.\n","dateUpdated":"2017-02-12T12:55:06+0000","config":{"editorMode":"ace/mode/markdown","colWidth":12,"editorHide":true,"enabled":true,"graph":{"mode":"table","height":300,"optionOpen":false,"keys":[],"values":[],"groups":[],"scatter":{}}},"settings":{"params":{},"forms":{}},"jobName":"paragraph_1486904106741_1965801930","id":"20160619-114922_1448406615","result":{"code":"SUCCESS","type":"HTML","msg":"<h1>Adding Data Partitions</h1>\n<p>Now we need to add all data as partitions. Since this would be somewhat tedious to do it over and over again for every partition, we remember that we know how to program and let Scala do the work for us.</p>\n"},"dateCreated":"2017-02-12T12:55:06+0000","status":"READY","errorMessage":"","progressUpdateIntervalMs":500,"$$hashKey":"object:235"},{"text":"(2003 to 2014) map {i => sqlContext.sql(s\"alter table training.weather_raw add partition(year='${i}') location '${storageLocation}/${i}'\") }","dateUpdated":"2017-02-12T12:56:30+0000","config":{"colWidth":12,"editorMode":"ace/mode/scala","enabled":true,"graph":{"mode":"table","height":300,"optionOpen":false,"keys":[],"values":[],"groups":[],"scatter":{}}},"settings":{"params":{},"forms":{}},"jobName":"paragraph_1486904106741_1965801930","id":"20160619-114933_141460573","dateCreated":"2017-02-12T12:55:06+0000","status":"FINISHED","errorMessage":"","progressUpdateIntervalMs":500,"$$hashKey":"object:236","dateFinished":"2017-02-12T12:56:41+0000","dateStarted":"2017-02-12T12:56:30+0000","focus":true},{"text":"%sql\nselect * from training.weather limit 10","dateUpdated":"2017-02-12T12:56:49+0000","config":{"editorMode":"ace/mode/sql","colWidth":12,"enabled":true,"graph":{"mode":"table","height":300,"optionOpen":false,"keys":[],"values":[],"groups":[],"scatter":{}}},"settings":{"params":{},"forms":{}},"jobName":"paragraph_1486904106741_1965801930","id":"20160619-115008_1097524665","result":{"code":"SUCCESS","type":"TABLE","msg":"year\tusaf\twban\tdate\ttime\treport_type\twind_direction\twind_direction_qual\twind_observation\twind_speed\twind_speed_qual\tair_temperature\tair_temperature_qual\n2010\t010015\t99999\t20100101\t1220\tFM-15\t110\t1\tN\t5.7\t1\t-5.0\t1\n2010\t010015\t99999\t20100101\t1250\tFM-15\t110\t1\tN\t4.6\t1\t-5.0\t1\n2010\t010015\t99999\t20100101\t1320\tFM-15\t110\t1\tN\t4.1\t1\t-5.0\t1\n2010\t010015\t99999\t20100101\t1350\tFM-15\t100\t1\tN\t2.6\t1\t-6.0\t1\n2010\t010015\t99999\t20100101\t1420\tFM-15\t080\t1\tN\t3.1\t1\t-7.0\t1\n2010\t010015\t99999\t20100101\t1450\tFM-15\t080\t1\tN\t4.1\t1\t-6.0\t1\n2010\t010015\t99999\t20100101\t1520\tFM-15\t100\t1\tN\t6.2\t1\t-6.0\t1\n2010\t010015\t99999\t20100101\t1550\tFM-15\t090\t1\tN\t2.6\t1\t-6.0\t1\n2010\t010015\t99999\t20100101\t1650\tFM-15\t090\t1\tN\t2.6\t1\t-8.0\t1\n2010\t010015\t99999\t20100101\t1750\tFM-15\t120\t1\tN\t4.1\t1\t-6.0\t1\n","comment":"","msgTable":[[{"key":"usaf","value":"2010"},{"key":"usaf","value":"010015"},{"key":"usaf","value":"99999"},{"key":"usaf","value":"20100101"},{"key":"usaf","value":"1220"},{"key":"usaf","value":"FM-15"},{"key":"usaf","value":"110"},{"key":"usaf","value":"1"},{"key":"usaf","value":"N"},{"key":"usaf","value":"5.7"},{"key":"usaf","value":"1"},{"key":"usaf","value":"-5.0"},{"key":"usaf","value":"1"}],[{"key":"wban","value":"2010"},{"key":"wban","value":"010015"},{"key":"wban","value":"99999"},{"key":"wban","value":"20100101"},{"key":"wban","value":"1250"},{"key":"wban","value":"FM-15"},{"key":"wban","value":"110"},{"key":"wban","value":"1"},{"key":"wban","value":"N"},{"key":"wban","value":"4.6"},{"key":"wban","value":"1"},{"key":"wban","value":"-5.0"},{"key":"wban","value":"1"}],[{"key":"date","value":"2010"},{"key":"date","value":"010015"},{"key":"date","value":"99999"},{"key":"date","value":"20100101"},{"key":"date","value":"1320"},{"key":"date","value":"FM-15"},{"key":"date","value":"110"},{"key":"date","value":"1"},{"key":"date","value":"N"},{"key":"date","value":"4.1"},{"key":"date","value":"1"},{"key":"date","value":"-5.0"},{"key":"date","value":"1"}],[{"key":"time","value":"2010"},{"key":"time","value":"010015"},{"key":"time","value":"99999"},{"key":"time","value":"20100101"},{"key":"time","value":"1350"},{"key":"time","value":"FM-15"},{"key":"time","value":"100"},{"key":"time","value":"1"},{"key":"time","value":"N"},{"key":"time","value":"2.6"},{"key":"time","value":"1"},{"key":"time","value":"-6.0"},{"key":"time","value":"1"}],[{"key":"report_type","value":"2010"},{"key":"report_type","value":"010015"},{"key":"report_type","value":"99999"},{"key":"report_type","value":"20100101"},{"key":"report_type","value":"1420"},{"key":"report_type","value":"FM-15"},{"key":"report_type","value":"080"},{"key":"report_type","value":"1"},{"key":"report_type","value":"N"},{"key":"report_type","value":"3.1"},{"key":"report_type","value":"1"},{"key":"report_type","value":"-7.0"},{"key":"report_type","value":"1"}],[{"key":"wind_direction","value":"2010"},{"key":"wind_direction","value":"010015"},{"key":"wind_direction","value":"99999"},{"key":"wind_direction","value":"20100101"},{"key":"wind_direction","value":"1450"},{"key":"wind_direction","value":"FM-15"},{"key":"wind_direction","value":"080"},{"key":"wind_direction","value":"1"},{"key":"wind_direction","value":"N"},{"key":"wind_direction","value":"4.1"},{"key":"wind_direction","value":"1"},{"key":"wind_direction","value":"-6.0"},{"key":"wind_direction","value":"1"}],[{"key":"wind_direction_qual","value":"2010"},{"key":"wind_direction_qual","value":"010015"},{"key":"wind_direction_qual","value":"99999"},{"key":"wind_direction_qual","value":"20100101"},{"key":"wind_direction_qual","value":"1520"},{"key":"wind_direction_qual","value":"FM-15"},{"key":"wind_direction_qual","value":"100"},{"key":"wind_direction_qual","value":"1"},{"key":"wind_direction_qual","value":"N"},{"key":"wind_direction_qual","value":"6.2"},{"key":"wind_direction_qual","value":"1"},{"key":"wind_direction_qual","value":"-6.0"},{"key":"wind_direction_qual","value":"1"}],[{"key":"wind_observation","value":"2010"},{"key":"wind_observation","value":"010015"},{"key":"wind_observation","value":"99999"},{"key":"wind_observation","value":"20100101"},{"key":"wind_observation","value":"1550"},{"key":"wind_observation","value":"FM-15"},{"key":"wind_observation","value":"090"},{"key":"wind_observation","value":"1"},{"key":"wind_observation","value":"N"},{"key":"wind_observation","value":"2.6"},{"key":"wind_observation","value":"1"},{"key":"wind_observation","value":"-6.0"},{"key":"wind_observation","value":"1"}],[{"key":"wind_speed","value":"2010"},{"key":"wind_speed","value":"010015"},{"key":"wind_speed","value":"99999"},{"key":"wind_speed","value":"20100101"},{"key":"wind_speed","value":"1650"},{"key":"wind_speed","value":"FM-15"},{"key":"wind_speed","value":"090"},{"key":"wind_speed","value":"1"},{"key":"wind_speed","value":"N"},{"key":"wind_speed","value":"2.6"},{"key":"wind_speed","value":"1"},{"key":"wind_speed","value":"-8.0"},{"key":"wind_speed","value":"1"}],[{"key":"wind_speed_qual","value":"2010"},{"key":"wind_speed_qual","value":"010015"},{"key":"wind_speed_qual","value":"99999"},{"key":"wind_speed_qual","value":"20100101"},{"key":"wind_speed_qual","value":"1750"},{"key":"wind_speed_qual","value":"FM-15"},{"key":"wind_speed_qual","value":"120"},{"key":"wind_speed_qual","value":"1"},{"key":"wind_speed_qual","value":"N"},{"key":"wind_speed_qual","value":"4.1"},{"key":"wind_speed_qual","value":"1"},{"key":"wind_speed_qual","value":"-6.0"},{"key":"wind_speed_qual","value":"1"}]],"columnNames":[{"name":"year","index":0,"aggr":"sum"},{"name":"usaf","index":1,"aggr":"sum"},{"name":"wban","index":2,"aggr":"sum"},{"name":"date","index":3,"aggr":"sum"},{"name":"time","index":4,"aggr":"sum"},{"name":"report_type","index":5,"aggr":"sum"},{"name":"wind_direction","index":6,"aggr":"sum"},{"name":"wind_direction_qual","index":7,"aggr":"sum"},{"name":"wind_observation","index":8,"aggr":"sum"},{"name":"wind_speed","index":9,"aggr":"sum"},{"name":"wind_speed_qual","index":10,"aggr":"sum"},{"name":"air_temperature","index":11,"aggr":"sum"},{"name":"air_temperature_qual","index":12,"aggr":"sum"}],"rows":[["2010","010015","99999","20100101","1220","FM-15","110","1","N","5.7","1","-5.0","1"],["2010","010015","99999","20100101","1250","FM-15","110","1","N","4.6","1","-5.0","1"],["2010","010015","99999","20100101","1320","FM-15","110","1","N","4.1","1","-5.0","1"],["2010","010015","99999","20100101","1350","FM-15","100","1","N","2.6","1","-6.0","1"],["2010","010015","99999","20100101","1420","FM-15","080","1","N","3.1","1","-7.0","1"],["2010","010015","99999","20100101","1450","FM-15","080","1","N","4.1","1","-6.0","1"],["2010","010015","99999","20100101","1520","FM-15","100","1","N","6.2","1","-6.0","1"],["2010","010015","99999","20100101","1550","FM-15","090","1","N","2.6","1","-6.0","1"],["2010","010015","99999","20100101","1650","FM-15","090","1","N","2.6","1","-8.0","1"],["2010","010015","99999","20100101","1750","FM-15","120","1","N","4.1","1","-6.0","1"]]},"dateCreated":"2017-02-12T12:55:06+0000","status":"FINISHED","progressUpdateIntervalMs":500,"$$hashKey":"object:237","dateFinished":"2017-02-12T12:57:00+0000","dateStarted":"2017-02-12T12:56:49+0000","focus":true},{"text":"%md\n# Creating Table for Station Metadata\n\nFortunately station metadata is stored as CSV, so we can directly create a table.\n","dateUpdated":"2017-02-12T12:55:06+0000","config":{"editorMode":"ace/mode/markdown","colWidth":12,"editorHide":true,"enabled":true,"graph":{"mode":"table","height":300,"optionOpen":false,"keys":[],"values":[],"groups":[],"scatter":{}}},"settings":{"params":{},"forms":{}},"jobName":"paragraph_1486904106755_2048138195","id":"20160619-115019_744364180","result":{"code":"SUCCESS","type":"HTML","msg":"<h1>Creating Table for Station Metadata</h1>\n<p>Fortunately station metadata is stored as CSV, so we can directly create a table.</p>\n"},"dateCreated":"2017-02-12T12:55:06+0000","status":"READY","errorMessage":"","progressUpdateIntervalMs":500,"$$hashKey":"object:238"},{"text":"%sql\nCREATE EXTERNAL TABLE IF NOT EXISTS training.stations(\n    usaf STRING,\n    wban STRING,\n    name STRING,\n    country STRING,\n    state STRING,\n    icao STRING,\n    latitude FLOAT,\n    longitude FLOAT,\n    elevation FLOAT,\n    date_begin STRING,\n    date_end STRING) \nROW FORMAT SERDE 'org.apache.hadoop.hive.serde2.OpenCSVSerde'\nWITH SERDEPROPERTIES (\n   \"separatorChar\" = \",\",\n   \"quoteChar\"     = \"\\\"\",\n   \"escapeChar\"    = \"\\\\\"\n)\nSTORED AS TEXTFILE\nLOCATION 's3://dimajix-training/data/weather/isd-history'","dateUpdated":"2017-02-12T12:55:06+0000","config":{"colWidth":12,"editorMode":"ace/mode/sql","tableHide":true,"enabled":true,"graph":{"mode":"table","height":300,"optionOpen":false,"keys":[{"name":"result","index":0,"aggr":"sum"}],"values":[],"groups":[],"scatter":{"xAxis":{"name":"result","index":0,"aggr":"sum"}}}},"settings":{"params":{},"forms":{}},"jobName":"paragraph_1486904106757_2045829701","id":"20160619-115022_122343840","result":{"code":"SUCCESS","type":"TABLE","msg":"result\n","comment":"","msgTable":[],"columnNames":[{"name":"result","index":0,"aggr":"sum"}],"rows":[]},"dateCreated":"2017-02-12T12:55:06+0000","status":"READY","errorMessage":"","progressUpdateIntervalMs":500,"$$hashKey":"object:239"},{"text":"%sql\nselect * from training.stations limit 10","dateUpdated":"2017-02-12T12:55:06+0000","config":{"colWidth":12,"editorMode":"ace/mode/sql","enabled":true,"graph":{"mode":"table","height":300,"optionOpen":false,"keys":[{"name":"usaf","index":0,"aggr":"sum"}],"values":[{"name":"wban","index":1,"aggr":"sum"}],"groups":[],"scatter":{"xAxis":{"name":"usaf","index":0,"aggr":"sum"},"yAxis":{"name":"wban","index":1,"aggr":"sum"}}}},"settings":{"params":{},"forms":{}},"jobName":"paragraph_1486904106757_2045829701","id":"20160619-115140_8003514","result":{"code":"SUCCESS","type":"TABLE","msg":"usaf\twban\tname\tcountry\tstate\ticao\tlatitude\tlongitude\televation\tdate_begin\tdate_end\nUSAF\tWBAN\tSTATION NAME\tCTRY\tSTATE\tICAO\tLAT\tLON\tELEV(M)\tBEGIN\tEND\n007005\t99999\tCWOS 07005\t\t\t\t\t\t\t20120127\t20120127\n007011\t99999\tCWOS 07011\t\t\t\t\t\t\t20111025\t20121129\n007018\t99999\tWXPOD 7018\t\t\t\t+00.000\t+000.000\t+7018.0\t20110309\t20130730\n007025\t99999\tCWOS 07025\t\t\t\t\t\t\t20120127\t20120127\n007026\t99999\tWXPOD 7026\tAF\t\t\t+00.000\t+000.000\t+7026.0\t20120713\t20141120\n007034\t99999\tCWOS 07034\t\t\t\t\t\t\t20121024\t20121106\n007037\t99999\tCWOS 07037\t\t\t\t\t\t\t20111202\t20121125\n007044\t99999\tCWOS 07044\t\t\t\t\t\t\t20120127\t20120127\n007047\t99999\tCWOS 07047\t\t\t\t\t\t\t20120613\t20120717\n","comment":"","msgTable":[[{"key":"wban","value":"USAF"},{"key":"wban","value":"WBAN"},{"key":"wban","value":"STATION NAME"},{"key":"wban","value":"CTRY"},{"key":"wban","value":"STATE"},{"key":"wban","value":"ICAO"},{"key":"wban","value":"LAT"},{"key":"wban","value":"LON"},{"key":"wban","value":"ELEV(M)"},{"key":"wban","value":"BEGIN"},{"key":"wban","value":"END"}],[{"key":"name","value":"007005"},{"key":"name","value":"99999"},{"key":"name","value":"CWOS 07005"},{"key":"name","value":""},{"key":"name","value":""},{"key":"name","value":""},{"key":"name","value":""},{"key":"name","value":""},{"key":"name","value":""},{"key":"name","value":"20120127"},{"key":"name","value":"20120127"}],[{"key":"country","value":"007011"},{"key":"country","value":"99999"},{"key":"country","value":"CWOS 07011"},{"key":"country","value":""},{"key":"country","value":""},{"key":"country","value":""},{"key":"country","value":""},{"key":"country","value":""},{"key":"country","value":""},{"key":"country","value":"20111025"},{"key":"country","value":"20121129"}],[{"key":"state","value":"007018"},{"key":"state","value":"99999"},{"key":"state","value":"WXPOD 7018"},{"key":"state","value":""},{"key":"state","value":""},{"key":"state","value":""},{"key":"state","value":"+00.000"},{"key":"state","value":"+000.000"},{"key":"state","value":"+7018.0"},{"key":"state","value":"20110309"},{"key":"state","value":"20130730"}],[{"key":"icao","value":"007025"},{"key":"icao","value":"99999"},{"key":"icao","value":"CWOS 07025"},{"key":"icao","value":""},{"key":"icao","value":""},{"key":"icao","value":""},{"key":"icao","value":""},{"key":"icao","value":""},{"key":"icao","value":""},{"key":"icao","value":"20120127"},{"key":"icao","value":"20120127"}],[{"key":"latitude","value":"007026"},{"key":"latitude","value":"99999"},{"key":"latitude","value":"WXPOD 7026"},{"key":"latitude","value":"AF"},{"key":"latitude","value":""},{"key":"latitude","value":""},{"key":"latitude","value":"+00.000"},{"key":"latitude","value":"+000.000"},{"key":"latitude","value":"+7026.0"},{"key":"latitude","value":"20120713"},{"key":"latitude","value":"20141120"}],[{"key":"longitude","value":"007034"},{"key":"longitude","value":"99999"},{"key":"longitude","value":"CWOS 07034"},{"key":"longitude","value":""},{"key":"longitude","value":""},{"key":"longitude","value":""},{"key":"longitude","value":""},{"key":"longitude","value":""},{"key":"longitude","value":""},{"key":"longitude","value":"20121024"},{"key":"longitude","value":"20121106"}],[{"key":"elevation","value":"007037"},{"key":"elevation","value":"99999"},{"key":"elevation","value":"CWOS 07037"},{"key":"elevation","value":""},{"key":"elevation","value":""},{"key":"elevation","value":""},{"key":"elevation","value":""},{"key":"elevation","value":""},{"key":"elevation","value":""},{"key":"elevation","value":"20111202"},{"key":"elevation","value":"20121125"}],[{"key":"date_begin","value":"007044"},{"key":"date_begin","value":"99999"},{"key":"date_begin","value":"CWOS 07044"},{"key":"date_begin","value":""},{"key":"date_begin","value":""},{"key":"date_begin","value":""},{"key":"date_begin","value":""},{"key":"date_begin","value":""},{"key":"date_begin","value":""},{"key":"date_begin","value":"20120127"},{"key":"date_begin","value":"20120127"}],[{"key":"date_end","value":"007047"},{"key":"date_end","value":"99999"},{"key":"date_end","value":"CWOS 07047"},{"key":"date_end","value":""},{"key":"date_end","value":""},{"key":"date_end","value":""},{"key":"date_end","value":""},{"key":"date_end","value":""},{"key":"date_end","value":""},{"key":"date_end","value":"20120613"},{"key":"date_end","value":"20120717"}]],"columnNames":[{"name":"usaf","index":0,"aggr":"sum"},{"name":"wban","index":1,"aggr":"sum"},{"name":"name","index":2,"aggr":"sum"},{"name":"country","index":3,"aggr":"sum"},{"name":"state","index":4,"aggr":"sum"},{"name":"icao","index":5,"aggr":"sum"},{"name":"latitude","index":6,"aggr":"sum"},{"name":"longitude","index":7,"aggr":"sum"},{"name":"elevation","index":8,"aggr":"sum"},{"name":"date_begin","index":9,"aggr":"sum"},{"name":"date_end","index":10,"aggr":"sum"}],"rows":[["USAF","WBAN","STATION NAME","CTRY","STATE","ICAO","LAT","LON","ELEV(M)","BEGIN","END"],["007005","99999","CWOS 07005","","","","","","","20120127","20120127"],["007011","99999","CWOS 07011","","","","","","","20111025","20121129"],["007018","99999","WXPOD 7018","","","","+00.000","+000.000","+7018.0","20110309","20130730"],["007025","99999","CWOS 07025","","","","","","","20120127","20120127"],["007026","99999","WXPOD 7026","AF","","","+00.000","+000.000","+7026.0","20120713","20141120"],["007034","99999","CWOS 07034","","","","","","","20121024","20121106"],["007037","99999","CWOS 07037","","","","","","","20111202","20121125"],["007044","99999","CWOS 07044","","","","","","","20120127","20120127"],["007047","99999","CWOS 07047","","","","","","","20120613","20120717"]]},"dateCreated":"2017-02-12T12:55:06+0000","status":"READY","errorMessage":"","progressUpdateIntervalMs":500,"$$hashKey":"object:240"},{"text":"","dateUpdated":"2017-02-12T12:55:06+0000","config":{"colWidth":12,"editorMode":"ace/mode/scala","enabled":true,"graph":{"mode":"table","height":300,"optionOpen":false,"keys":[],"values":[],"groups":[],"scatter":{}}},"settings":{"params":{},"forms":{}},"jobName":"paragraph_1486904106760_2044675454","id":"20160619-115152_982366014","dateCreated":"2017-02-12T12:55:06+0000","status":"READY","errorMessage":"","progressUpdateIntervalMs":500,"$$hashKey":"object:241"}],"name":"Weather Hive Preparations","id":"2C9D87YUB","angularObjects":{"2BRWU4WXC:shared_process":[],"2AM1YV5CU:shared_process":[],"2AJXGMUUJ:shared_process":[],"2ANGGHHMQ:shared_process":[],"2AKK3QQXU:shared_process":[]},"config":{"looknfeel":"default"},"info":{}}