﻿{"paragraphs":[{"text":"%md\n# Weather Data Analytics\nThis notebook performs some basic weather data analytics using the Spark DataFrame interface.","dateUpdated":"2017-01-31T22:56:58-0800","config":{"enabled":true,"graph":{"mode":"table","height":300,"optionOpen":false,"keys":[],"values":[],"groups":[],"scatter":{}},"editorMode":"ace/mode/markdown","editorHide":true,"colWidth":12},"settings":{"params":{},"forms":{}},"jobName":"paragraph_1485932218608_-2113828999","id":"20160618-061302_307202767","result":{"code":"SUCCESS","type":"HTML","msg":"<h1>Weather Data Analytics</h1>\n<p>This notebook performs some basic weather data analytics using the Spark DataFrame interface.</p>\n"},"dateCreated":"2017-01-31T22:56:58-0800","status":"READY","errorMessage":"","progressUpdateIntervalMs":500,"$$hashKey":"object:6038"},{"text":"%md\n# Weather Classes\nWe want to reuse the WeatherStation and WeatherData classes from our original RDD example, but this time they will be put into a Dataset instead of a RDD","dateUpdated":"2017-01-31T22:56:58-0800","config":{"enabled":true,"graph":{"mode":"table","height":300,"optionOpen":false,"keys":[],"values":[],"groups":[],"scatter":{}},"editorMode":"ace/mode/markdown","editorHide":true,"colWidth":12},"settings":{"params":{},"forms":{}},"jobName":"paragraph_1485932218608_-2113828999","id":"20160618-061559_442400823","result":{"code":"SUCCESS","type":"HTML","msg":"<h1>Weather Classes</h1>\n<p>We want to reuse the WeatherStation and WeatherData classes from our original RDD example, but this time they will be put into a Dataset instead of a RDD</p>\n"},"dateCreated":"2017-01-31T22:56:58-0800","status":"READY","errorMessage":"","progressUpdateIntervalMs":500,"$$hashKey":"object:6041"},{"text":"// This class contains the actual measurement of a weather station at a specific point in time\ncase class WeatherData(\n    date:String,\n    time:String,\n    usaf:String,\n    wban:String,\n    validTemperature:Boolean,\n    temperature:Float,\n    validWindSpeed:Boolean,\n    windSpeed:Float\n)\n\n// This class contains the weather station meta data\ncase class StationData(\n    usaf:String,\n    wban:String,\n    name:String,\n    country:String,\n    state:String,\n    icao:String,\n    latitude:Float,\n    longitude:Float,\n    elevation:Float,\n    date_begin:String,\n    date_end:String\n)\n","dateUpdated":"2017-01-31T22:56:58-0800","config":{"enabled":true,"graph":{"mode":"table","height":300,"optionOpen":false,"keys":[],"values":[],"groups":[],"scatter":{}},"editorMode":"ace/mode/scala","colWidth":12},"settings":{"params":{},"forms":{}},"jobName":"paragraph_1485932218608_-2113828999","id":"20160618-061702_386975819","result":{"code":"SUCCESS","type":"TEXT","msg":"defined class WeatherData\ndefined class StationData\n"},"dateCreated":"2017-01-31T22:56:58-0800","status":"READY","errorMessage":"","progressUpdateIntervalMs":500,"$$hashKey":"object:6042"},{"text":"%md\n# Load Data\nFirst we need to load the data from Hive tables. This will give us DataFrames, which then need to be converted into Datasets using the WeatherData and StationData classes","dateUpdated":"2017-01-31T22:57:23-0800","config":{"enabled":true,"graph":{"mode":"table","height":300,"optionOpen":false,"keys":[],"values":[],"groups":[],"scatter":{}},"editorMode":"ace/mode/markdown","colWidth":12,"editorHide":true},"settings":{"params":{},"forms":{}},"jobName":"paragraph_1485932218608_-2113828999","id":"20160618-061516_480760679","result":{"code":"SUCCESS","type":"HTML","msg":"<h1>Load Data</h1>\n<p>First we need to load the data from Hive tables. This will give us DataFrames, which then need to be converted into Datasets using the WeatherData and StationData classes</p>\n"},"dateCreated":"2017-01-31T22:56:58-0800","status":"READY","errorMessage":"","progressUpdateIntervalMs":500,"$$hashKey":"object:6043"},{"text":"// Load table \"training.weather\" as a DataFrame from Hive\nval weatherDf = spark.read.table(\"training.weather\")\n\n// Inspect the schema\nweatherDf.printSchema()\n\n// Load table \"training.stations\" as a DataFrame from Hive\nval stationsDf = spark.read.table(\"training.stations\")\n\n// Inspect the schema\nstationsDf.printSchema()","dateUpdated":"2017-01-31T22:57:47-0800","config":{"enabled":true,"graph":{"mode":"table","height":300,"optionOpen":false,"keys":[],"values":[],"groups":[],"scatter":{}},"editorMode":"ace/mode/scala","colWidth":12},"settings":{"params":{},"forms":{}},"jobName":"paragraph_1485932218608_-2113828999","id":"20160618-061859_740924554","result":{"code":"SUCCESS","type":"TEXT","msg":"weatherDf: org.apache.spark.sql.DataFrame = [year: string, usaf: string, wban: string, date: string, time: string, report_type: string, wind_direction: string, wind_direction_qual: string, wind_observation: string, wind_speed: double, wind_speed_qual: string, air_temperature: double, air_temperature_qual: string]\nroot\n |-- year: string (nullable = true)\n |-- usaf: string (nullable = true)\n |-- wban: string (nullable = true)\n |-- date: string (nullable = true)\n |-- time: string (nullable = true)\n |-- report_type: string (nullable = true)\n |-- wind_direction: string (nullable = true)\n |-- wind_direction_qual: string (nullable = true)\n |-- wind_observation: string (nullable = true)\n |-- wind_speed: double (nullable = true)\n |-- wind_speed_qual: string (nullable = true)\n |-- air_temperature: double (nullable = true)\n |-- air_temperature_qual: string (nullable = true)\n\nstationsDf: org.apache.spark.sql.DataFrame = [usaf: string, wban: string, name: string, country: string, state: string, icao: string, latitude: string, longitude: string, elevation: string, date_begin: string, date_end: string]\nroot\n |-- usaf: string (nullable = true)\n |-- wban: string (nullable = true)\n |-- name: string (nullable = true)\n |-- country: string (nullable = true)\n |-- state: string (nullable = true)\n |-- icao: string (nullable = true)\n |-- latitude: string (nullable = true)\n |-- longitude: string (nullable = true)\n |-- elevation: string (nullable = true)\n |-- date_begin: string (nullable = true)\n |-- date_end: string (nullable = true)\n\n"},"dateCreated":"2017-01-31T22:56:58-0800","status":"READY","errorMessage":"","progressUpdateIntervalMs":500,"$$hashKey":"object:6044"},{"text":"%md\n## Create Dataset from DataFrame\n\nNow we want to create a Dataset from the DataFrame. This is not directly possible, since the columns in Hive have different names than the fields in our case classes. But this can be easily fixed by renaming the columns in the DataFrame. This way we can convert any table with appropriate information into our classes (which might be part of a bigger library and therefore not easily modifyable).\n\nRenaming a column in a DataFrame can be performed very conveniently using\n\n    val new_df = df.withColumnRenamed(\"old_column_name\", \"newColumnName\")\n    \nor you can also add a new column via\n\n    val new_df = df.withColumn(\"newColumnName\", $\"old_column_name\")\n    \nThe second approach accepts a generic Column expression, so you can also perform conversions.\n","dateUpdated":"2017-01-31T22:56:58-0800","config":{"enabled":true,"graph":{"mode":"table","height":300,"optionOpen":false,"keys":[],"values":[],"groups":[],"scatter":{}},"editorMode":"ace/mode/markdown","editorHide":true,"colWidth":12},"settings":{"params":{},"forms":{}},"jobName":"paragraph_1485932218609_-2114213748","id":"20160618-062014_1946630310","result":{"code":"SUCCESS","type":"HTML","msg":"<h2>Create Dataset from DataFrame</h2>\n<p>Now we want to create a Dataset from the DataFrame. This is not directly possible, since the columns in Hive have different names than the fields in our case classes. But this can be easily fixed by renaming the columns in the DataFrame. This way we can convert any table with appropriate information into our classes (which might be part of a bigger library and therefore not easily modifyable).</p>\n<p>Renaming a column in a DataFrame can be performed very conveniently using</p>\n<pre><code>val new_df = df.withColumnRenamed(\"old_column_name\", \"newColumnName\")\n</code></pre>\n<p>or you can also add a new column via</p>\n<pre><code>val new_df = df.withColumn(\"newColumnName\", $\"old_column_name\")\n</code></pre>\n<p>The second approach accepts a generic Column expression, so you can also perform conversions.</p>\n"},"dateCreated":"2017-01-31T22:56:58-0800","status":"READY","errorMessage":"","progressUpdateIntervalMs":500,"$$hashKey":"object:6045"},{"text":"import org.apache.spark.sql.Dataset\nimport org.apache.spark.sql.types._\n\n// Create a Dataset[WeatherData] from the DataFrame weatherDf. You need to rename and convert some columns:\n//    wind_speed(Double) to windSPeed(Float)\n//    air_temperature(Double) to temperature(Float)\n//    wind_speed_qual(String) to validWindSpeed(Boolean)\n//    air_temperature_qual(String) to validTemperature(Boolean)\n// Note that the two quality columns contain 0 or 1, meaning True or False\nval weather:Dataset[WeatherData] =\n    weatherDf\n        .withColumn(\"windSpeed\", $\"wind_speed\".cast(FloatType))\n        .withColumn(\"temperature\", $\"air_temperature\".cast(FloatType))\n        .withColumn(\"validWindSpeed\", $\"wind_speed_qual\" === \"1\")\n        .withColumn(\"validTemperature\", $\"air_temperature_qual\" === \"1\")\n        .as[WeatherData]\n","dateUpdated":"2017-01-31T22:56:58-0800","config":{"enabled":true,"graph":{"mode":"table","height":300,"optionOpen":false,"keys":[],"values":[],"groups":[],"scatter":{}},"editorMode":"ace/mode/scala","editorHide":false,"colWidth":12},"settings":{"params":{},"forms":{}},"jobName":"paragraph_1485932218609_-2114213748","id":"20160618-062307_1506548402","result":{"code":"SUCCESS","type":"TEXT","msg":"import org.apache.spark.sql.Dataset\nimport org.apache.spark.sql.types._\nweather: org.apache.spark.sql.Dataset[WeatherData] = [date: string, time: string, usaf: string, wban: string, validTemperature: boolean, temperature: float, validWindSpeed: boolean, windSpeed: float]\n"},"dateCreated":"2017-01-31T22:56:58-0800","status":"READY","errorMessage":"","progressUpdateIntervalMs":500,"$$hashKey":"object:6046"},{"text":"// Create a Dataset[StationData] from the DataFrame stationsDf. You need to rename and convert some columns:\n//    longitude(String) to longitude(Float)\n//    latitude(String) to latitude(Float)\n//    elevation(String) to elevation(Float)\nval stations:Dataset[StationData] =\n    stationsDf\n        .withColumn(\"longitude\", $\"longitude\".cast(FloatType))\n        .withColumn(\"latitude\", $\"latitude\".cast(FloatType))\n        .withColumn(\"elevation\", $\"elevation\".cast(FloatType))\n        .as[StationData]\n","dateUpdated":"2017-01-31T22:56:58-0800","config":{"enabled":true,"graph":{"mode":"table","height":300,"optionOpen":false,"keys":[],"values":[],"groups":[],"scatter":{}},"editorMode":"ace/mode/scala","colWidth":12},"settings":{"params":{},"forms":{}},"jobName":"paragraph_1485932218609_-2114213748","id":"20160618-064303_398230160","result":{"code":"SUCCESS","type":"TEXT","msg":"stations: org.apache.spark.sql.Dataset[StationData] = [usaf: string, wban: string, name: string, country: string, state: string, icao: string, latitude: float, longitude: float, elevation: float, date_begin: string, date_end: string]\n"},"dateCreated":"2017-01-31T22:56:58-0800","status":"READY","errorMessage":"","progressUpdateIntervalMs":500,"$$hashKey":"object:6047"},{"text":"%md\n# Analytics\n\nNow that we have everything in Hive, we can do the analysis easily.\n\n1. Define some helper classes for aggregation\n2. Join both Datasets on station code (wban and usaf)\n3. Group by country and year\n4. Aggregate minimum/maximum values for wind and temperature, pay attention to quality!\n5. Print the results, such that Zeppelin can make nice graphics :)","dateUpdated":"2017-01-31T22:56:58-0800","config":{"enabled":true,"graph":{"mode":"table","height":300,"optionOpen":false,"keys":[],"values":[],"groups":[],"scatter":{}},"editorMode":"ace/mode/markdown","editorHide":true,"colWidth":12},"settings":{"params":{},"forms":{}},"jobName":"paragraph_1485932218609_-2114213748","id":"20160618-061302_459609415","result":{"code":"SUCCESS","type":"HTML","msg":"<h1>Analytics</h1>\n<p>Now that we have everything in Hive, we can do the analysis easily.</p>\n<ol>\n<li>Define some helper classes for aggregation</li>\n<li>Join both Datasets on station code (wban and usaf)</li>\n<li>Group by country and year</li>\n<li>Aggregate minimum/maximum values for wind and temperature, pay attention to quality!</li>\n<li>Print the results, such that Zeppelin can make nice graphics :)</li>\n</ol>\n"},"dateCreated":"2017-01-31T22:56:58-0800","status":"READY","errorMessage":"","progressUpdateIntervalMs":500,"$$hashKey":"object:6048"},{"text":"%md\n## 1. Define Helper Classes\n\nAgain we will use a WeatherMinMax class used in the aggregation process. Moreover we will define an additional class WeatherResult which will additionally store the country and year, such that we will have a `Dataset[WeatherResult]` in the end.","dateUpdated":"2017-01-31T22:56:58-0800","config":{"enabled":true,"graph":{"mode":"table","height":300,"optionOpen":false,"keys":[],"values":[],"groups":[],"scatter":{}},"editorMode":"ace/mode/markdown","editorHide":true,"colWidth":12},"settings":{"params":{},"forms":{}},"jobName":"paragraph_1485932218609_-2114213748","id":"20160618-074838_1070406607","result":{"code":"SUCCESS","type":"HTML","msg":"<h2>1. Define Helper Classes</h2>\n<p>Again we will use a WeatherMinMax class used in the aggregation process. Moreover we will define an additional class WeatherResult which will additionally store the country and year, such that we will have a <code>Dataset[WeatherResult]</code> in the end.</p>\n"},"dateCreated":"2017-01-31T22:56:58-0800","status":"READY","errorMessage":"","progressUpdateIntervalMs":500,"$$hashKey":"object:6049"},{"text":"// Minimum / Maximum aggregator, used later\ncase class WeatherMinMax(\n    minTemperature:Float = 99999,\n    maxTemperature:Float = -99999,\n    minWindSpeed:Float = 99999,\n    maxWindSpeed:Float = -99999\n) {\n  // Reduce method for merging in another WeatherData entry\n  def reduce(other:WeatherData) = {\n    val minT = if(other.validTemperature) minTemperature.min(other.temperature) else minTemperature\n    val maxT = if(other.validTemperature) maxTemperature.max(other.temperature) else maxTemperature\n    val minW = if(other.validWindSpeed) minWindSpeed.min(other.windSpeed) else minWindSpeed\n    val maxW = if(other.validWindSpeed) maxWindSpeed.max(other.windSpeed) else maxWindSpeed\n    WeatherMinMax(minT,maxT,minW,maxW)\n  }\n}\n\n// Class for holding the result\ncase class WeatherResult(\n    year:String,\n    country:String,\n    minTemperature:Float,\n    maxTemperature:Float,\n    minWindSpeed:Float,\n    maxWindSpeed:Float\n) { }","dateUpdated":"2017-01-31T22:56:58-0800","config":{"enabled":true,"graph":{"mode":"table","height":300,"optionOpen":false,"keys":[],"values":[],"groups":[],"scatter":{}},"colWidth":12},"settings":{"params":{},"forms":{}},"jobName":"paragraph_1485932218609_-2114213748","id":"20160618-061850_1908637249","result":{"code":"SUCCESS","type":"TEXT","msg":"defined class WeatherMinMax\ndefined class WeatherResult\n"},"dateCreated":"2017-01-31T22:56:58-0800","status":"READY","errorMessage":"","progressUpdateIntervalMs":500,"$$hashKey":"object:6050"},{"text":"%md\n## 2. Join Weather Measurements with Station Data\n\nNow we again need to lookup station metadata in order to lookup the country of the weather station. This can be done via\n\n    df1.joinWith(df2, join_condition)\n    \nNote that when you try to join on a column, which is present in both datasets, you can use the `as(alias)` method of a dataset, to specify an alias which can be used in column names. For example\n\n    df.as(\"measurement\").select($\"measurement.temperature\".as[Double])\n    \nBut you probably do not need select, but the same pattern can be used for joining.\n\n### Hint\n\nThe result should be a `Dataset[(WeatherData,StationData)]`","dateUpdated":"2017-01-31T22:56:58-0800","config":{"enabled":true,"graph":{"mode":"table","height":300,"optionOpen":false,"keys":[],"values":[],"groups":[],"scatter":{}},"editorMode":"ace/mode/markdown","editorHide":true,"colWidth":12},"settings":{"params":{},"forms":{}},"jobName":"paragraph_1485932218609_-2114213748","id":"20160618-075125_329582486","result":{"code":"SUCCESS","type":"HTML","msg":"<h2>2. Join Weather Measurements with Station Data</h2>\n<p>Now we again need to lookup station metadata in order to lookup the country of the weather station. This can be done via</p>\n<pre><code>df1.joinWith(df2, join_condition)\n</code></pre>\n<p>Note that when you try to join on a column, which is present in both datasets, you can use the <code>as(alias)</code> method of a dataset, to specify an alias which can be used in column names. For example</p>\n<pre><code>df.as(\"measurement\").select($\"measurement.temperature\".as[Double])\n</code></pre>\n<p>But you probably do not need select, but the same pattern can be used for joining.</p>\n<h3>Hint</h3>\n<p>The result should be a <code>Dataset[(WeatherData,StationData)]</code></p>\n"},"dateCreated":"2017-01-31T22:56:58-0800","status":"READY","errorMessage":"","progressUpdateIntervalMs":500,"$$hashKey":"object:6051"},{"text":"val joined_weather = weather.as(\"weather\").joinWith(stations.as(\"station\"), $\"weather.usaf\" === $\"station.usaf\" && $\"weather.wban\" === $\"station.wban\")","dateUpdated":"2017-01-31T22:56:58-0800","config":{"enabled":true,"graph":{"mode":"table","height":300,"optionOpen":false,"keys":[],"values":[],"groups":[],"scatter":{}},"colWidth":12},"settings":{"params":{},"forms":{}},"jobName":"paragraph_1485932218609_-2114213748","id":"20160618-075422_2082530143","result":{"code":"SUCCESS","type":"TEXT","msg":"joined_weather: org.apache.spark.sql.Dataset[(WeatherData, StationData)] = [_1: struct<date:string,time:string,usaf:string,wban:string,validTemperature:boolean,temperature:float,validWindSpeed:boolean,windSpeed:float>, _2: struct<usaf:string,wban:string,name:string,country:string,state:string,icao:string,latitude:float,longitude:float,elevation:float,date_begin:string,date_end:string>]\n"},"dateCreated":"2017-01-31T22:56:58-0800","status":"READY","errorMessage":"","progressUpdateIntervalMs":500,"$$hashKey":"object:6052"},{"text":"%md\n## 3. Group Data on Year and Country\n\nNow we want to create groups of the weather data for every country and year. This can be done using the `groupBy` method of a Dataset. In cases where you have Scala problems complaining about unknown types of function arguments, you can use the following construction in your groupBy function:\n\n    df.groupBy( _ match { case (w:TypeName,s:OtherTypeName) => perform_calculation(w,s) } )\n    \nPossibly there are multiple ways to define the grouping key, but I would propose to use a pair `(year:String,country:String)` as the grouping key. This way we have both parts seperated and can access both year and country easily.\n\n### Hint\n\nThe result should be a `GroupedDataset[(String,String),(WeatherData,StationData)]`.","dateUpdated":"2017-01-31T22:56:58-0800","config":{"enabled":true,"graph":{"mode":"table","height":300,"optionOpen":false,"keys":[],"values":[],"groups":[],"scatter":{}},"editorMode":"ace/mode/markdown","editorHide":true,"colWidth":12},"settings":{"params":{},"forms":{}},"jobName":"paragraph_1485932218609_-2114213748","id":"20160618-075440_1434646322","result":{"code":"SUCCESS","type":"HTML","msg":"<h2>3. Group Data on Year and Country</h2>\n<p>Now we want to create groups of the weather data for every country and year. This can be done using the <code>groupBy</code> method of a Dataset. In cases where you have Scala problems complaining about unknown types of function arguments, you can use the following construction in your groupBy function:</p>\n<pre><code>df.groupBy( _ match { case (w:TypeName,s:OtherTypeName) =&gt; perform_calculation(w,s) } )\n</code></pre>\n<p>Possibly there are multiple ways to define the grouping key, but I would propose to use a pair <code>(year:String,country:String)</code> as the grouping key. This way we have both parts seperated and can access both year and country easily.</p>\n<h3>Hint</h3>\n<p>The result should be a <code>GroupedDataset[(String,String),(WeatherData,StationData)]</code>.</p>\n"},"dateCreated":"2017-01-31T22:56:58-0800","status":"READY","errorMessage":"","progressUpdateIntervalMs":500,"$$hashKey":"object:6053"},{"text":"val grouped_weather = joined_weather.groupBy ( _ match { case (w:WeatherData,s:StationData) => (w.date.substring(0,4),s.country) } )","dateUpdated":"2017-01-31T22:56:58-0800","config":{"enabled":true,"graph":{"mode":"table","height":300,"optionOpen":false,"keys":[],"values":[],"groups":[],"scatter":{}},"editorMode":"ace/mode/scala","colWidth":12},"settings":{"params":{},"forms":{}},"jobName":"paragraph_1485932218610_-2113059501","id":"20160618-075713_284338752","result":{"code":"SUCCESS","type":"TEXT","msg":"grouped_weather: org.apache.spark.sql.GroupedDataset[(String, String),(WeatherData, StationData)] = org.apache.spark.sql.GroupedDataset@aacb1eb\n"},"dateCreated":"2017-01-31T22:56:58-0800","status":"READY","errorMessage":"","progressUpdateIntervalMs":500,"$$hashKey":"object:6054"},{"text":"%md\n## 4. Aggregate Data\n\nNow that we have data groups with the all relevant weather information of a country and year contained within a single group, we can perform the aggregation. In order to do that, we will use the `mapGroups` method of `GroupedDataset`. This will require a function `(key:KeyType,values:Iterator[ValueType]) => ...` as the argument. Think about:\n1. What is your KeyType here?\n2. What is your ValueType here?\n \nOnce you figured this out, you can use the Scala `foldLeft` method of a Scala `Iterator` class in order to use the WeatherMinMax class for doing the aggregation.\n\nThe result should be a Dataset with type `(year:String,country:String,wmm:WeatherMinMax)`.\n\n### Hint for Scala\n\nAgain for working with `mapGroups` you might require a Scala partial function with a pattern like\n\n    { case ((a:SomeType, b:OtherType), c:ThirdType) => ... }\n    \n### Hint\n\nThe result should be similar to `Dataset[(String,String,WeatherMinMax)]`","dateUpdated":"2017-01-31T22:56:58-0800","config":{"enabled":true,"graph":{"mode":"table","height":300,"optionOpen":false,"keys":[],"values":[],"groups":[],"scatter":{}},"editorMode":"ace/mode/markdown","editorHide":true,"colWidth":12},"settings":{"params":{},"forms":{}},"jobName":"paragraph_1485932218610_-2113059501","id":"20160618-075725_272487104","result":{"code":"SUCCESS","type":"HTML","msg":"<h2>4. Aggregate Data</h2>\n<p>Now that we have data groups with the all relevant weather information of a country and year contained within a single group, we can perform the aggregation. In order to do that, we will use the <code>mapGroups</code> method of <code>GroupedDataset</code>. This will require a function <code>(key:KeyType,values:Iterator[ValueType]) =&gt; ...</code> as the argument. Think about:</p>\n<ol>\n<li>What is your KeyType here?</li>\n<li>What is your ValueType here?</li>\n</ol>\n<p>Once you figured this out, you can use the Scala <code>foldLeft</code> method of a Scala <code>Iterator</code> class in order to use the WeatherMinMax class for doing the aggregation.</p>\n<p>The result should be a Dataset with type <code>(year:String,country:String,wmm:WeatherMinMax)</code>.</p>\n<h3>Hint for Scala</h3>\n<p>Again for working with <code>mapGroups</code> you might require a Scala partial function with a pattern like</p>\n<pre><code>{ case ((a:SomeType, b:OtherType), c:ThirdType) =&gt; ... }\n</code></pre>\n<h3>Hint</h3>\n<p>The result should be similar to <code>Dataset[(String,String,WeatherMinMax)]</code></p>\n"},"dateCreated":"2017-01-31T22:56:58-0800","status":"READY","errorMessage":"","progressUpdateIntervalMs":500,"$$hashKey":"object:6055"},{"text":"// Use mapGroups in order to perform the aggregation. The aggregation itself can be done using Scala foldLeft together with the WeatherMinMax helper class\nval analysed_weather = grouped_weather.mapGroups {\n    case ((year:String,country:String),weather:Iterator[(WeatherData,StationData)]) =>\n        (year,country,weather.foldLeft(WeatherMinMax())((wmm,data) => wmm.reduce(data._1)))\n}","dateUpdated":"2017-01-31T22:56:58-0800","config":{"enabled":true,"graph":{"mode":"table","height":300,"optionOpen":false,"keys":[],"values":[],"groups":[],"scatter":{}},"editorMode":"ace/mode/scala","colWidth":12},"settings":{"params":{},"forms":{}},"jobName":"paragraph_1485932218610_-2113059501","id":"20160618-080222_61431421","result":{"code":"SUCCESS","type":"TEXT","msg":"analysed_weather: org.apache.spark.sql.Dataset[(String, String, WeatherMinMax)] = [_1: string, _2: string, _3: struct<minTemperature:float,maxTemperature:float,minWindSpeed:float,maxWindSpeed:float>]\n"},"dateCreated":"2017-01-31T22:56:58-0800","status":"READY","errorMessage":"","progressUpdateIntervalMs":500,"$$hashKey":"object:6056"},{"text":"analysed_weather.printSchema()","dateUpdated":"2017-01-31T22:56:58-0800","config":{"enabled":true,"graph":{"mode":"table","height":300,"optionOpen":false,"keys":[],"values":[],"groups":[],"scatter":{}},"editorMode":"ace/mode/scala","colWidth":12},"settings":{"params":{},"forms":{}},"jobName":"paragraph_1485932218610_-2113059501","id":"20160618-080320_1358680229","result":{"code":"SUCCESS","type":"TEXT","msg":"root\n |-- _1: string (nullable = true)\n |-- _2: string (nullable = true)\n |-- _3: struct (nullable = true)\n |    |-- minTemperature: float (nullable = false)\n |    |-- maxTemperature: float (nullable = false)\n |    |-- minWindSpeed: float (nullable = false)\n |    |-- maxWindSpeed: float (nullable = false)\n\n"},"dateCreated":"2017-01-31T22:56:58-0800","status":"READY","errorMessage":"","progressUpdateIntervalMs":500,"$$hashKey":"object:6057"},{"text":"%md\n## 5. Print Result\n\nOf course we want again a nice visualisation. But this time, this requires an additional step, because we have a nested schema (see above). So we fix that by mapping all result data and put it into the `WeatherResult' class supplied above. Again you might need to use a Scala partial function with a pattern matching expression like\n\n    { case (a:SomeType, b:SomeOtherType) => someCalculation(a,b) }\n    \nThis should then give you a new Dataset with values of type `WeatherResult`. This can then be easily visualized using the `toZeppelin` method.","dateUpdated":"2017-01-31T22:56:58-0800","config":{"enabled":true,"graph":{"mode":"table","height":300,"optionOpen":false,"keys":[],"values":[],"groups":[],"scatter":{}},"editorHide":true,"colWidth":12},"settings":{"params":{},"forms":{}},"jobName":"paragraph_1485932218610_-2113059501","id":"20160618-080237_800441677","result":{"code":"SUCCESS","type":"HTML","msg":"<h2>5. Print Result</h2>\n<p>Of course we want again a nice visualisation. But this time, this requires an additional step, because we have a nested schema (see above). So we fix that by mapping all result data and put it into the `WeatherResult' class supplied above. Again you might need to use a Scala partial function with a pattern matching expression like</p>\n<pre><code>{ case (a:SomeType, b:SomeOtherType) =&gt; someCalculation(a,b) }\n</code></pre>\n<p>This should then give you a new Dataset with values of type <code>WeatherResult</code>. This can then be easily visualized using the <code>toZeppelin</code> method.</p>\n"},"dateCreated":"2017-01-31T22:56:58-0800","status":"READY","errorMessage":"","progressUpdateIntervalMs":500,"$$hashKey":"object:6058"},{"text":"// Transform the records inside the Dataset into WeatherResult instances. \nval result = analysed_weather.map {\n    case (year:String,country:String,wmm:WeatherMinMax) =>\n        WeatherResult(year,country,wmm.minTemperature,wmm.maxTemperature,wmm.minWindSpeed,wmm.maxWindSpeed)\n}\n\n// Print result as a Zeppelin table\nz.show(result)","dateUpdated":"2017-01-31T22:58:45-0800","config":{"enabled":true,"graph":{"mode":"multiBarChart","height":300,"optionOpen":false,"keys":[{"name":"year","index":0,"aggr":"sum"}],"values":[{"name":"minWindSpeed","index":4,"aggr":"min"},{"name":"maxWindSpeed","index":5,"aggr":"max"},{"name":"minTemperature","index":2,"aggr":"min"},{"name":"maxTemperature","index":3,"aggr":"max"}],"groups":[],"scatter":{}},"editorMode":"ace/mode/scala","colWidth":12},"settings":{"params":{},"forms":{}},"jobName":"paragraph_1485932218610_-2113059501","id":"20160618-061302_225369255","result":{"code":"SUCCESS","type":"TABLE","msg":"year\tcountry\tminTemperature\tmaxTemperature\tminWindSpeed\tmaxWindSpeed\n2004\tFI\t-25.0\t25.0\t0.0\t12.9\n2004\tSF\t5.6\t38.4\t0.0\t8.7\n2003\tGP\t23.2\t32.0\t0.0\t16.4\n2014\tNO\t-35.7\t32.0\t0.0\t35.5\n2008\tNO\t-30.9\t30.4\t0.0\t28.0\n2009\tSW\t-38.2\t28.9\t0.0\t19.0\n2014\tAS\t0.9\t45.6\t0.0\t14.4\n2008\tAS\t1.0\t43.2\t0.0\t14.9\n2012\tDA\t-19.4\t30.0\t0.0\t17.5\n2006\tDA\t-14.0\t32.7\t0.0\t14.4\n2014\tAU\t-11.0\t34.0\t0.0\t16.5\n2008\tAU\t-12.0\t34.0\t0.0\t16.0\n2010\tFR\t-13.3\t36.1\t0.0\t17.5\n2004\tFR\t-7.2\t37.0\t0.0\t29.0\n2013\tCA\t-44.0\t33.8\t0.0\t23.1\n2007\tCA\t-42.0\t36.0\t0.0\t23.7\n2003\tNL\t-14.3\t36.0\t0.0\t33.4\n2013\tIT\t-11.8\t24.0\t0.0\t21.6\n2014\tUK\t-6.0\t30.4\t0.0\t20.6\n2007\tIT\t-6.0\t26.0\t0.0\t18.5\n2008\tUK\t-8.0\t28.4\t0.0\t24.2\n2010\tSW\t-41.7\t28.9\t0.0\t18.0\n2013\tCH\t13.0\t34.0\t0.0\t22.0\n2003\tNO\t-30.5\t30.0\t0.0\t81.0\n2004\tSW\t-37.6\t28.1\t0.0\t19.0\n2007\tCH\t10.0\t34.0\t0.0\t15.0\n2003\tAS\t0.3\t45.8\t0.0\t14.4\n2009\tGK\t-3.0\t28.0\t0.0\t18.5\n2009\tMY\t21.0\t34.0\t0.0\t8.7\n2011\tRS\t-33.0\t32.0\t0.0\t12.0\n2005\tRS\t-27.0\t29.0\t0.0\t12.0\n2014\tBE\t-7.0\t33.1\t0.0\t16.0\n2003\tAU\t-17.6\t37.4\t0.0\t22.6\n2008\tBE\t-8.0\t31.0\t0.0\t16.5\n2009\tGM\t-18.0\t32.0\t0.0\t13.0\n2011\tEZ\t-15.0\t32.0\t0.0\t17.0\n2014\tUS\t-37.2\t41.2\t0.0\t31.0\n2005\tEZ\t-15.0\t35.0\t0.0\t19.0\n2008\tUS\t-42.2\t41.9\t0.0\t26.7\n2013\tPL\t-18.0\t37.2\t0.0\t16.0\n2007\tPL\t-12.0\t35.0\t0.0\t18.0\n2013\tJA\t-0.3\t34.5\t0.0\t38.0\n2013\tPO\t-1.0\t38.0\t0.0\t20.0\n2007\tJA\t-0.4\t34.5\t0.0\t36.5\n2007\tPO\t-1.0\t35.0\t0.0\t13.9\n2003\tUK\t-7.2\t37.4\t0.0\t22.0\n2010\tGK\t-2.0\t24.2\t0.0\t18.5\n2010\tMY\t23.0\t37.0\t0.0\t9.8\n2004\tGK\t-1.0\t27.0\t0.0\t26.0\n2004\tMY\t22.0\t36.0\t0.0\t11.8\n2011\tSC\t20.0\t32.0\t0.0\t14.0\n2005\tSC\t19.0\t33.2\t0.0\t28.3\n2009\tAM\t-20.0\t37.0\t0.0\t13.0\n2010\tGM\t-13.0\t34.0\t0.0\t17.0\n2011\tLU\t-7.2\t33.0\t0.0\t15.4\n2014\tIC\t-7.0\t18.0\t0.0\t29.3\n2003\tBE\t-11.3\t36.3\t0.0\t19.0\n2004\tGM\t-10.2\t30.0\t0.0\t16.5\n2005\tLU\t-13.0\t32.0\t0.0\t13.4\n2008\tIC\t-13.0\t22.0\t0.0\t31.9\n2009\tNL\t-17.9\t34.8\t0.0\t27.8\n2011\tFI\t-34.4\t30.7\t0.0\t21.0\n2011\tSF\t2.3\t34.9\t0.0\t12.3\n2005\tFI\t-25.0\t28.0\t0.0\t13.4\n2005\tSF\t6.1\t38.2\t0.0\t11.8\n2010\tGP\t23.8\t31.6\t1.0\t11.8\n2003\tUS\t-44.0\t41.0\t0.0\t35.0\n2004\tGP\t22.5\t37.6\t0.0\t29.8\n2009\tNO\t-35.7\t28.4\t0.0\t35.0\n2009\tAS\t1.8\t44.6\t0.0\t17.0\n2013\tDA\t-16.7\t33.0\t0.0\t24.2\n2007\tDA\t-15.0\t31.0\t0.0\t21.6\n2009\tAU\t-16.8\t33.0\t0.0\t13.9\n2011\tFR\t-9.0\t37.8\t0.0\t19.5\n2005\tFR\t-12.4\t37.0\t0.0\t15.9\n2014\tCA\t-43.6\t35.9\t0.0\t26.8\n2008\tCA\t-47.0\t35.0\t0.0\t36.5\n2010\tAM\t-11.0\t41.0\t0.0\t14.0\n2004\tAM\t-16.0\t39.0\t0.0\t13.0\n2003\tIC\t-9.0\t20.0\t0.0\t30.9\n2010\tNL\t-15.0\t35.0\t0.0\t28.3\n2004\tNL\t-10.1\t33.0\t0.0\t28.3\n2014\tIT\t-6.8\t24.0\t0.0\t20.6\n2008\tIT\t-6.2\t23.0\t0.0\t16.4\n2009\tUK\t-9.0\t30.2\t0.0\t24.2\n2010\tNO\t-42.1\t25.6\t0.0\t30.9\n2011\tSW\t-41.6\t29.9\t0.0\t19.0\n2014\tCH\t11.0\t34.0\t0.0\t15.0\n2004\tNO\t-31.0\t28.2\t0.0\t32.0\n2005\tSW\t-33.6\t28.6\t0.0\t18.0\n2008\tCH\t12.0\t33.0\t0.0\t16.0\n2010\tAS\t0.1\t42.2\t0.0\t13.4\n2004\tAS\t1.6\t44.1\t0.0\t14.0\n2012\tRS\t-37.0\t32.0\t0.0\t12.0\n2006\tRS\t-38.0\t30.6\t0.0\t11.0\n2010\tAU\t-13.6\t35.0\t0.0\t14.9\n2004\tAU\t-14.4\t32.5\t0.0\t13.4\n2009\tBE\t-15.4\t34.2\t0.0\t16.0\n2012\tEZ\t-22.0\t37.3\t0.0\t19.0\n2006\tEZ\t-17.0\t34.0\t0.0\t18.0\n2009\tUS\t-46.0\t41.6\t0.0\t31.9\n2014\tPL\t-15.0\t32.0\t0.0\t14.9\n2008\tPL\t-14.0\t30.0\t0.0\t25.7\n2003\tCA\t-40.1\t35.8\t0.0\t27.8\n2014\tJA\t-0.5\t33.9\t0.0\t19.6\n2014\tPO\t-1.0\t32.0\t0.0\t15.4\n2008\tJA\t-0.7\t33.7\t0.0\t29.8\n2008\tPO\t0.6\t32.0\t0.0\t15.4\n2010\tUK\t-17.0\t30.4\t0.0\t19.0\n2003\tIT\t-9.0\t30.0\t0.0\t25.0\n2004\tUK\t-6.1\t31.0\t0.0\t32.0\n2011\tGK\t1.0\t28.0\t0.0\t19.0\n2011\tMY\t21.0\t34.0\t0.0\t10.8\n2005\tGK\t-1.3\t26.4\t0.0\t19.0\n2005\tMY\t22.0\t36.0\t0.0\t10.3\n2012\tSC\t21.0\t36.0\t0.0\t26.2\n2006\tSC\t20.0\t32.0\t0.0\t20.6\n2010\tBE\t-12.2\t36.0\t0.0\t19.5\n2011\tGM\t-10.0\t30.0\t0.0\t15.4\n2012\tLU\t-15.0\t35.0\t0.0\t13.9\n2004\tBE\t-10.2\t32.0\t0.0\t25.0\n2005\tGM\t-14.0\t31.0\t0.0\t14.4\n2006\tLU\t-9.0\t35.3\t0.0\t14.9\n2009\tIC\t-9.0\t19.0\t0.0\t25.7\n2012\tFI\t-34.7\t29.9\t0.0\t17.0\n2012\tSF\t2.2\t36.0\t0.0\t10.3\n2006\tFI\t-31.0\t27.0\t0.0\t12.0\n2006\tSF\t6.3\t37.6\t0.0\t13.4\n2010\tUS\t-39.4\t44.2\t0.0\t26.7\n2004\tUS\t-46.0\t39.3\t0.0\t28.3\n2005\tGP\t21.1\t33.4\t0.0\t29.8\n2003\tPL\t-21.0\t33.5\t0.0\t23.0\n2014\tDA\t-9.0\t30.2\t0.0\t17.0\n2008\tDA\t-9.4\t30.4\t0.0\t20.6\n2003\tJA\t-0.7\t34.2\t0.0\t21.6\n2003\tPO\t-2.0\t39.0\t0.0\t20.0\n2012\tFR\t-16.6\t39.0\t0.0\t15.9\n2006\tFR\t-10.0\t36.4\t0.0\t15.9\n2009\tCA\t-45.0\t35.0\t0.0\t20.6\n2011\tAM\t-16.0\t42.0\t0.0\t14.0\n2005\tAM\t-19.0\t39.0\t0.0\t14.0\n2010\tIC\t-10.0\t19.5\t0.0\t24.2\n2004\tIC\t-11.7\t27.0\t0.0\t32.0\n2011\tNL\t-8.2\t34.0\t0.0\t31.4\n2005\tNL\t-16.0\t34.4\t0.0\t38.1\n2009\tIT\t-8.0\t25.0\t0.0\t20.6\n2011\tNO\t-37.8\t29.0\t0.0\t38.6\n2012\tSW\t-42.7\t26.3\t0.0\t18.0\n2005\tNO\t-34.2\t28.2\t0.0\t32.4\n2006\tSW\t-37.7\t29.4\t0.0\t17.0\n2009\tCH\t10.0\t33.0\t0.0\t12.0\n2011\tAS\t-0.8\t45.2\t0.0\t11.3\n2005\tAS\t2.6\t43.4\t0.0\t12.9\n2013\tRS\t-35.3\t32.0\t0.0\t13.0\n2003\tDA\t-16.0\t30.0\t0.0\t23.0\n2007\tRS\t-30.5\t31.0\t0.0\t21.0\n2011\tAU\t-15.0\t35.0\t0.0\t15.9\n2005\tAU\t-18.9\t35.2\t0.0\t11.8\n2013\tEZ\t-19.0\t35.0\t0.0\t21.6\n2007\tEZ\t-9.0\t35.2\t0.0\t26.2\n2009\tPL\t-22.0\t32.1\t0.0\t15.4\n2010\tCA\t-43.2\t34.0\t0.0\t25.7\n2004\tCA\t-44.0\t32.2\t0.0\t32.4\n2009\tJA\t-0.2\t35.0\t0.0\t26.7\n2009\tPO\t-1.4\t36.0\t0.0\t17.5\n2010\tIT\t-8.0\t21.0\t0.0\t20.6\n2011\tUK\t-5.2\t32.0\t0.0\t26.7\n2004\tIT\t-7.0\t27.0\t0.0\t18.5\n2005\tUK\t-8.0\t32.4\t0.0\t37.0\n2010\tCH\t12.0\t34.0\t0.0\t20.0\n2004\tCH\t14.0\t33.0\t0.0\t10.0\n2012\tGK\t-3.0\t26.0\t0.0\t33.4\n2012\tMY\t23.0\t34.0\t0.0\t9.3\n2006\tGK\t0.0\t30.0\t0.0\t18.0\n2006\tMY\t3.0\t36.0\t0.0\t8.7\n2013\tSC\t20.0\t33.0\t0.0\t24.7\n2007\tSC\t22.0\t33.0\t0.0\t15.4\n2011\tBE\t-6.3\t35.0\t0.0\t15.9\n2012\tGM\t-19.0\t34.0\t0.0\t13.9\n2013\tLU\t-11.0\t33.0\t0.0\t12.4\n2005\tBE\t-10.1\t35.0\t0.0\t23.1\n2006\tGM\t-10.4\t34.0\t0.0\t12.9\n2007\tLU\t-8.0\t31.0\t0.0\t17.0\n2013\tFI\t-32.7\t29.9\t0.0\t20.0\n2013\tSF\t1.5\t36.1\t0.0\t8.2\n2007\tFI\t-29.0\t26.7\t0.0\t14.4\n2007\tSF\t4.2\t38.0\t0.0\t7.7\n2011\tUS\t-44.0\t46.4\t0.0\t36.0\n2005\tUS\t-49.0\t43.0\t0.0\t33.4\n2006\tGP\t21.8\t32.2\t0.0\t18.0\n2010\tPL\t-24.0\t35.0\t0.0\t13.4\n2004\tPL\t-21.0\t32.0\t0.0\t16.5\n2009\tDA\t-15.0\t32.0\t0.0\t20.6\n2010\tJA\t-0.2\t34.0\t0.0\t32.9\n2010\tPO\t-1.6\t38.0\t0.0\t21.6\n2004\tJA\t-1.0\t34.2\t0.0\t32.4\n2004\tPO\t0.0\t34.0\t0.0\t17.0\n2013\tFR\t-8.0\t38.1\t0.0\t16.5\n2007\tFR\t-13.7\t34.4\t0.0\t18.0\n2012\tAM\t-22.0\t39.0\t0.0\t12.0\n2006\tAM\t-24.0\t41.0\t0.0\t13.0\n2011\tIC\t-14.0\t17.2\t0.0\t31.9\n2005\tIC\t-7.8\t19.0\t0.0\t30.0\n2012\tNL\t-18.4\t35.0\t0.0\t28.8\n2006\tNL\t-10.0\t37.0\t0.0\t35.5\n2012\tNO\t-33.0\t24.8\t0.0\t39.6\n2013\tSW\t-36.7\t26.3\t0.0\t17.0\n2006\tNO\t-33.6\t29.4\t0.0\t31.0\n2007\tSW\t-36.7\t29.9\t0.0\t19.0\n2012\tAS\t0.1\t43.6\t0.0\t13.9\n2006\tAS\t1.1\t44.8\t0.0\t15.9\n2010\tDA\t-17.4\t31.2\t0.0\t14.9\n2014\tRS\t-28.9\t30.5\t0.0\t11.0\n2004\tDA\t-14.0\t30.0\t0.0\t16.5\n2008\tRS\t-27.6\t31.2\t0.0\t12.0\n2012\tAU\t-18.0\t34.2\t0.0\t15.4\n2006\tAU\t-19.4\t34.0\t0.0\t12.3\n2014\tEZ\t-15.0\t33.0\t0.0\t16.5\n2008\tEZ\t-10.0\t31.0\t0.0\t20.6\n2011\tCA\t-45.0\t34.7\t0.0\t24.7\n2005\tCA\t-47.0\t33.2\t0.0\t35.5\n2011\tIT\t-5.2\t25.0\t0.0\t19.5\n2012\tUK\t-14.0\t30.0\t0.0\t23.1\n2005\tIT\t-13.0\t28.0\t0.0\t17.0\n2006\tUK\t-8.4\t35.0\t0.0\t22.6\n2011\tCH\t12.0\t34.0\t0.0\t16.0\n2005\tCH\t10.0\t33.0\t0.0\t26.0\n2013\tGK\t-1.5\t26.0\t0.0\t20.1\n2013\tMY\t22.0\t34.0\t0.0\t10.3\n2007\tGK\t-0.4\t23.0\t0.0\t22.1\n2007\tMY\t20.0\t35.0\t0.0\t9.8\n2014\tSC\t20.0\t32.0\t0.0\t30.4\n2003\tRS\t-34.5\t31.0\t0.0\t14.0\n2008\tSC\t20.0\t33.0\t0.0\t26.2\n2012\tBE\t-17.0\t35.0\t0.0\t16.0\n2013\tGM\t-10.0\t32.0\t0.0\t14.4\n2014\tLU\t-10.0\t32.1\t0.0\t13.4\n2006\tBE\t-8.1\t36.1\t0.0\t19.0\n2007\tGM\t-10.0\t31.0\t0.0\t15.9\n2008\tLU\t-7.0\t31.4\t0.0\t14.9\n2014\tFI\t-28.6\t30.3\t0.0\t18.0\n2014\tSF\t0.9\t37.4\t0.0\t13.4\n2008\tFI\t-23.0\t25.7\t0.0\t26.0\n2008\tSF\t3.3\t39.8\t0.0\t11.3\n2012\tUS\t-49.0\t44.7\t0.0\t22.6\n2003\tEZ\t-16.0\t37.0\t0.0\t16.5\n2006\tUS\t-43.0\t43.6\t0.0\t37.0\n2007\tGP\t2.4\t3.7\t2.6\t6.2\n2011\tPL\t-18.0\t33.0\t0.0\t13.9\n2005\tPL\t-21.0\t33.4\t0.0\t20.6\n2011\tJA\t-1.4\t34.1\t0.0\t27.3\n2011\tPO\t-1.0\t33.5\t0.0\t15.4\n2005\tJA\t0.2\t33.2\t0.0\t31.9\n2005\tPO\t-1.7\t38.0\t0.0\t14.4\n2014\tFR\t-9.0\t36.1\t0.0\t16.5\n2008\tFR\t-8.0\t34.5\t0.0\t18.0\n2013\tAM\t-19.0\t38.0\t0.0\t14.0\n2003\tSC\t21.0\t33.0\t0.0\t23.1\n2007\tAM\t-24.0\t38.0\t0.0\t13.0\n2012\tIC\t-7.0\t19.0\t0.0\t29.0\n2003\tLU\t-13.0\t37.4\t0.0\t16.5\n2006\tIC\t-11.0\t18.0\t0.0\t39.0\n2013\tNL\t-14.4\t35.0\t0.0\t37.1\n2007\tNL\t-10.0\t31.0\t0.0\t28.8\n2003\tFI\t-33.0\t29.4\t0.0\t14.4\n2003\tSF\t5.1\t39.6\t0.0\t7.7\n2013\tNO\t-35.4\t28.0\t0.0\t39.1\n2014\tSW\t-34.5\t28.9\t1.0\t16.0\n2007\tNO\t-35.0\t29.0\t0.0\t26.0\n2008\tSW\t-36.1\t29.9\t0.0\t21.0\n2013\tAS\t2.8\t47.6\t0.0\t13.4\n2007\tAS\t1.1\t42.9\t0.0\t13.4\n2011\tDA\t-13.1\t27.0\t0.0\t22.6\n2005\tDA\t-12.3\t29.1\t0.0\t21.6\n2009\tRS\t-30.9\t31.4\t0.0\t18.0\n2013\tAU\t-12.3\t37.4\t0.0\t17.5\n2007\tAU\t-10.4\t36.0\t0.0\t13.4\n2009\tEZ\t-17.0\t33.0\t0.0\t18.5\n2003\tFR\t-13.9\t39.1\t0.0\t19.0\n2012\tCA\t-40.2\t36.0\t0.0\t27.3\n2006\tCA\t-43.0\t35.9\t0.0\t31.4\n2012\tIT\t-13.0\t27.0\t0.0\t18.0\n2013\tUK\t-13.0\t33.1\t0.0\t20.1\n2006\tIT\t-9.0\t27.0\t0.0\t18.0\n2007\tUK\t-6.4\t29.0\t0.0\t25.7\n2012\tCH\t14.0\t34.0\t0.0\t22.0\n2003\tSW\t-40.2\t28.6\t0.0\t20.0\n2006\tCH\t0.0\t35.0\t0.0\t13.0\n2014\tGK\t2.0\t24.0\t0.0\t21.1\n2014\tMY\t19.0\t36.0\t0.0\t9.8\n2008\tGK\t-0.3\t24.0\t0.0\t22.6\n2008\tMY\t21.0\t35.0\t0.0\t9.3\n2010\tRS\t-32.3\t36.0\t0.0\t10.0\n2004\tRS\t-33.0\t27.0\t0.0\t11.0\n2009\tSC\t20.0\t33.0\t0.0\t25.2\n2013\tBE\t-12.0\t35.0\t0.0\t16.5\n2014\tGM\t-9.0\t31.0\t0.0\t13.4\n2007\tBE\t-8.3\t33.0\t0.0\t21.1\n2008\tGM\t-7.0\t31.0\t0.0\t15.9\n2009\tLU\t-15.0\t34.0\t0.0\t15.0\n2009\tFI\t-25.7\t26.0\t0.0\t18.0\n2009\tSF\t2.8\t38.2\t0.0\t9.8\n2010\tEZ\t-20.1\t34.1\t0.0\t16.5\n2013\tUS\t-44.0\t45.5\t0.0\t24.7\n2004\tEZ\t-20.1\t31.2\t0.0\t17.0\n2007\tUS\t-45.0\t41.7\t0.0\t36.0\n2008\tGP\t16.1\t16.1\t5.7\t5.7\n2012\tPL\t-27.0\t34.0\t0.0\t13.4\n2006\tPL\t-29.0\t33.1\t0.0\t25.7\n2012\tJA\t-1.5\t33.0\t0.0\t33.4\n2012\tPO\t-2.0\t37.0\t0.0\t13.9\n2006\tJA\t-0.1\t34.8\t0.0\t38.6\n2006\tPO\t-1.0\t37.0\t0.0\t16.5\n2009\tFR\t-11.1\t40.0\t0.0\t19.0\n2003\tGK\t-2.0\t34.0\t0.0\t23.0\n2003\tMY\t23.0\t39.0\t0.0\t11.3\n2010\tSC\t21.0\t32.0\t0.0\t28.8\n2014\tAM\t-19.0\t39.0\t0.0\t16.0\n2004\tSC\t21.0\t33.0\t0.0\t20.6\n2008\tAM\t-27.0\t40.0\t0.0\t13.0\n2010\tLU\t-12.0\t35.0\t0.0\t17.5\n2013\tIC\t-11.0\t19.0\t0.0\t25.0\n2003\tGM\t-15.3\t36.0\t0.0\t16.5\n2004\tLU\t-8.4\t31.0\t0.0\t13.9\n2007\tIC\t-10.0\t18.0\t0.0\t30.9\n2014\tNL\t-9.0\t35.0\t0.0\t27.3\n2008\tNL\t-12.0\t32.5\t0.0\t31.4\n2010\tFI\t-31.6\t32.6\t0.0\t17.0\n2010\tSF\t3.1\t37.8\t0.0\t10.3\n","comment":"","msgTable":[[{"key":"country","value":"2004"},{"key":"country","value":"FI"},{"key":"country","value":"-25.0"},{"key":"country","value":"25.0"},{"key":"country","value":"0.0"},{"key":"country","value":"12.9"}],[{"key":"minTemperature","value":"2004"},{"key":"minTemperature","value":"SF"},{"key":"minTemperature","value":"5.6"},{"key":"minTemperature","value":"38.4"},{"key":"minTemperature","value":"0.0"},{"key":"minTemperature","value":"8.7"}],[{"key":"maxTemperature","value":"2003"},{"key":"maxTemperature","value":"GP"},{"key":"maxTemperature","value":"23.2"},{"key":"maxTemperature","value":"32.0"},{"key":"maxTemperature","value":"0.0"},{"key":"maxTemperature","value":"16.4"}],[{"key":"minWindSpeed","value":"2014"},{"key":"minWindSpeed","value":"NO"},{"key":"minWindSpeed","value":"-35.7"},{"key":"minWindSpeed","value":"32.0"},{"key":"minWindSpeed","value":"0.0"},{"key":"minWindSpeed","value":"35.5"}],[{"key":"maxWindSpeed","value":"2008"},{"key":"maxWindSpeed","value":"NO"},{"key":"maxWindSpeed","value":"-30.9"},{"key":"maxWindSpeed","value":"30.4"},{"key":"maxWindSpeed","value":"0.0"},{"key":"maxWindSpeed","value":"28.0"}],[{"value":"2009"},{"value":"SW"},{"value":"-38.2"},{"value":"28.9"},{"value":"0.0"},{"value":"19.0"}],[{"value":"2014"},{"value":"AS"},{"value":"0.9"},{"value":"45.6"},{"value":"0.0"},{"value":"14.4"}],[{"value":"2008"},{"value":"AS"},{"value":"1.0"},{"value":"43.2"},{"value":"0.0"},{"value":"14.9"}],[{"value":"2012"},{"value":"DA"},{"value":"-19.4"},{"value":"30.0"},{"value":"0.0"},{"value":"17.5"}],[{"value":"2006"},{"value":"DA"},{"value":"-14.0"},{"value":"32.7"},{"value":"0.0"},{"value":"14.4"}],[{"value":"2014"},{"value":"AU"},{"value":"-11.0"},{"value":"34.0"},{"value":"0.0"},{"value":"16.5"}],[{"value":"2008"},{"value":"AU"},{"value":"-12.0"},{"value":"34.0"},{"value":"0.0"},{"value":"16.0"}],[{"value":"2010"},{"value":"FR"},{"value":"-13.3"},{"value":"36.1"},{"value":"0.0"},{"value":"17.5"}],[{"value":"2004"},{"value":"FR"},{"value":"-7.2"},{"value":"37.0"},{"value":"0.0"},{"value":"29.0"}],[{"value":"2013"},{"value":"CA"},{"value":"-44.0"},{"value":"33.8"},{"value":"0.0"},{"value":"23.1"}],[{"value":"2007"},{"value":"CA"},{"value":"-42.0"},{"value":"36.0"},{"value":"0.0"},{"value":"23.7"}],[{"value":"2003"},{"value":"NL"},{"value":"-14.3"},{"value":"36.0"},{"value":"0.0"},{"value":"33.4"}],[{"value":"2013"},{"value":"IT"},{"value":"-11.8"},{"value":"24.0"},{"value":"0.0"},{"value":"21.6"}],[{"value":"2014"},{"value":"UK"},{"value":"-6.0"},{"value":"30.4"},{"value":"0.0"},{"value":"20.6"}],[{"value":"2007"},{"value":"IT"},{"value":"-6.0"},{"value":"26.0"},{"value":"0.0"},{"value":"18.5"}],[{"value":"2008"},{"value":"UK"},{"value":"-8.0"},{"value":"28.4"},{"value":"0.0"},{"value":"24.2"}],[{"value":"2010"},{"value":"SW"},{"value":"-41.7"},{"value":"28.9"},{"value":"0.0"},{"value":"18.0"}],[{"value":"2013"},{"value":"CH"},{"value":"13.0"},{"value":"34.0"},{"value":"0.0"},{"value":"22.0"}],[{"value":"2003"},{"value":"NO"},{"value":"-30.5"},{"value":"30.0"},{"value":"0.0"},{"value":"81.0"}],[{"value":"2004"},{"value":"SW"},{"value":"-37.6"},{"value":"28.1"},{"value":"0.0"},{"value":"19.0"}],[{"value":"2007"},{"value":"CH"},{"value":"10.0"},{"value":"34.0"},{"value":"0.0"},{"value":"15.0"}],[{"value":"2003"},{"value":"AS"},{"value":"0.3"},{"value":"45.8"},{"value":"0.0"},{"value":"14.4"}],[{"value":"2009"},{"value":"GK"},{"value":"-3.0"},{"value":"28.0"},{"value":"0.0"},{"value":"18.5"}],[{"value":"2009"},{"value":"MY"},{"value":"21.0"},{"value":"34.0"},{"value":"0.0"},{"value":"8.7"}],[{"value":"2011"},{"value":"RS"},{"value":"-33.0"},{"value":"32.0"},{"value":"0.0"},{"value":"12.0"}],[{"value":"2005"},{"value":"RS"},{"value":"-27.0"},{"value":"29.0"},{"value":"0.0"},{"value":"12.0"}],[{"value":"2014"},{"value":"BE"},{"value":"-7.0"},{"value":"33.1"},{"value":"0.0"},{"value":"16.0"}],[{"value":"2003"},{"value":"AU"},{"value":"-17.6"},{"value":"37.4"},{"value":"0.0"},{"value":"22.6"}],[{"value":"2008"},{"value":"BE"},{"value":"-8.0"},{"value":"31.0"},{"value":"0.0"},{"value":"16.5"}],[{"value":"2009"},{"value":"GM"},{"value":"-18.0"},{"value":"32.0"},{"value":"0.0"},{"value":"13.0"}],[{"value":"2011"},{"value":"EZ"},{"value":"-15.0"},{"value":"32.0"},{"value":"0.0"},{"value":"17.0"}],[{"value":"2014"},{"value":"US"},{"value":"-37.2"},{"value":"41.2"},{"value":"0.0"},{"value":"31.0"}],[{"value":"2005"},{"value":"EZ"},{"value":"-15.0"},{"value":"35.0"},{"value":"0.0"},{"value":"19.0"}],[{"value":"2008"},{"value":"US"},{"value":"-42.2"},{"value":"41.9"},{"value":"0.0"},{"value":"26.7"}],[{"value":"2013"},{"value":"PL"},{"value":"-18.0"},{"value":"37.2"},{"value":"0.0"},{"value":"16.0"}],[{"value":"2007"},{"value":"PL"},{"value":"-12.0"},{"value":"35.0"},{"value":"0.0"},{"value":"18.0"}],[{"value":"2013"},{"value":"JA"},{"value":"-0.3"},{"value":"34.5"},{"value":"0.0"},{"value":"38.0"}],[{"value":"2013"},{"value":"PO"},{"value":"-1.0"},{"value":"38.0"},{"value":"0.0"},{"value":"20.0"}],[{"value":"2007"},{"value":"JA"},{"value":"-0.4"},{"value":"34.5"},{"value":"0.0"},{"value":"36.5"}],[{"value":"2007"},{"value":"PO"},{"value":"-1.0"},{"value":"35.0"},{"value":"0.0"},{"value":"13.9"}],[{"value":"2003"},{"value":"UK"},{"value":"-7.2"},{"value":"37.4"},{"value":"0.0"},{"value":"22.0"}],[{"value":"2010"},{"value":"GK"},{"value":"-2.0"},{"value":"24.2"},{"value":"0.0"},{"value":"18.5"}],[{"value":"2010"},{"value":"MY"},{"value":"23.0"},{"value":"37.0"},{"value":"0.0"},{"value":"9.8"}],[{"value":"2004"},{"value":"GK"},{"value":"-1.0"},{"value":"27.0"},{"value":"0.0"},{"value":"26.0"}],[{"value":"2004"},{"value":"MY"},{"value":"22.0"},{"value":"36.0"},{"value":"0.0"},{"value":"11.8"}],[{"value":"2011"},{"value":"SC"},{"value":"20.0"},{"value":"32.0"},{"value":"0.0"},{"value":"14.0"}],[{"value":"2005"},{"value":"SC"},{"value":"19.0"},{"value":"33.2"},{"value":"0.0"},{"value":"28.3"}],[{"value":"2009"},{"value":"AM"},{"value":"-20.0"},{"value":"37.0"},{"value":"0.0"},{"value":"13.0"}],[{"value":"2010"},{"value":"GM"},{"value":"-13.0"},{"value":"34.0"},{"value":"0.0"},{"value":"17.0"}],[{"value":"2011"},{"value":"LU"},{"value":"-7.2"},{"value":"33.0"},{"value":"0.0"},{"value":"15.4"}],[{"value":"2014"},{"value":"IC"},{"value":"-7.0"},{"value":"18.0"},{"value":"0.0"},{"value":"29.3"}],[{"value":"2003"},{"value":"BE"},{"value":"-11.3"},{"value":"36.3"},{"value":"0.0"},{"value":"19.0"}],[{"value":"2004"},{"value":"GM"},{"value":"-10.2"},{"value":"30.0"},{"value":"0.0"},{"value":"16.5"}],[{"value":"2005"},{"value":"LU"},{"value":"-13.0"},{"value":"32.0"},{"value":"0.0"},{"value":"13.4"}],[{"value":"2008"},{"value":"IC"},{"value":"-13.0"},{"value":"22.0"},{"value":"0.0"},{"value":"31.9"}],[{"value":"2009"},{"value":"NL"},{"value":"-17.9"},{"value":"34.8"},{"value":"0.0"},{"value":"27.8"}],[{"value":"2011"},{"value":"FI"},{"value":"-34.4"},{"value":"30.7"},{"value":"0.0"},{"value":"21.0"}],[{"value":"2011"},{"value":"SF"},{"value":"2.3"},{"value":"34.9"},{"value":"0.0"},{"value":"12.3"}],[{"value":"2005"},{"value":"FI"},{"value":"-25.0"},{"value":"28.0"},{"value":"0.0"},{"value":"13.4"}],[{"value":"2005"},{"value":"SF"},{"value":"6.1"},{"value":"38.2"},{"value":"0.0"},{"value":"11.8"}],[{"value":"2010"},{"value":"GP"},{"value":"23.8"},{"value":"31.6"},{"value":"1.0"},{"value":"11.8"}],[{"value":"2003"},{"value":"US"},{"value":"-44.0"},{"value":"41.0"},{"value":"0.0"},{"value":"35.0"}],[{"value":"2004"},{"value":"GP"},{"value":"22.5"},{"value":"37.6"},{"value":"0.0"},{"value":"29.8"}],[{"value":"2009"},{"value":"NO"},{"value":"-35.7"},{"value":"28.4"},{"value":"0.0"},{"value":"35.0"}],[{"value":"2009"},{"value":"AS"},{"value":"1.8"},{"value":"44.6"},{"value":"0.0"},{"value":"17.0"}],[{"value":"2013"},{"value":"DA"},{"value":"-16.7"},{"value":"33.0"},{"value":"0.0"},{"value":"24.2"}],[{"value":"2007"},{"value":"DA"},{"value":"-15.0"},{"value":"31.0"},{"value":"0.0"},{"value":"21.6"}],[{"value":"2009"},{"value":"AU"},{"value":"-16.8"},{"value":"33.0"},{"value":"0.0"},{"value":"13.9"}],[{"value":"2011"},{"value":"FR"},{"value":"-9.0"},{"value":"37.8"},{"value":"0.0"},{"value":"19.5"}],[{"value":"2005"},{"value":"FR"},{"value":"-12.4"},{"value":"37.0"},{"value":"0.0"},{"value":"15.9"}],[{"value":"2014"},{"value":"CA"},{"value":"-43.6"},{"value":"35.9"},{"value":"0.0"},{"value":"26.8"}],[{"value":"2008"},{"value":"CA"},{"value":"-47.0"},{"value":"35.0"},{"value":"0.0"},{"value":"36.5"}],[{"value":"2010"},{"value":"AM"},{"value":"-11.0"},{"value":"41.0"},{"value":"0.0"},{"value":"14.0"}],[{"value":"2004"},{"value":"AM"},{"value":"-16.0"},{"value":"39.0"},{"value":"0.0"},{"value":"13.0"}],[{"value":"2003"},{"value":"IC"},{"value":"-9.0"},{"value":"20.0"},{"value":"0.0"},{"value":"30.9"}],[{"value":"2010"},{"value":"NL"},{"value":"-15.0"},{"value":"35.0"},{"value":"0.0"},{"value":"28.3"}],[{"value":"2004"},{"value":"NL"},{"value":"-10.1"},{"value":"33.0"},{"value":"0.0"},{"value":"28.3"}],[{"value":"2014"},{"value":"IT"},{"value":"-6.8"},{"value":"24.0"},{"value":"0.0"},{"value":"20.6"}],[{"value":"2008"},{"value":"IT"},{"value":"-6.2"},{"value":"23.0"},{"value":"0.0"},{"value":"16.4"}],[{"value":"2009"},{"value":"UK"},{"value":"-9.0"},{"value":"30.2"},{"value":"0.0"},{"value":"24.2"}],[{"value":"2010"},{"value":"NO"},{"value":"-42.1"},{"value":"25.6"},{"value":"0.0"},{"value":"30.9"}],[{"value":"2011"},{"value":"SW"},{"value":"-41.6"},{"value":"29.9"},{"value":"0.0"},{"value":"19.0"}],[{"value":"2014"},{"value":"CH"},{"value":"11.0"},{"value":"34.0"},{"value":"0.0"},{"value":"15.0"}],[{"value":"2004"},{"value":"NO"},{"value":"-31.0"},{"value":"28.2"},{"value":"0.0"},{"value":"32.0"}],[{"value":"2005"},{"value":"SW"},{"value":"-33.6"},{"value":"28.6"},{"value":"0.0"},{"value":"18.0"}],[{"value":"2008"},{"value":"CH"},{"value":"12.0"},{"value":"33.0"},{"value":"0.0"},{"value":"16.0"}],[{"value":"2010"},{"value":"AS"},{"value":"0.1"},{"value":"42.2"},{"value":"0.0"},{"value":"13.4"}],[{"value":"2004"},{"value":"AS"},{"value":"1.6"},{"value":"44.1"},{"value":"0.0"},{"value":"14.0"}],[{"value":"2012"},{"value":"RS"},{"value":"-37.0"},{"value":"32.0"},{"value":"0.0"},{"value":"12.0"}],[{"value":"2006"},{"value":"RS"},{"value":"-38.0"},{"value":"30.6"},{"value":"0.0"},{"value":"11.0"}],[{"value":"2010"},{"value":"AU"},{"value":"-13.6"},{"value":"35.0"},{"value":"0.0"},{"value":"14.9"}],[{"value":"2004"},{"value":"AU"},{"value":"-14.4"},{"value":"32.5"},{"value":"0.0"},{"value":"13.4"}],[{"value":"2009"},{"value":"BE"},{"value":"-15.4"},{"value":"34.2"},{"value":"0.0"},{"value":"16.0"}],[{"value":"2012"},{"value":"EZ"},{"value":"-22.0"},{"value":"37.3"},{"value":"0.0"},{"value":"19.0"}],[{"value":"2006"},{"value":"EZ"},{"value":"-17.0"},{"value":"34.0"},{"value":"0.0"},{"value":"18.0"}],[{"value":"2009"},{"value":"US"},{"value":"-46.0"},{"value":"41.6"},{"value":"0.0"},{"value":"31.9"}],[{"value":"2014"},{"value":"PL"},{"value":"-15.0"},{"value":"32.0"},{"value":"0.0"},{"value":"14.9"}],[{"value":"2008"},{"value":"PL"},{"value":"-14.0"},{"value":"30.0"},{"value":"0.0"},{"value":"25.7"}],[{"value":"2003"},{"value":"CA"},{"value":"-40.1"},{"value":"35.8"},{"value":"0.0"},{"value":"27.8"}],[{"value":"2014"},{"value":"JA"},{"value":"-0.5"},{"value":"33.9"},{"value":"0.0"},{"value":"19.6"}],[{"value":"2014"},{"value":"PO"},{"value":"-1.0"},{"value":"32.0"},{"value":"0.0"},{"value":"15.4"}],[{"value":"2008"},{"value":"JA"},{"value":"-0.7"},{"value":"33.7"},{"value":"0.0"},{"value":"29.8"}],[{"value":"2008"},{"value":"PO"},{"value":"0.6"},{"value":"32.0"},{"value":"0.0"},{"value":"15.4"}],[{"value":"2010"},{"value":"UK"},{"value":"-17.0"},{"value":"30.4"},{"value":"0.0"},{"value":"19.0"}],[{"value":"2003"},{"value":"IT"},{"value":"-9.0"},{"value":"30.0"},{"value":"0.0"},{"value":"25.0"}],[{"value":"2004"},{"value":"UK"},{"value":"-6.1"},{"value":"31.0"},{"value":"0.0"},{"value":"32.0"}],[{"value":"2011"},{"value":"GK"},{"value":"1.0"},{"value":"28.0"},{"value":"0.0"},{"value":"19.0"}],[{"value":"2011"},{"value":"MY"},{"value":"21.0"},{"value":"34.0"},{"value":"0.0"},{"value":"10.8"}],[{"value":"2005"},{"value":"GK"},{"value":"-1.3"},{"value":"26.4"},{"value":"0.0"},{"value":"19.0"}],[{"value":"2005"},{"value":"MY"},{"value":"22.0"},{"value":"36.0"},{"value":"0.0"},{"value":"10.3"}],[{"value":"2012"},{"value":"SC"},{"value":"21.0"},{"value":"36.0"},{"value":"0.0"},{"value":"26.2"}],[{"value":"2006"},{"value":"SC"},{"value":"20.0"},{"value":"32.0"},{"value":"0.0"},{"value":"20.6"}],[{"value":"2010"},{"value":"BE"},{"value":"-12.2"},{"value":"36.0"},{"value":"0.0"},{"value":"19.5"}],[{"value":"2011"},{"value":"GM"},{"value":"-10.0"},{"value":"30.0"},{"value":"0.0"},{"value":"15.4"}],[{"value":"2012"},{"value":"LU"},{"value":"-15.0"},{"value":"35.0"},{"value":"0.0"},{"value":"13.9"}],[{"value":"2004"},{"value":"BE"},{"value":"-10.2"},{"value":"32.0"},{"value":"0.0"},{"value":"25.0"}],[{"value":"2005"},{"value":"GM"},{"value":"-14.0"},{"value":"31.0"},{"value":"0.0"},{"value":"14.4"}],[{"value":"2006"},{"value":"LU"},{"value":"-9.0"},{"value":"35.3"},{"value":"0.0"},{"value":"14.9"}],[{"value":"2009"},{"value":"IC"},{"value":"-9.0"},{"value":"19.0"},{"value":"0.0"},{"value":"25.7"}],[{"value":"2012"},{"value":"FI"},{"value":"-34.7"},{"value":"29.9"},{"value":"0.0"},{"value":"17.0"}],[{"value":"2012"},{"value":"SF"},{"value":"2.2"},{"value":"36.0"},{"value":"0.0"},{"value":"10.3"}],[{"value":"2006"},{"value":"FI"},{"value":"-31.0"},{"value":"27.0"},{"value":"0.0"},{"value":"12.0"}],[{"value":"2006"},{"value":"SF"},{"value":"6.3"},{"value":"37.6"},{"value":"0.0"},{"value":"13.4"}],[{"value":"2010"},{"value":"US"},{"value":"-39.4"},{"value":"44.2"},{"value":"0.0"},{"value":"26.7"}],[{"value":"2004"},{"value":"US"},{"value":"-46.0"},{"value":"39.3"},{"value":"0.0"},{"value":"28.3"}],[{"value":"2005"},{"value":"GP"},{"value":"21.1"},{"value":"33.4"},{"value":"0.0"},{"value":"29.8"}],[{"value":"2003"},{"value":"PL"},{"value":"-21.0"},{"value":"33.5"},{"value":"0.0"},{"value":"23.0"}],[{"value":"2014"},{"value":"DA"},{"value":"-9.0"},{"value":"30.2"},{"value":"0.0"},{"value":"17.0"}],[{"value":"2008"},{"value":"DA"},{"value":"-9.4"},{"value":"30.4"},{"value":"0.0"},{"value":"20.6"}],[{"value":"2003"},{"value":"JA"},{"value":"-0.7"},{"value":"34.2"},{"value":"0.0"},{"value":"21.6"}],[{"value":"2003"},{"value":"PO"},{"value":"-2.0"},{"value":"39.0"},{"value":"0.0"},{"value":"20.0"}],[{"value":"2012"},{"value":"FR"},{"value":"-16.6"},{"value":"39.0"},{"value":"0.0"},{"value":"15.9"}],[{"value":"2006"},{"value":"FR"},{"value":"-10.0"},{"value":"36.4"},{"value":"0.0"},{"value":"15.9"}],[{"value":"2009"},{"value":"CA"},{"value":"-45.0"},{"value":"35.0"},{"value":"0.0"},{"value":"20.6"}],[{"value":"2011"},{"value":"AM"},{"value":"-16.0"},{"value":"42.0"},{"value":"0.0"},{"value":"14.0"}],[{"value":"2005"},{"value":"AM"},{"value":"-19.0"},{"value":"39.0"},{"value":"0.0"},{"value":"14.0"}],[{"value":"2010"},{"value":"IC"},{"value":"-10.0"},{"value":"19.5"},{"value":"0.0"},{"value":"24.2"}],[{"value":"2004"},{"value":"IC"},{"value":"-11.7"},{"value":"27.0"},{"value":"0.0"},{"value":"32.0"}],[{"value":"2011"},{"value":"NL"},{"value":"-8.2"},{"value":"34.0"},{"value":"0.0"},{"value":"31.4"}],[{"value":"2005"},{"value":"NL"},{"value":"-16.0"},{"value":"34.4"},{"value":"0.0"},{"value":"38.1"}],[{"value":"2009"},{"value":"IT"},{"value":"-8.0"},{"value":"25.0"},{"value":"0.0"},{"value":"20.6"}],[{"value":"2011"},{"value":"NO"},{"value":"-37.8"},{"value":"29.0"},{"value":"0.0"},{"value":"38.6"}],[{"value":"2012"},{"value":"SW"},{"value":"-42.7"},{"value":"26.3"},{"value":"0.0"},{"value":"18.0"}],[{"value":"2005"},{"value":"NO"},{"value":"-34.2"},{"value":"28.2"},{"value":"0.0"},{"value":"32.4"}],[{"value":"2006"},{"value":"SW"},{"value":"-37.7"},{"value":"29.4"},{"value":"0.0"},{"value":"17.0"}],[{"value":"2009"},{"value":"CH"},{"value":"10.0"},{"value":"33.0"},{"value":"0.0"},{"value":"12.0"}],[{"value":"2011"},{"value":"AS"},{"value":"-0.8"},{"value":"45.2"},{"value":"0.0"},{"value":"11.3"}],[{"value":"2005"},{"value":"AS"},{"value":"2.6"},{"value":"43.4"},{"value":"0.0"},{"value":"12.9"}],[{"value":"2013"},{"value":"RS"},{"value":"-35.3"},{"value":"32.0"},{"value":"0.0"},{"value":"13.0"}],[{"value":"2003"},{"value":"DA"},{"value":"-16.0"},{"value":"30.0"},{"value":"0.0"},{"value":"23.0"}],[{"value":"2007"},{"value":"RS"},{"value":"-30.5"},{"value":"31.0"},{"value":"0.0"},{"value":"21.0"}],[{"value":"2011"},{"value":"AU"},{"value":"-15.0"},{"value":"35.0"},{"value":"0.0"},{"value":"15.9"}],[{"value":"2005"},{"value":"AU"},{"value":"-18.9"},{"value":"35.2"},{"value":"0.0"},{"value":"11.8"}],[{"value":"2013"},{"value":"EZ"},{"value":"-19.0"},{"value":"35.0"},{"value":"0.0"},{"value":"21.6"}],[{"value":"2007"},{"value":"EZ"},{"value":"-9.0"},{"value":"35.2"},{"value":"0.0"},{"value":"26.2"}],[{"value":"2009"},{"value":"PL"},{"value":"-22.0"},{"value":"32.1"},{"value":"0.0"},{"value":"15.4"}],[{"value":"2010"},{"value":"CA"},{"value":"-43.2"},{"value":"34.0"},{"value":"0.0"},{"value":"25.7"}],[{"value":"2004"},{"value":"CA"},{"value":"-44.0"},{"value":"32.2"},{"value":"0.0"},{"value":"32.4"}],[{"value":"2009"},{"value":"JA"},{"value":"-0.2"},{"value":"35.0"},{"value":"0.0"},{"value":"26.7"}],[{"value":"2009"},{"value":"PO"},{"value":"-1.4"},{"value":"36.0"},{"value":"0.0"},{"value":"17.5"}],[{"value":"2010"},{"value":"IT"},{"value":"-8.0"},{"value":"21.0"},{"value":"0.0"},{"value":"20.6"}],[{"value":"2011"},{"value":"UK"},{"value":"-5.2"},{"value":"32.0"},{"value":"0.0"},{"value":"26.7"}],[{"value":"2004"},{"value":"IT"},{"value":"-7.0"},{"value":"27.0"},{"value":"0.0"},{"value":"18.5"}],[{"value":"2005"},{"value":"UK"},{"value":"-8.0"},{"value":"32.4"},{"value":"0.0"},{"value":"37.0"}],[{"value":"2010"},{"value":"CH"},{"value":"12.0"},{"value":"34.0"},{"value":"0.0"},{"value":"20.0"}],[{"value":"2004"},{"value":"CH"},{"value":"14.0"},{"value":"33.0"},{"value":"0.0"},{"value":"10.0"}],[{"value":"2012"},{"value":"GK"},{"value":"-3.0"},{"value":"26.0"},{"value":"0.0"},{"value":"33.4"}],[{"value":"2012"},{"value":"MY"},{"value":"23.0"},{"value":"34.0"},{"value":"0.0"},{"value":"9.3"}],[{"value":"2006"},{"value":"GK"},{"value":"0.0"},{"value":"30.0"},{"value":"0.0"},{"value":"18.0"}],[{"value":"2006"},{"value":"MY"},{"value":"3.0"},{"value":"36.0"},{"value":"0.0"},{"value":"8.7"}],[{"value":"2013"},{"value":"SC"},{"value":"20.0"},{"value":"33.0"},{"value":"0.0"},{"value":"24.7"}],[{"value":"2007"},{"value":"SC"},{"value":"22.0"},{"value":"33.0"},{"value":"0.0"},{"value":"15.4"}],[{"value":"2011"},{"value":"BE"},{"value":"-6.3"},{"value":"35.0"},{"value":"0.0"},{"value":"15.9"}],[{"value":"2012"},{"value":"GM"},{"value":"-19.0"},{"value":"34.0"},{"value":"0.0"},{"value":"13.9"}],[{"value":"2013"},{"value":"LU"},{"value":"-11.0"},{"value":"33.0"},{"value":"0.0"},{"value":"12.4"}],[{"value":"2005"},{"value":"BE"},{"value":"-10.1"},{"value":"35.0"},{"value":"0.0"},{"value":"23.1"}],[{"value":"2006"},{"value":"GM"},{"value":"-10.4"},{"value":"34.0"},{"value":"0.0"},{"value":"12.9"}],[{"value":"2007"},{"value":"LU"},{"value":"-8.0"},{"value":"31.0"},{"value":"0.0"},{"value":"17.0"}],[{"value":"2013"},{"value":"FI"},{"value":"-32.7"},{"value":"29.9"},{"value":"0.0"},{"value":"20.0"}],[{"value":"2013"},{"value":"SF"},{"value":"1.5"},{"value":"36.1"},{"value":"0.0"},{"value":"8.2"}],[{"value":"2007"},{"value":"FI"},{"value":"-29.0"},{"value":"26.7"},{"value":"0.0"},{"value":"14.4"}],[{"value":"2007"},{"value":"SF"},{"value":"4.2"},{"value":"38.0"},{"value":"0.0"},{"value":"7.7"}],[{"value":"2011"},{"value":"US"},{"value":"-44.0"},{"value":"46.4"},{"value":"0.0"},{"value":"36.0"}],[{"value":"2005"},{"value":"US"},{"value":"-49.0"},{"value":"43.0"},{"value":"0.0"},{"value":"33.4"}],[{"value":"2006"},{"value":"GP"},{"value":"21.8"},{"value":"32.2"},{"value":"0.0"},{"value":"18.0"}],[{"value":"2010"},{"value":"PL"},{"value":"-24.0"},{"value":"35.0"},{"value":"0.0"},{"value":"13.4"}],[{"value":"2004"},{"value":"PL"},{"value":"-21.0"},{"value":"32.0"},{"value":"0.0"},{"value":"16.5"}],[{"value":"2009"},{"value":"DA"},{"value":"-15.0"},{"value":"32.0"},{"value":"0.0"},{"value":"20.6"}],[{"value":"2010"},{"value":"JA"},{"value":"-0.2"},{"value":"34.0"},{"value":"0.0"},{"value":"32.9"}],[{"value":"2010"},{"value":"PO"},{"value":"-1.6"},{"value":"38.0"},{"value":"0.0"},{"value":"21.6"}],[{"value":"2004"},{"value":"JA"},{"value":"-1.0"},{"value":"34.2"},{"value":"0.0"},{"value":"32.4"}],[{"value":"2004"},{"value":"PO"},{"value":"0.0"},{"value":"34.0"},{"value":"0.0"},{"value":"17.0"}],[{"value":"2013"},{"value":"FR"},{"value":"-8.0"},{"value":"38.1"},{"value":"0.0"},{"value":"16.5"}],[{"value":"2007"},{"value":"FR"},{"value":"-13.7"},{"value":"34.4"},{"value":"0.0"},{"value":"18.0"}],[{"value":"2012"},{"value":"AM"},{"value":"-22.0"},{"value":"39.0"},{"value":"0.0"},{"value":"12.0"}],[{"value":"2006"},{"value":"AM"},{"value":"-24.0"},{"value":"41.0"},{"value":"0.0"},{"value":"13.0"}],[{"value":"2011"},{"value":"IC"},{"value":"-14.0"},{"value":"17.2"},{"value":"0.0"},{"value":"31.9"}],[{"value":"2005"},{"value":"IC"},{"value":"-7.8"},{"value":"19.0"},{"value":"0.0"},{"value":"30.0"}],[{"value":"2012"},{"value":"NL"},{"value":"-18.4"},{"value":"35.0"},{"value":"0.0"},{"value":"28.8"}],[{"value":"2006"},{"value":"NL"},{"value":"-10.0"},{"value":"37.0"},{"value":"0.0"},{"value":"35.5"}],[{"value":"2012"},{"value":"NO"},{"value":"-33.0"},{"value":"24.8"},{"value":"0.0"},{"value":"39.6"}],[{"value":"2013"},{"value":"SW"},{"value":"-36.7"},{"value":"26.3"},{"value":"0.0"},{"value":"17.0"}],[{"value":"2006"},{"value":"NO"},{"value":"-33.6"},{"value":"29.4"},{"value":"0.0"},{"value":"31.0"}],[{"value":"2007"},{"value":"SW"},{"value":"-36.7"},{"value":"29.9"},{"value":"0.0"},{"value":"19.0"}],[{"value":"2012"},{"value":"AS"},{"value":"0.1"},{"value":"43.6"},{"value":"0.0"},{"value":"13.9"}],[{"value":"2006"},{"value":"AS"},{"value":"1.1"},{"value":"44.8"},{"value":"0.0"},{"value":"15.9"}],[{"value":"2010"},{"value":"DA"},{"value":"-17.4"},{"value":"31.2"},{"value":"0.0"},{"value":"14.9"}],[{"value":"2014"},{"value":"RS"},{"value":"-28.9"},{"value":"30.5"},{"value":"0.0"},{"value":"11.0"}],[{"value":"2004"},{"value":"DA"},{"value":"-14.0"},{"value":"30.0"},{"value":"0.0"},{"value":"16.5"}],[{"value":"2008"},{"value":"RS"},{"value":"-27.6"},{"value":"31.2"},{"value":"0.0"},{"value":"12.0"}],[{"value":"2012"},{"value":"AU"},{"value":"-18.0"},{"value":"34.2"},{"value":"0.0"},{"value":"15.4"}],[{"value":"2006"},{"value":"AU"},{"value":"-19.4"},{"value":"34.0"},{"value":"0.0"},{"value":"12.3"}],[{"value":"2014"},{"value":"EZ"},{"value":"-15.0"},{"value":"33.0"},{"value":"0.0"},{"value":"16.5"}],[{"value":"2008"},{"value":"EZ"},{"value":"-10.0"},{"value":"31.0"},{"value":"0.0"},{"value":"20.6"}],[{"value":"2011"},{"value":"CA"},{"value":"-45.0"},{"value":"34.7"},{"value":"0.0"},{"value":"24.7"}],[{"value":"2005"},{"value":"CA"},{"value":"-47.0"},{"value":"33.2"},{"value":"0.0"},{"value":"35.5"}],[{"value":"2011"},{"value":"IT"},{"value":"-5.2"},{"value":"25.0"},{"value":"0.0"},{"value":"19.5"}],[{"value":"2012"},{"value":"UK"},{"value":"-14.0"},{"value":"30.0"},{"value":"0.0"},{"value":"23.1"}],[{"value":"2005"},{"value":"IT"},{"value":"-13.0"},{"value":"28.0"},{"value":"0.0"},{"value":"17.0"}],[{"value":"2006"},{"value":"UK"},{"value":"-8.4"},{"value":"35.0"},{"value":"0.0"},{"value":"22.6"}],[{"value":"2011"},{"value":"CH"},{"value":"12.0"},{"value":"34.0"},{"value":"0.0"},{"value":"16.0"}],[{"value":"2005"},{"value":"CH"},{"value":"10.0"},{"value":"33.0"},{"value":"0.0"},{"value":"26.0"}],[{"value":"2013"},{"value":"GK"},{"value":"-1.5"},{"value":"26.0"},{"value":"0.0"},{"value":"20.1"}],[{"value":"2013"},{"value":"MY"},{"value":"22.0"},{"value":"34.0"},{"value":"0.0"},{"value":"10.3"}],[{"value":"2007"},{"value":"GK"},{"value":"-0.4"},{"value":"23.0"},{"value":"0.0"},{"value":"22.1"}],[{"value":"2007"},{"value":"MY"},{"value":"20.0"},{"value":"35.0"},{"value":"0.0"},{"value":"9.8"}],[{"value":"2014"},{"value":"SC"},{"value":"20.0"},{"value":"32.0"},{"value":"0.0"},{"value":"30.4"}],[{"value":"2003"},{"value":"RS"},{"value":"-34.5"},{"value":"31.0"},{"value":"0.0"},{"value":"14.0"}],[{"value":"2008"},{"value":"SC"},{"value":"20.0"},{"value":"33.0"},{"value":"0.0"},{"value":"26.2"}],[{"value":"2012"},{"value":"BE"},{"value":"-17.0"},{"value":"35.0"},{"value":"0.0"},{"value":"16.0"}],[{"value":"2013"},{"value":"GM"},{"value":"-10.0"},{"value":"32.0"},{"value":"0.0"},{"value":"14.4"}],[{"value":"2014"},{"value":"LU"},{"value":"-10.0"},{"value":"32.1"},{"value":"0.0"},{"value":"13.4"}],[{"value":"2006"},{"value":"BE"},{"value":"-8.1"},{"value":"36.1"},{"value":"0.0"},{"value":"19.0"}],[{"value":"2007"},{"value":"GM"},{"value":"-10.0"},{"value":"31.0"},{"value":"0.0"},{"value":"15.9"}],[{"value":"2008"},{"value":"LU"},{"value":"-7.0"},{"value":"31.4"},{"value":"0.0"},{"value":"14.9"}],[{"value":"2014"},{"value":"FI"},{"value":"-28.6"},{"value":"30.3"},{"value":"0.0"},{"value":"18.0"}],[{"value":"2014"},{"value":"SF"},{"value":"0.9"},{"value":"37.4"},{"value":"0.0"},{"value":"13.4"}],[{"value":"2008"},{"value":"FI"},{"value":"-23.0"},{"value":"25.7"},{"value":"0.0"},{"value":"26.0"}],[{"value":"2008"},{"value":"SF"},{"value":"3.3"},{"value":"39.8"},{"value":"0.0"},{"value":"11.3"}],[{"value":"2012"},{"value":"US"},{"value":"-49.0"},{"value":"44.7"},{"value":"0.0"},{"value":"22.6"}],[{"value":"2003"},{"value":"EZ"},{"value":"-16.0"},{"value":"37.0"},{"value":"0.0"},{"value":"16.5"}],[{"value":"2006"},{"value":"US"},{"value":"-43.0"},{"value":"43.6"},{"value":"0.0"},{"value":"37.0"}],[{"value":"2007"},{"value":"GP"},{"value":"2.4"},{"value":"3.7"},{"value":"2.6"},{"value":"6.2"}],[{"value":"2011"},{"value":"PL"},{"value":"-18.0"},{"value":"33.0"},{"value":"0.0"},{"value":"13.9"}],[{"value":"2005"},{"value":"PL"},{"value":"-21.0"},{"value":"33.4"},{"value":"0.0"},{"value":"20.6"}],[{"value":"2011"},{"value":"JA"},{"value":"-1.4"},{"value":"34.1"},{"value":"0.0"},{"value":"27.3"}],[{"value":"2011"},{"value":"PO"},{"value":"-1.0"},{"value":"33.5"},{"value":"0.0"},{"value":"15.4"}],[{"value":"2005"},{"value":"JA"},{"value":"0.2"},{"value":"33.2"},{"value":"0.0"},{"value":"31.9"}],[{"value":"2005"},{"value":"PO"},{"value":"-1.7"},{"value":"38.0"},{"value":"0.0"},{"value":"14.4"}],[{"value":"2014"},{"value":"FR"},{"value":"-9.0"},{"value":"36.1"},{"value":"0.0"},{"value":"16.5"}],[{"value":"2008"},{"value":"FR"},{"value":"-8.0"},{"value":"34.5"},{"value":"0.0"},{"value":"18.0"}],[{"value":"2013"},{"value":"AM"},{"value":"-19.0"},{"value":"38.0"},{"value":"0.0"},{"value":"14.0"}],[{"value":"2003"},{"value":"SC"},{"value":"21.0"},{"value":"33.0"},{"value":"0.0"},{"value":"23.1"}],[{"value":"2007"},{"value":"AM"},{"value":"-24.0"},{"value":"38.0"},{"value":"0.0"},{"value":"13.0"}],[{"value":"2012"},{"value":"IC"},{"value":"-7.0"},{"value":"19.0"},{"value":"0.0"},{"value":"29.0"}],[{"value":"2003"},{"value":"LU"},{"value":"-13.0"},{"value":"37.4"},{"value":"0.0"},{"value":"16.5"}],[{"value":"2006"},{"value":"IC"},{"value":"-11.0"},{"value":"18.0"},{"value":"0.0"},{"value":"39.0"}],[{"value":"2013"},{"value":"NL"},{"value":"-14.4"},{"value":"35.0"},{"value":"0.0"},{"value":"37.1"}],[{"value":"2007"},{"value":"NL"},{"value":"-10.0"},{"value":"31.0"},{"value":"0.0"},{"value":"28.8"}],[{"value":"2003"},{"value":"FI"},{"value":"-33.0"},{"value":"29.4"},{"value":"0.0"},{"value":"14.4"}],[{"value":"2003"},{"value":"SF"},{"value":"5.1"},{"value":"39.6"},{"value":"0.0"},{"value":"7.7"}],[{"value":"2013"},{"value":"NO"},{"value":"-35.4"},{"value":"28.0"},{"value":"0.0"},{"value":"39.1"}],[{"value":"2014"},{"value":"SW"},{"value":"-34.5"},{"value":"28.9"},{"value":"1.0"},{"value":"16.0"}],[{"value":"2007"},{"value":"NO"},{"value":"-35.0"},{"value":"29.0"},{"value":"0.0"},{"value":"26.0"}],[{"value":"2008"},{"value":"SW"},{"value":"-36.1"},{"value":"29.9"},{"value":"0.0"},{"value":"21.0"}],[{"value":"2013"},{"value":"AS"},{"value":"2.8"},{"value":"47.6"},{"value":"0.0"},{"value":"13.4"}],[{"value":"2007"},{"value":"AS"},{"value":"1.1"},{"value":"42.9"},{"value":"0.0"},{"value":"13.4"}],[{"value":"2011"},{"value":"DA"},{"value":"-13.1"},{"value":"27.0"},{"value":"0.0"},{"value":"22.6"}],[{"value":"2005"},{"value":"DA"},{"value":"-12.3"},{"value":"29.1"},{"value":"0.0"},{"value":"21.6"}],[{"value":"2009"},{"value":"RS"},{"value":"-30.9"},{"value":"31.4"},{"value":"0.0"},{"value":"18.0"}],[{"value":"2013"},{"value":"AU"},{"value":"-12.3"},{"value":"37.4"},{"value":"0.0"},{"value":"17.5"}],[{"value":"2007"},{"value":"AU"},{"value":"-10.4"},{"value":"36.0"},{"value":"0.0"},{"value":"13.4"}],[{"value":"2009"},{"value":"EZ"},{"value":"-17.0"},{"value":"33.0"},{"value":"0.0"},{"value":"18.5"}],[{"value":"2003"},{"value":"FR"},{"value":"-13.9"},{"value":"39.1"},{"value":"0.0"},{"value":"19.0"}],[{"value":"2012"},{"value":"CA"},{"value":"-40.2"},{"value":"36.0"},{"value":"0.0"},{"value":"27.3"}],[{"value":"2006"},{"value":"CA"},{"value":"-43.0"},{"value":"35.9"},{"value":"0.0"},{"value":"31.4"}],[{"value":"2012"},{"value":"IT"},{"value":"-13.0"},{"value":"27.0"},{"value":"0.0"},{"value":"18.0"}],[{"value":"2013"},{"value":"UK"},{"value":"-13.0"},{"value":"33.1"},{"value":"0.0"},{"value":"20.1"}],[{"value":"2006"},{"value":"IT"},{"value":"-9.0"},{"value":"27.0"},{"value":"0.0"},{"value":"18.0"}],[{"value":"2007"},{"value":"UK"},{"value":"-6.4"},{"value":"29.0"},{"value":"0.0"},{"value":"25.7"}],[{"value":"2012"},{"value":"CH"},{"value":"14.0"},{"value":"34.0"},{"value":"0.0"},{"value":"22.0"}],[{"value":"2003"},{"value":"SW"},{"value":"-40.2"},{"value":"28.6"},{"value":"0.0"},{"value":"20.0"}],[{"value":"2006"},{"value":"CH"},{"value":"0.0"},{"value":"35.0"},{"value":"0.0"},{"value":"13.0"}],[{"value":"2014"},{"value":"GK"},{"value":"2.0"},{"value":"24.0"},{"value":"0.0"},{"value":"21.1"}],[{"value":"2014"},{"value":"MY"},{"value":"19.0"},{"value":"36.0"},{"value":"0.0"},{"value":"9.8"}],[{"value":"2008"},{"value":"GK"},{"value":"-0.3"},{"value":"24.0"},{"value":"0.0"},{"value":"22.6"}],[{"value":"2008"},{"value":"MY"},{"value":"21.0"},{"value":"35.0"},{"value":"0.0"},{"value":"9.3"}],[{"value":"2010"},{"value":"RS"},{"value":"-32.3"},{"value":"36.0"},{"value":"0.0"},{"value":"10.0"}],[{"value":"2004"},{"value":"RS"},{"value":"-33.0"},{"value":"27.0"},{"value":"0.0"},{"value":"11.0"}],[{"value":"2009"},{"value":"SC"},{"value":"20.0"},{"value":"33.0"},{"value":"0.0"},{"value":"25.2"}],[{"value":"2013"},{"value":"BE"},{"value":"-12.0"},{"value":"35.0"},{"value":"0.0"},{"value":"16.5"}],[{"value":"2014"},{"value":"GM"},{"value":"-9.0"},{"value":"31.0"},{"value":"0.0"},{"value":"13.4"}],[{"value":"2007"},{"value":"BE"},{"value":"-8.3"},{"value":"33.0"},{"value":"0.0"},{"value":"21.1"}],[{"value":"2008"},{"value":"GM"},{"value":"-7.0"},{"value":"31.0"},{"value":"0.0"},{"value":"15.9"}],[{"value":"2009"},{"value":"LU"},{"value":"-15.0"},{"value":"34.0"},{"value":"0.0"},{"value":"15.0"}],[{"value":"2009"},{"value":"FI"},{"value":"-25.7"},{"value":"26.0"},{"value":"0.0"},{"value":"18.0"}],[{"value":"2009"},{"value":"SF"},{"value":"2.8"},{"value":"38.2"},{"value":"0.0"},{"value":"9.8"}],[{"value":"2010"},{"value":"EZ"},{"value":"-20.1"},{"value":"34.1"},{"value":"0.0"},{"value":"16.5"}],[{"value":"2013"},{"value":"US"},{"value":"-44.0"},{"value":"45.5"},{"value":"0.0"},{"value":"24.7"}],[{"value":"2004"},{"value":"EZ"},{"value":"-20.1"},{"value":"31.2"},{"value":"0.0"},{"value":"17.0"}],[{"value":"2007"},{"value":"US"},{"value":"-45.0"},{"value":"41.7"},{"value":"0.0"},{"value":"36.0"}],[{"value":"2008"},{"value":"GP"},{"value":"16.1"},{"value":"16.1"},{"value":"5.7"},{"value":"5.7"}],[{"value":"2012"},{"value":"PL"},{"value":"-27.0"},{"value":"34.0"},{"value":"0.0"},{"value":"13.4"}],[{"value":"2006"},{"value":"PL"},{"value":"-29.0"},{"value":"33.1"},{"value":"0.0"},{"value":"25.7"}],[{"value":"2012"},{"value":"JA"},{"value":"-1.5"},{"value":"33.0"},{"value":"0.0"},{"value":"33.4"}],[{"value":"2012"},{"value":"PO"},{"value":"-2.0"},{"value":"37.0"},{"value":"0.0"},{"value":"13.9"}],[{"value":"2006"},{"value":"JA"},{"value":"-0.1"},{"value":"34.8"},{"value":"0.0"},{"value":"38.6"}],[{"value":"2006"},{"value":"PO"},{"value":"-1.0"},{"value":"37.0"},{"value":"0.0"},{"value":"16.5"}],[{"value":"2009"},{"value":"FR"},{"value":"-11.1"},{"value":"40.0"},{"value":"0.0"},{"value":"19.0"}],[{"value":"2003"},{"value":"GK"},{"value":"-2.0"},{"value":"34.0"},{"value":"0.0"},{"value":"23.0"}],[{"value":"2003"},{"value":"MY"},{"value":"23.0"},{"value":"39.0"},{"value":"0.0"},{"value":"11.3"}],[{"value":"2010"},{"value":"SC"},{"value":"21.0"},{"value":"32.0"},{"value":"0.0"},{"value":"28.8"}],[{"value":"2014"},{"value":"AM"},{"value":"-19.0"},{"value":"39.0"},{"value":"0.0"},{"value":"16.0"}],[{"value":"2004"},{"value":"SC"},{"value":"21.0"},{"value":"33.0"},{"value":"0.0"},{"value":"20.6"}],[{"value":"2008"},{"value":"AM"},{"value":"-27.0"},{"value":"40.0"},{"value":"0.0"},{"value":"13.0"}],[{"value":"2010"},{"value":"LU"},{"value":"-12.0"},{"value":"35.0"},{"value":"0.0"},{"value":"17.5"}],[{"value":"2013"},{"value":"IC"},{"value":"-11.0"},{"value":"19.0"},{"value":"0.0"},{"value":"25.0"}],[{"value":"2003"},{"value":"GM"},{"value":"-15.3"},{"value":"36.0"},{"value":"0.0"},{"value":"16.5"}],[{"value":"2004"},{"value":"LU"},{"value":"-8.4"},{"value":"31.0"},{"value":"0.0"},{"value":"13.9"}],[{"value":"2007"},{"value":"IC"},{"value":"-10.0"},{"value":"18.0"},{"value":"0.0"},{"value":"30.9"}],[{"value":"2014"},{"value":"NL"},{"value":"-9.0"},{"value":"35.0"},{"value":"0.0"},{"value":"27.3"}],[{"value":"2008"},{"value":"NL"},{"value":"-12.0"},{"value":"32.5"},{"value":"0.0"},{"value":"31.4"}],[{"value":"2010"},{"value":"FI"},{"value":"-31.6"},{"value":"32.6"},{"value":"0.0"},{"value":"17.0"}],[{"value":"2010"},{"value":"SF"},{"value":"3.1"},{"value":"37.8"},{"value":"0.0"},{"value":"10.3"}]],"columnNames":[{"name":"year","index":0,"aggr":"sum"},{"name":"country","index":1,"aggr":"sum"},{"name":"minTemperature","index":2,"aggr":"sum"},{"name":"maxTemperature","index":3,"aggr":"sum"},{"name":"minWindSpeed","index":4,"aggr":"sum"},{"name":"maxWindSpeed","index":5,"aggr":"sum"}],"rows":[["2004","FI","-25.0","25.0","0.0","12.9"],["2004","SF","5.6","38.4","0.0","8.7"],["2003","GP","23.2","32.0","0.0","16.4"],["2014","NO","-35.7","32.0","0.0","35.5"],["2008","NO","-30.9","30.4","0.0","28.0"],["2009","SW","-38.2","28.9","0.0","19.0"],["2014","AS","0.9","45.6","0.0","14.4"],["2008","AS","1.0","43.2","0.0","14.9"],["2012","DA","-19.4","30.0","0.0","17.5"],["2006","DA","-14.0","32.7","0.0","14.4"],["2014","AU","-11.0","34.0","0.0","16.5"],["2008","AU","-12.0","34.0","0.0","16.0"],["2010","FR","-13.3","36.1","0.0","17.5"],["2004","FR","-7.2","37.0","0.0","29.0"],["2013","CA","-44.0","33.8","0.0","23.1"],["2007","CA","-42.0","36.0","0.0","23.7"],["2003","NL","-14.3","36.0","0.0","33.4"],["2013","IT","-11.8","24.0","0.0","21.6"],["2014","UK","-6.0","30.4","0.0","20.6"],["2007","IT","-6.0","26.0","0.0","18.5"],["2008","UK","-8.0","28.4","0.0","24.2"],["2010","SW","-41.7","28.9","0.0","18.0"],["2013","CH","13.0","34.0","0.0","22.0"],["2003","NO","-30.5","30.0","0.0","81.0"],["2004","SW","-37.6","28.1","0.0","19.0"],["2007","CH","10.0","34.0","0.0","15.0"],["2003","AS","0.3","45.8","0.0","14.4"],["2009","GK","-3.0","28.0","0.0","18.5"],["2009","MY","21.0","34.0","0.0","8.7"],["2011","RS","-33.0","32.0","0.0","12.0"],["2005","RS","-27.0","29.0","0.0","12.0"],["2014","BE","-7.0","33.1","0.0","16.0"],["2003","AU","-17.6","37.4","0.0","22.6"],["2008","BE","-8.0","31.0","0.0","16.5"],["2009","GM","-18.0","32.0","0.0","13.0"],["2011","EZ","-15.0","32.0","0.0","17.0"],["2014","US","-37.2","41.2","0.0","31.0"],["2005","EZ","-15.0","35.0","0.0","19.0"],["2008","US","-42.2","41.9","0.0","26.7"],["2013","PL","-18.0","37.2","0.0","16.0"],["2007","PL","-12.0","35.0","0.0","18.0"],["2013","JA","-0.3","34.5","0.0","38.0"],["2013","PO","-1.0","38.0","0.0","20.0"],["2007","JA","-0.4","34.5","0.0","36.5"],["2007","PO","-1.0","35.0","0.0","13.9"],["2003","UK","-7.2","37.4","0.0","22.0"],["2010","GK","-2.0","24.2","0.0","18.5"],["2010","MY","23.0","37.0","0.0","9.8"],["2004","GK","-1.0","27.0","0.0","26.0"],["2004","MY","22.0","36.0","0.0","11.8"],["2011","SC","20.0","32.0","0.0","14.0"],["2005","SC","19.0","33.2","0.0","28.3"],["2009","AM","-20.0","37.0","0.0","13.0"],["2010","GM","-13.0","34.0","0.0","17.0"],["2011","LU","-7.2","33.0","0.0","15.4"],["2014","IC","-7.0","18.0","0.0","29.3"],["2003","BE","-11.3","36.3","0.0","19.0"],["2004","GM","-10.2","30.0","0.0","16.5"],["2005","LU","-13.0","32.0","0.0","13.4"],["2008","IC","-13.0","22.0","0.0","31.9"],["2009","NL","-17.9","34.8","0.0","27.8"],["2011","FI","-34.4","30.7","0.0","21.0"],["2011","SF","2.3","34.9","0.0","12.3"],["2005","FI","-25.0","28.0","0.0","13.4"],["2005","SF","6.1","38.2","0.0","11.8"],["2010","GP","23.8","31.6","1.0","11.8"],["2003","US","-44.0","41.0","0.0","35.0"],["2004","GP","22.5","37.6","0.0","29.8"],["2009","NO","-35.7","28.4","0.0","35.0"],["2009","AS","1.8","44.6","0.0","17.0"],["2013","DA","-16.7","33.0","0.0","24.2"],["2007","DA","-15.0","31.0","0.0","21.6"],["2009","AU","-16.8","33.0","0.0","13.9"],["2011","FR","-9.0","37.8","0.0","19.5"],["2005","FR","-12.4","37.0","0.0","15.9"],["2014","CA","-43.6","35.9","0.0","26.8"],["2008","CA","-47.0","35.0","0.0","36.5"],["2010","AM","-11.0","41.0","0.0","14.0"],["2004","AM","-16.0","39.0","0.0","13.0"],["2003","IC","-9.0","20.0","0.0","30.9"],["2010","NL","-15.0","35.0","0.0","28.3"],["2004","NL","-10.1","33.0","0.0","28.3"],["2014","IT","-6.8","24.0","0.0","20.6"],["2008","IT","-6.2","23.0","0.0","16.4"],["2009","UK","-9.0","30.2","0.0","24.2"],["2010","NO","-42.1","25.6","0.0","30.9"],["2011","SW","-41.6","29.9","0.0","19.0"],["2014","CH","11.0","34.0","0.0","15.0"],["2004","NO","-31.0","28.2","0.0","32.0"],["2005","SW","-33.6","28.6","0.0","18.0"],["2008","CH","12.0","33.0","0.0","16.0"],["2010","AS","0.1","42.2","0.0","13.4"],["2004","AS","1.6","44.1","0.0","14.0"],["2012","RS","-37.0","32.0","0.0","12.0"],["2006","RS","-38.0","30.6","0.0","11.0"],["2010","AU","-13.6","35.0","0.0","14.9"],["2004","AU","-14.4","32.5","0.0","13.4"],["2009","BE","-15.4","34.2","0.0","16.0"],["2012","EZ","-22.0","37.3","0.0","19.0"],["2006","EZ","-17.0","34.0","0.0","18.0"],["2009","US","-46.0","41.6","0.0","31.9"],["2014","PL","-15.0","32.0","0.0","14.9"],["2008","PL","-14.0","30.0","0.0","25.7"],["2003","CA","-40.1","35.8","0.0","27.8"],["2014","JA","-0.5","33.9","0.0","19.6"],["2014","PO","-1.0","32.0","0.0","15.4"],["2008","JA","-0.7","33.7","0.0","29.8"],["2008","PO","0.6","32.0","0.0","15.4"],["2010","UK","-17.0","30.4","0.0","19.0"],["2003","IT","-9.0","30.0","0.0","25.0"],["2004","UK","-6.1","31.0","0.0","32.0"],["2011","GK","1.0","28.0","0.0","19.0"],["2011","MY","21.0","34.0","0.0","10.8"],["2005","GK","-1.3","26.4","0.0","19.0"],["2005","MY","22.0","36.0","0.0","10.3"],["2012","SC","21.0","36.0","0.0","26.2"],["2006","SC","20.0","32.0","0.0","20.6"],["2010","BE","-12.2","36.0","0.0","19.5"],["2011","GM","-10.0","30.0","0.0","15.4"],["2012","LU","-15.0","35.0","0.0","13.9"],["2004","BE","-10.2","32.0","0.0","25.0"],["2005","GM","-14.0","31.0","0.0","14.4"],["2006","LU","-9.0","35.3","0.0","14.9"],["2009","IC","-9.0","19.0","0.0","25.7"],["2012","FI","-34.7","29.9","0.0","17.0"],["2012","SF","2.2","36.0","0.0","10.3"],["2006","FI","-31.0","27.0","0.0","12.0"],["2006","SF","6.3","37.6","0.0","13.4"],["2010","US","-39.4","44.2","0.0","26.7"],["2004","US","-46.0","39.3","0.0","28.3"],["2005","GP","21.1","33.4","0.0","29.8"],["2003","PL","-21.0","33.5","0.0","23.0"],["2014","DA","-9.0","30.2","0.0","17.0"],["2008","DA","-9.4","30.4","0.0","20.6"],["2003","JA","-0.7","34.2","0.0","21.6"],["2003","PO","-2.0","39.0","0.0","20.0"],["2012","FR","-16.6","39.0","0.0","15.9"],["2006","FR","-10.0","36.4","0.0","15.9"],["2009","CA","-45.0","35.0","0.0","20.6"],["2011","AM","-16.0","42.0","0.0","14.0"],["2005","AM","-19.0","39.0","0.0","14.0"],["2010","IC","-10.0","19.5","0.0","24.2"],["2004","IC","-11.7","27.0","0.0","32.0"],["2011","NL","-8.2","34.0","0.0","31.4"],["2005","NL","-16.0","34.4","0.0","38.1"],["2009","IT","-8.0","25.0","0.0","20.6"],["2011","NO","-37.8","29.0","0.0","38.6"],["2012","SW","-42.7","26.3","0.0","18.0"],["2005","NO","-34.2","28.2","0.0","32.4"],["2006","SW","-37.7","29.4","0.0","17.0"],["2009","CH","10.0","33.0","0.0","12.0"],["2011","AS","-0.8","45.2","0.0","11.3"],["2005","AS","2.6","43.4","0.0","12.9"],["2013","RS","-35.3","32.0","0.0","13.0"],["2003","DA","-16.0","30.0","0.0","23.0"],["2007","RS","-30.5","31.0","0.0","21.0"],["2011","AU","-15.0","35.0","0.0","15.9"],["2005","AU","-18.9","35.2","0.0","11.8"],["2013","EZ","-19.0","35.0","0.0","21.6"],["2007","EZ","-9.0","35.2","0.0","26.2"],["2009","PL","-22.0","32.1","0.0","15.4"],["2010","CA","-43.2","34.0","0.0","25.7"],["2004","CA","-44.0","32.2","0.0","32.4"],["2009","JA","-0.2","35.0","0.0","26.7"],["2009","PO","-1.4","36.0","0.0","17.5"],["2010","IT","-8.0","21.0","0.0","20.6"],["2011","UK","-5.2","32.0","0.0","26.7"],["2004","IT","-7.0","27.0","0.0","18.5"],["2005","UK","-8.0","32.4","0.0","37.0"],["2010","CH","12.0","34.0","0.0","20.0"],["2004","CH","14.0","33.0","0.0","10.0"],["2012","GK","-3.0","26.0","0.0","33.4"],["2012","MY","23.0","34.0","0.0","9.3"],["2006","GK","0.0","30.0","0.0","18.0"],["2006","MY","3.0","36.0","0.0","8.7"],["2013","SC","20.0","33.0","0.0","24.7"],["2007","SC","22.0","33.0","0.0","15.4"],["2011","BE","-6.3","35.0","0.0","15.9"],["2012","GM","-19.0","34.0","0.0","13.9"],["2013","LU","-11.0","33.0","0.0","12.4"],["2005","BE","-10.1","35.0","0.0","23.1"],["2006","GM","-10.4","34.0","0.0","12.9"],["2007","LU","-8.0","31.0","0.0","17.0"],["2013","FI","-32.7","29.9","0.0","20.0"],["2013","SF","1.5","36.1","0.0","8.2"],["2007","FI","-29.0","26.7","0.0","14.4"],["2007","SF","4.2","38.0","0.0","7.7"],["2011","US","-44.0","46.4","0.0","36.0"],["2005","US","-49.0","43.0","0.0","33.4"],["2006","GP","21.8","32.2","0.0","18.0"],["2010","PL","-24.0","35.0","0.0","13.4"],["2004","PL","-21.0","32.0","0.0","16.5"],["2009","DA","-15.0","32.0","0.0","20.6"],["2010","JA","-0.2","34.0","0.0","32.9"],["2010","PO","-1.6","38.0","0.0","21.6"],["2004","JA","-1.0","34.2","0.0","32.4"],["2004","PO","0.0","34.0","0.0","17.0"],["2013","FR","-8.0","38.1","0.0","16.5"],["2007","FR","-13.7","34.4","0.0","18.0"],["2012","AM","-22.0","39.0","0.0","12.0"],["2006","AM","-24.0","41.0","0.0","13.0"],["2011","IC","-14.0","17.2","0.0","31.9"],["2005","IC","-7.8","19.0","0.0","30.0"],["2012","NL","-18.4","35.0","0.0","28.8"],["2006","NL","-10.0","37.0","0.0","35.5"],["2012","NO","-33.0","24.8","0.0","39.6"],["2013","SW","-36.7","26.3","0.0","17.0"],["2006","NO","-33.6","29.4","0.0","31.0"],["2007","SW","-36.7","29.9","0.0","19.0"],["2012","AS","0.1","43.6","0.0","13.9"],["2006","AS","1.1","44.8","0.0","15.9"],["2010","DA","-17.4","31.2","0.0","14.9"],["2014","RS","-28.9","30.5","0.0","11.0"],["2004","DA","-14.0","30.0","0.0","16.5"],["2008","RS","-27.6","31.2","0.0","12.0"],["2012","AU","-18.0","34.2","0.0","15.4"],["2006","AU","-19.4","34.0","0.0","12.3"],["2014","EZ","-15.0","33.0","0.0","16.5"],["2008","EZ","-10.0","31.0","0.0","20.6"],["2011","CA","-45.0","34.7","0.0","24.7"],["2005","CA","-47.0","33.2","0.0","35.5"],["2011","IT","-5.2","25.0","0.0","19.5"],["2012","UK","-14.0","30.0","0.0","23.1"],["2005","IT","-13.0","28.0","0.0","17.0"],["2006","UK","-8.4","35.0","0.0","22.6"],["2011","CH","12.0","34.0","0.0","16.0"],["2005","CH","10.0","33.0","0.0","26.0"],["2013","GK","-1.5","26.0","0.0","20.1"],["2013","MY","22.0","34.0","0.0","10.3"],["2007","GK","-0.4","23.0","0.0","22.1"],["2007","MY","20.0","35.0","0.0","9.8"],["2014","SC","20.0","32.0","0.0","30.4"],["2003","RS","-34.5","31.0","0.0","14.0"],["2008","SC","20.0","33.0","0.0","26.2"],["2012","BE","-17.0","35.0","0.0","16.0"],["2013","GM","-10.0","32.0","0.0","14.4"],["2014","LU","-10.0","32.1","0.0","13.4"],["2006","BE","-8.1","36.1","0.0","19.0"],["2007","GM","-10.0","31.0","0.0","15.9"],["2008","LU","-7.0","31.4","0.0","14.9"],["2014","FI","-28.6","30.3","0.0","18.0"],["2014","SF","0.9","37.4","0.0","13.4"],["2008","FI","-23.0","25.7","0.0","26.0"],["2008","SF","3.3","39.8","0.0","11.3"],["2012","US","-49.0","44.7","0.0","22.6"],["2003","EZ","-16.0","37.0","0.0","16.5"],["2006","US","-43.0","43.6","0.0","37.0"],["2007","GP","2.4","3.7","2.6","6.2"],["2011","PL","-18.0","33.0","0.0","13.9"],["2005","PL","-21.0","33.4","0.0","20.6"],["2011","JA","-1.4","34.1","0.0","27.3"],["2011","PO","-1.0","33.5","0.0","15.4"],["2005","JA","0.2","33.2","0.0","31.9"],["2005","PO","-1.7","38.0","0.0","14.4"],["2014","FR","-9.0","36.1","0.0","16.5"],["2008","FR","-8.0","34.5","0.0","18.0"],["2013","AM","-19.0","38.0","0.0","14.0"],["2003","SC","21.0","33.0","0.0","23.1"],["2007","AM","-24.0","38.0","0.0","13.0"],["2012","IC","-7.0","19.0","0.0","29.0"],["2003","LU","-13.0","37.4","0.0","16.5"],["2006","IC","-11.0","18.0","0.0","39.0"],["2013","NL","-14.4","35.0","0.0","37.1"],["2007","NL","-10.0","31.0","0.0","28.8"],["2003","FI","-33.0","29.4","0.0","14.4"],["2003","SF","5.1","39.6","0.0","7.7"],["2013","NO","-35.4","28.0","0.0","39.1"],["2014","SW","-34.5","28.9","1.0","16.0"],["2007","NO","-35.0","29.0","0.0","26.0"],["2008","SW","-36.1","29.9","0.0","21.0"],["2013","AS","2.8","47.6","0.0","13.4"],["2007","AS","1.1","42.9","0.0","13.4"],["2011","DA","-13.1","27.0","0.0","22.6"],["2005","DA","-12.3","29.1","0.0","21.6"],["2009","RS","-30.9","31.4","0.0","18.0"],["2013","AU","-12.3","37.4","0.0","17.5"],["2007","AU","-10.4","36.0","0.0","13.4"],["2009","EZ","-17.0","33.0","0.0","18.5"],["2003","FR","-13.9","39.1","0.0","19.0"],["2012","CA","-40.2","36.0","0.0","27.3"],["2006","CA","-43.0","35.9","0.0","31.4"],["2012","IT","-13.0","27.0","0.0","18.0"],["2013","UK","-13.0","33.1","0.0","20.1"],["2006","IT","-9.0","27.0","0.0","18.0"],["2007","UK","-6.4","29.0","0.0","25.7"],["2012","CH","14.0","34.0","0.0","22.0"],["2003","SW","-40.2","28.6","0.0","20.0"],["2006","CH","0.0","35.0","0.0","13.0"],["2014","GK","2.0","24.0","0.0","21.1"],["2014","MY","19.0","36.0","0.0","9.8"],["2008","GK","-0.3","24.0","0.0","22.6"],["2008","MY","21.0","35.0","0.0","9.3"],["2010","RS","-32.3","36.0","0.0","10.0"],["2004","RS","-33.0","27.0","0.0","11.0"],["2009","SC","20.0","33.0","0.0","25.2"],["2013","BE","-12.0","35.0","0.0","16.5"],["2014","GM","-9.0","31.0","0.0","13.4"],["2007","BE","-8.3","33.0","0.0","21.1"],["2008","GM","-7.0","31.0","0.0","15.9"],["2009","LU","-15.0","34.0","0.0","15.0"],["2009","FI","-25.7","26.0","0.0","18.0"],["2009","SF","2.8","38.2","0.0","9.8"],["2010","EZ","-20.1","34.1","0.0","16.5"],["2013","US","-44.0","45.5","0.0","24.7"],["2004","EZ","-20.1","31.2","0.0","17.0"],["2007","US","-45.0","41.7","0.0","36.0"],["2008","GP","16.1","16.1","5.7","5.7"],["2012","PL","-27.0","34.0","0.0","13.4"],["2006","PL","-29.0","33.1","0.0","25.7"],["2012","JA","-1.5","33.0","0.0","33.4"],["2012","PO","-2.0","37.0","0.0","13.9"],["2006","JA","-0.1","34.8","0.0","38.6"],["2006","PO","-1.0","37.0","0.0","16.5"],["2009","FR","-11.1","40.0","0.0","19.0"],["2003","GK","-2.0","34.0","0.0","23.0"],["2003","MY","23.0","39.0","0.0","11.3"],["2010","SC","21.0","32.0","0.0","28.8"],["2014","AM","-19.0","39.0","0.0","16.0"],["2004","SC","21.0","33.0","0.0","20.6"],["2008","AM","-27.0","40.0","0.0","13.0"],["2010","LU","-12.0","35.0","0.0","17.5"],["2013","IC","-11.0","19.0","0.0","25.0"],["2003","GM","-15.3","36.0","0.0","16.5"],["2004","LU","-8.4","31.0","0.0","13.9"],["2007","IC","-10.0","18.0","0.0","30.9"],["2014","NL","-9.0","35.0","0.0","27.3"],["2008","NL","-12.0","32.5","0.0","31.4"],["2010","FI","-31.6","32.6","0.0","17.0"],["2010","SF","3.1","37.8","0.0","10.3"]]},"dateCreated":"2017-01-31T22:56:58-0800","status":"READY","errorMessage":"","progressUpdateIntervalMs":500,"$$hashKey":"object:6059"},{"dateUpdated":"2017-01-31T22:57:15-0800","config":{"enabled":true,"graph":{"mode":"table","height":300,"optionOpen":false,"keys":[],"values":[],"groups":[],"scatter":{}},"colWidth":12,"editorMode":"ace/mode/scala"},"settings":{"params":{},"forms":{}},"jobName":"paragraph_1485932218612_-2115367995","id":"20160618-061302_1767399124","dateCreated":"2017-01-31T22:56:58-0800","status":"READY","errorMessage":"","progressUpdateIntervalMs":500,"$$hashKey":"object:6060","text":""}],"name":"Weather Dataset Analysis Solution","id":"2C7QE4PNZ","angularObjects":{"2C73P7NJN:shared_process":[],"2C7KU6EWG:shared_process":[],"2C8H7AG7Q:shared_process":[],"2CANY5QMM:shared_process":[],"2C7YM9SBT:shared_process":[],"2CAHZM5EW:shared_process":[],"2CA194TC4:shared_process":[],"2C85Z5A3J:shared_process":[],"2C77BBC6M:shared_process":[],"2C9T8R64M:shared_process":[],"2C82H3SUX:shared_process":[],"2C7W1UTSM:shared_process":[],"2C99CAHNC:shared_process":[],"2C7VKNJZ3:shared_process":[],"2C7MNAP62:shared_process":[],"2C8SJ4SC1:shared_process":[],"2C8273BS9:shared_process":[],"2CA9V89Q3:shared_process":[]},"config":{"looknfeel":"default"},"info":{}}