﻿{"paragraphs":[{"text":"import scala.io.Source\n\nval s = Source.fromFile(\"/home/hadoop/alice-in-wonderland.txt\")\nval result = s.getLines.toSeq\n    .flatMap(_.split(\" \"))\n    .filter(_ != \"\")\n    .groupBy(x => x)\n    .mapValues(_.size)\n    .toSeq\n    .sortBy(-_._2)","dateUpdated":"2018-11-14T19:25:02+0000","config":{"editorMode":"ace/mode/scala","colWidth":12,"enabled":true,"graph":{"mode":"table","height":300,"optionOpen":false,"keys":[],"values":[],"groups":[],"scatter":{}}},"settings":{"params":{},"forms":{}},"apps":[],"jobName":"paragraph_1542223502369_1823547105","id":"20160620-055108_1345737965","dateCreated":"2018-11-14T19:25:02+0000","status":"READY","errorMessage":"","progressUpdateIntervalMs":500,"focus":true,"$$hashKey":"object:252"},{"text":"","dateUpdated":"2018-11-14T19:25:02+0000","config":{"colWidth":12,"editorMode":"ace/mode/scala","enabled":true,"graph":{"mode":"table","height":300,"optionOpen":false,"keys":[],"values":[],"groups":[],"scatter":{}}},"settings":{"params":{},"forms":{}},"apps":[],"jobName":"paragraph_1542223502369_1823547105","id":"20160620-055218_390077905","dateCreated":"2018-11-14T19:25:02+0000","status":"READY","errorMessage":"","progressUpdateIntervalMs":500,"$$hashKey":"object:253"}],"name":"Scala Introduction - WordCount - Full","id":"2DX7Q6G6R","angularObjects":{"2DXCSQHDQ:shared_process":[],"2DXX8TZBW:shared_process":[],"2DVWRGCNK:shared_process":[],"2DY6KEB79:shared_process":[],"2DV9MSNQX:shared_process":[],"2DV8FQ6HR:shared_process":[],"2DVZNZJ1J:shared_process":[],"2DUF3PAJB:shared_process":[],"2DX5UEWSB:shared_process":[]},"config":{"looknfeel":"default"},"info":{}}