﻿{"paragraphs":[{"user":"anonymous","config":{"colWidth":12,"enabled":true,"results":{},"editorSetting":{"language":"markdown","editOnDblClick":true},"editorMode":"ace/mode/markdown","editorHide":true,"tableHide":false},"settings":{"params":{},"forms":{}},"apps":[],"jobName":"paragraph_1520670578553_-967999673","id":"20180310-082938_1637366655","dateCreated":"2018-03-10T08:29:38+0000","status":"FINISHED","progressUpdateIntervalMs":500,"focus":true,"$$hashKey":"object:457","text":"%md\n# Views\n\nScala collections perform any transformation immediately. An alternatvie mechanism is lazy evaluation, which is supported by views. This allows to work with infinite lists.","dateUpdated":"2018-03-10T08:30:29+0000","dateFinished":"2018-03-10T08:30:29+0000","dateStarted":"2018-03-10T08:30:29+0000","results":{"code":"SUCCESS","msg":[{"type":"HTML","data":"<div class=\"markdown-body\">\n<h1>Views</h1>\n<p>Scala collections perform any transformation immediately. An alternatvie mechanism is lazy evaluation, which is supported by views. This allows to work with infinite lists.</p>\n</div>"}]}},{"text":"val r = (1 to 100000000)","user":"anonymous","dateUpdated":"2018-03-10T08:30:39+0000","config":{"colWidth":12,"enabled":true,"results":{},"editorSetting":{"language":"scala","editOnDblClick":false},"editorMode":"ace/mode/scala"},"settings":{"params":{},"forms":{}},"apps":[],"jobName":"paragraph_1520670629616_1372271355","id":"20180310-083029_1817070591","dateCreated":"2018-03-10T08:30:29+0000","status":"FINISHED","progressUpdateIntervalMs":500,"focus":true,"$$hashKey":"object:614","dateFinished":"2018-03-10T08:30:40+0000","dateStarted":"2018-03-10T08:30:39+0000","results":{"code":"SUCCESS","msg":[{"type":"TEXT","data":"r: scala.collection.immutable.Range.Inclusive = Range(1, 2, 3, 4, 5, 6, 7, 8, 9, 10, 11, 12, 13, 14, 15, 16, 17, 18, 19, 20, 21, 22, 23, 24, 25, 26, 27, 28, 29, 30, 31, 32, 33, 34, 35, 36, 37, 38, 39, 40, 41, 42, 43, 44, 45, 46, 47, 48, 49, 50, 51, 52, 53, 54, 55, 56, 57, 58, 59, 60, 61, 62, 63, 64, 65, 66, 67, 68, 69, 70, 71, 72, 73, 74, 75, 76, 77, 78, 79, 80, 81, 82, 83, 84, 85, 86, 87, 88, 89, 90, 91, 92, 93, 94, 95, 96, 97, 98, 99, 100, 101, 102, 103, 104, 105, 106, 107, 108, 109, 110, 111, 112, 113, 114, 115, 116, 117, 118, 119, 120, 121, 122, 123, 124, 125, 126, 127, 128, 129, 130, 131, 132, 133, 134, 135, 136, 137, 138, 139, 140, 141, 142, 143, 144, 145, 146, 147, 148, 149, 150, 151, 152, 153, 154, 155, 156, 157, 158, 159, 160, 161, 162, 163, 164, 165, 166, 167, 168, 169, 170, 1..."}]}},{"user":"anonymous","config":{"colWidth":12,"enabled":true,"results":{},"editorSetting":{"language":"scala","editOnDblClick":false},"editorMode":"ace/mode/scala"},"settings":{"params":{},"forms":{}},"apps":[],"jobName":"paragraph_1520670639884_1369993510","id":"20180310-083039_850394823","dateCreated":"2018-03-10T08:30:39+0000","status":"FINISHED","progressUpdateIntervalMs":500,"focus":true,"$$hashKey":"object:688","text":"val r = (1 to 10000000).map(2*_)","dateUpdated":"2018-03-10T08:30:47+0000","dateFinished":"2018-03-10T08:30:48+0000","dateStarted":"2018-03-10T08:30:47+0000","results":{"code":"SUCCESS","msg":[{"type":"TEXT","data":"r: scala.collection.immutable.IndexedSeq[Int] = Vector(2, 4, 6, 8, 10, 12, 14, 16, 18, 20, 22, 24, 26, 28, 30, 32, 34, 36, 38, 40, 42, 44, 46, 48, 50, 52, 54, 56, 58, 60, 62, 64, 66, 68, 70, 72, 74, 76, 78, 80, 82, 84, 86, 88, 90, 92, 94, 96, 98, 100, 102, 104, 106, 108, 110, 112, 114, 116, 118, 120, 122, 124, 126, 128, 130, 132, 134, 136, 138, 140, 142, 144, 146, 148, 150, 152, 154, 156, 158, 160, 162, 164, 166, 168, 170, 172, 174, 176, 178, 180, 182, 184, 186, 188, 190, 192, 194, 196, 198, 200, 202, 204, 206, 208, 210, 212, 214, 216, 218, 220, 222, 224, 226, 228, 230, 232, 234, 236, 238, 240, 242, 244, 246, 248, 250, 252, 254, 256, 258, 260, 262, 264, 266, 268, 270, 272, 274, 276, 278, 280, 282, 284, 286, 288, 290, 292, 294, 296, 298, 300, 302, 304, 306, 308, 310, 312, 314, 316, 318, ..."}]}},{"user":"anonymous","config":{"colWidth":12,"enabled":true,"results":{},"editorSetting":{"language":"scala","editOnDblClick":false},"editorMode":"ace/mode/scala"},"settings":{"params":{},"forms":{}},"apps":[],"jobName":"paragraph_1520670647749_-1557560871","id":"20180310-083047_286355047","dateCreated":"2018-03-10T08:30:47+0000","status":"FINISHED","progressUpdateIntervalMs":500,"focus":true,"$$hashKey":"object:769","text":"val r = (1 to 10000000).view.map (2*_)","dateUpdated":"2018-03-10T08:30:56+0000","dateFinished":"2018-03-10T08:30:56+0000","dateStarted":"2018-03-10T08:30:56+0000","results":{"code":"SUCCESS","msg":[{"type":"TEXT","data":"r: scala.collection.SeqView[Int,Seq[_]] = SeqViewM(...)\n"}]}},{"user":"anonymous","config":{"colWidth":12,"enabled":true,"results":{},"editorSetting":{"language":"scala","editOnDblClick":false},"editorMode":"ace/mode/scala"},"settings":{"params":{},"forms":{}},"apps":[],"jobName":"paragraph_1520670656467_-602983525","id":"20180310-083056_308044506","dateCreated":"2018-03-10T08:30:56+0000","status":"FINISHED","progressUpdateIntervalMs":500,"focus":true,"$$hashKey":"object:850","text":"r.force","dateUpdated":"2018-03-10T08:32:15+0000","dateFinished":"2018-03-10T08:32:16+0000","dateStarted":"2018-03-10T08:32:15+0000","results":{"code":"SUCCESS","msg":[{"type":"TEXT","data":"res87: Seq[Int] = Vector(2, 4, 6, 8, 10, 12, 14, 16, 18, 20, 22, 24, 26, 28, 30, 32, 34, 36, 38, 40, 42, 44, 46, 48, 50, 52, 54, 56, 58, 60, 62, 64, 66, 68, 70, 72, 74, 76, 78, 80, 82, 84, 86, 88, 90, 92, 94, 96, 98, 100, 102, 104, 106, 108, 110, 112, 114, 116, 118, 120, 122, 124, 126, 128, 130, 132, 134, 136, 138, 140, 142, 144, 146, 148, 150, 152, 154, 156, 158, 160, 162, 164, 166, 168, 170, 172, 174, 176, 178, 180, 182, 184, 186, 188, 190, 192, 194, 196, 198, 200, 202, 204, 206, 208, 210, 212, 214, 216, 218, 220, 222, 224, 226, 228, 230, 232, 234, 236, 238, 240, 242, 244, 246, 248, 250, 252, 254, 256, 258, 260, 262, 264, 266, 268, 270, 272, 274, 276, 278, 280, 282, 284, 286, 288, 290, 292, 294, 296, 298, 300, 302, 304, 306, 308, 310, 312, 314, 316, 318, 320, 322, 324, 326, 328, 330, ..."}]}},{"user":"anonymous","config":{"colWidth":12,"enabled":true,"results":{},"editorSetting":{"language":"scala","editOnDblClick":false},"editorMode":"ace/mode/scala"},"settings":{"params":{},"forms":{}},"apps":[],"jobName":"paragraph_1520670659405_1306140517","id":"20180310-083059_1004995763","dateCreated":"2018-03-10T08:30:59+0000","status":"READY","progressUpdateIntervalMs":500,"focus":true,"$$hashKey":"object:931"}],"name":"Scala Introduction - Part X5 - Views","id":"2D8NJKMAK","angularObjects":{"2D98FMAH1:shared_process":[],"2D7JMBHMW:shared_process":[],"2D97KQQMQ:shared_process":[],"2D75J9G8A:shared_process":[],"2D7EN88U2:shared_process":[],"2D9JW72F7:shared_process":[],"2D833H41P:shared_process":[],"2D9GNB6ZN:shared_process":[],"2D6C3QSGG:shared_process":[]},"config":{"looknfeel":"default","personalizedMode":"false"},"info":{}}