﻿{"paragraphs":[{"text":"%md\n# Basic Classes\n\nClasses are the fundamental element of object-oriented programming (OOP). Normally this is in contrast to functional programming, but Scala supports and integrates both approaches (functional and object oriented programming) very well.\n\nThe basic idea of a class is to provide a template for constructing similar object which encapsulate some state and provide operations to modify the state. Commonly *operations* are called *methods* and these are only available for instances of the specific class. Formally *modifying* state is strongly against functional idioms, but modern approaches follow a middle way, where instances of classes are immutable and any modification actually creates a new instance. We already saw this concept with immutable collection classes.","dateUpdated":"2018-11-14T19:24:26+0000","config":{"tableHide":false,"editorSetting":{"language":"markdown","editOnDblClick":true},"colWidth":12,"editorMode":"ace/mode/markdown","editorHide":true,"results":[{"graph":{"mode":"table","height":300,"optionOpen":false,"keys":[],"values":[],"groups":[],"scatter":{}}}],"enabled":true,"graph":{"mode":"table","height":300,"optionOpen":false,"keys":[],"values":[],"groups":[],"scatter":{}}},"settings":{"params":{},"forms":{}},"apps":[],"jobName":"paragraph_1542223466655_-1969184958","id":"20160618-134255_1167354932","result":{"code":"SUCCESS","type":"HTML","msg":"<div class=\"markdown-body\">\n<h1>Basic Classes</h1>\n<p>Classes are the fundamental element of object-oriented programming (OOP). Normally this is in contrast to functional programming, but Scala supports and integrates both approaches (functional and object oriented programming) very well.</p>\n<p>The basic idea of a class is to provide a template for constructing similar object which encapsulate some state and provide operations to modify the state. Commonly <em>operations</em> are called <em>methods</em> and these are only available for instances of the specific class. Formally <em>modifying</em> state is strongly against functional idioms, but modern approaches follow a middle way, where instances of classes are immutable and any modification actually creates a new instance. We already saw this concept with immutable collection classes.</p>\n</div>"},"dateCreated":"2018-11-14T19:24:26+0000","status":"READY","errorMessage":"","progressUpdateIntervalMs":500,"focus":true,"$$hashKey":"object:247"},{"text":"%md\n# 1 Simple Classes\n\nThe following example creates a simple class representing some point in a two-dimensional space. It contains two so called methods `move` and `toString`.","dateUpdated":"2018-11-14T19:24:26+0000","config":{"tableHide":false,"colWidth":12,"editorMode":"ace/mode/markdown","editorHide":true,"graph":{"mode":"table","height":300,"optionOpen":false,"keys":[],"values":[],"groups":[],"scatter":{}},"enabled":true},"settings":{"params":{},"forms":{}},"apps":[],"jobName":"paragraph_1542223466656_-1983420668","id":"20181112-172154_1233692187","result":{"code":"SUCCESS","type":"HTML","msg":"<div class=\"markdown-body\">\n<h1>1 Simple Classes</h1>\n<p>The following example creates a simple class representing some point in a two-dimensional space. It contains two so called methods <code>move</code> and <code>toString</code>.</p>\n</div>"},"dateCreated":"2018-11-14T19:24:26+0000","status":"READY","errorMessage":"","progressUpdateIntervalMs":500,"$$hashKey":"object:248"},{"text":"// Declare a class called \"Point\" with a constructor with two arguments\nclass Point(x: Int, y:Int) {\n    // Define a move method which creates a new Point\n    def move(dx:Int, dy:Int) = {\n        new Point(x + dx, y + dy)\n    }\n    \n    // Define a toString methods which provides a nice representation of a Point. Since toString is\n    // already present in all classes (this is a JVM feature), we need to explicitly override the\n    // existing method.\n    override def toString = {\n        \"[x=\" + x + \",y=\" + y + \"]\"\n    }\n}","dateUpdated":"2018-11-14T19:24:26+0000","config":{"editorSetting":{"language":"scala","editOnDblClick":false},"colWidth":12,"editorMode":"ace/mode/scala","results":[{"graph":{"mode":"table","height":300,"optionOpen":false,"keys":[],"values":[],"groups":[],"scatter":{}}}],"enabled":true,"graph":{"mode":"table","height":300,"optionOpen":false,"keys":[],"values":[],"groups":[],"scatter":{}}},"settings":{"params":{},"forms":{}},"apps":[],"jobName":"paragraph_1542223466656_-1983420668","id":"20160618-134341_740746202","result":{"code":"SUCCESS","type":"TEXT","msg":"\ndefined class Point\n"},"dateCreated":"2018-11-14T19:24:26+0000","status":"READY","errorMessage":"","progressUpdateIntervalMs":500,"$$hashKey":"object:249"},{"text":"%md\n## 1.1 Creating class instances\n\nSince Scala is 'just' another language on the JVM, it also uses `new` to create a new instance of a class. We'll see some syntactic sugar later on, but eventually `new` is always used to create an instance.","dateUpdated":"2018-11-14T19:24:26+0000","config":{"tableHide":false,"colWidth":12,"editorMode":"ace/mode/markdown","editorHide":true,"graph":{"mode":"table","height":300,"optionOpen":false,"keys":[],"values":[],"groups":[],"scatter":{}},"enabled":true},"settings":{"params":{},"forms":{}},"apps":[],"jobName":"paragraph_1542223466656_-1983420668","id":"20181112-172226_1848464019","result":{"code":"SUCCESS","type":"HTML","msg":"<div class=\"markdown-body\">\n<h2>1.1 Creating class instances</h2>\n<p>Since Scala is &lsquo;just&rsquo; another language on the JVM, it also uses <code>new</code> to create a new instance of a class. We&rsquo;ll see some syntactic sugar later on, but eventually <code>new</code> is always used to create an instance.</p>\n</div>"},"dateCreated":"2018-11-14T19:24:26+0000","status":"READY","errorMessage":"","progressUpdateIntervalMs":500,"$$hashKey":"object:250"},{"text":"// Create an instance of a point at location 3,4.\nval p1 = new Point(3,4)","dateUpdated":"2018-11-14T19:24:26+0000","config":{"colWidth":12,"editorMode":"ace/mode/scala","graph":{"mode":"table","height":300,"optionOpen":false,"keys":[],"values":[],"groups":[],"scatter":{}},"enabled":true},"settings":{"params":{},"forms":{}},"apps":[],"jobName":"paragraph_1542223466656_-1983420668","id":"20181112-172243_728321504","result":{"code":"SUCCESS","type":"TEXT","msg":"\np1: Point = [x=3,y=4]\n"},"dateCreated":"2018-11-14T19:24:26+0000","status":"READY","errorMessage":"","progressUpdateIntervalMs":500,"$$hashKey":"object:251"},{"text":"%md\n## 1.2 Calling methods\n\nCalling mathods works completely the same as we are used in Java. Although in certain cases you can omit the paranthese.","dateUpdated":"2018-11-14T19:24:26+0000","config":{"tableHide":false,"colWidth":12,"editorMode":"ace/mode/markdown","editorHide":true,"graph":{"mode":"table","height":300,"optionOpen":false,"keys":[],"values":[],"groups":[],"scatter":{}},"enabled":true},"settings":{"params":{},"forms":{}},"apps":[],"jobName":"paragraph_1542223466657_-1983805417","id":"20181112-172412_741172545","result":{"code":"SUCCESS","type":"HTML","msg":"<div class=\"markdown-body\">\n<h2>1.2 Calling methods</h2>\n<p>Calling mathods works completely the same as we are used in Java. Although in certain cases you can omit the paranthese.</p>\n</div>"},"dateCreated":"2018-11-14T19:24:26+0000","status":"READY","errorMessage":"","progressUpdateIntervalMs":500,"$$hashKey":"object:252"},{"text":"\n// Use the move method to create a new Point that is at a slightly different coordinate\nval p2 = p1.move(2,1)","dateUpdated":"2018-11-14T19:24:26+0000","config":{"colWidth":12,"editorMode":"ace/mode/scala","graph":{"mode":"table","height":300,"optionOpen":false,"keys":[],"values":[],"groups":[],"scatter":{}},"enabled":true},"settings":{"params":{},"forms":{}},"apps":[],"jobName":"paragraph_1542223466657_-1983805417","id":"20181112-172403_1174888098","result":{"code":"SUCCESS","type":"TEXT","msg":"\np2: Point = [x=5,y=5]\n"},"dateCreated":"2018-11-14T19:24:26+0000","status":"READY","errorMessage":"","progressUpdateIntervalMs":500,"$$hashKey":"object:253"},{"text":"%md\n## 1.3 Accessing variables\n\nSurprisingly although `x` and `y` can be accessed in any method of the class, they are not member variables. Therefore they cannot be accessed outside of the class.","dateUpdated":"2018-11-14T19:24:26+0000","config":{"tableHide":false,"colWidth":12,"editorMode":"ace/mode/markdown","editorHide":true,"graph":{"mode":"table","height":300,"optionOpen":false,"keys":[],"values":[],"groups":[],"scatter":{}},"enabled":true},"settings":{"params":{},"forms":{}},"apps":[],"jobName":"paragraph_1542223466657_-1983805417","id":"20181112-174734_629113805","result":{"code":"SUCCESS","type":"HTML","msg":"<div class=\"markdown-body\">\n<h2>1.3 Accessing variables</h2>\n<p>Surprisingly although <code>x</code> and <code>y</code> can be accessed in any method of the class, they are not member variables. Therefore they cannot be accessed outside of the class.</p>\n</div>"},"dateCreated":"2018-11-14T19:24:26+0000","status":"READY","errorMessage":"","progressUpdateIntervalMs":500,"$$hashKey":"object:254"},{"text":"p1.x","dateUpdated":"2018-11-14T19:24:26+0000","config":{"editorSetting":{"language":"scala","editOnDblClick":false},"colWidth":12,"editorMode":"ace/mode/scala","results":[{"graph":{"mode":"table","height":300,"optionOpen":false,"keys":[],"values":[],"groups":[],"scatter":{}}}],"enabled":true,"graph":{"mode":"table","height":300,"optionOpen":false,"keys":[],"values":[],"groups":[],"scatter":{}}},"settings":{"params":{},"forms":{}},"apps":[],"jobName":"paragraph_1542223466657_-1983805417","id":"20160618-134515_547225282","result":{"code":"ERROR","type":"TEXT","msg":"\n\n\n<console>:29: error: value x is not a member of Point\n       p1.x\n          ^\n"},"dateCreated":"2018-11-14T19:24:26+0000","status":"READY","errorMessage":"","progressUpdateIntervalMs":500,"$$hashKey":"object:255"},{"text":"%md\nBut we can define `x` and `y` as member variables, simply by prepending a `val` in front of them:","dateUpdated":"2018-11-14T19:24:26+0000","config":{"tableHide":false,"colWidth":12,"editorMode":"ace/mode/markdown","editorHide":true,"graph":{"mode":"table","height":300,"optionOpen":false,"keys":[],"values":[],"groups":[],"scatter":{}},"enabled":true},"settings":{"params":{},"forms":{}},"apps":[],"jobName":"paragraph_1542223466658_-1982651170","id":"20181112-174852_1286246100","result":{"code":"SUCCESS","type":"HTML","msg":"<div class=\"markdown-body\">\n<p>But we can define <code>x</code> and <code>y</code> as member variables, simply by prepending a <code>val</code> in front of them:</p>\n</div>"},"dateCreated":"2018-11-14T19:24:26+0000","status":"READY","errorMessage":"","progressUpdateIntervalMs":500,"$$hashKey":"object:256"},{"text":"class Point(val x: Int, val y:Int) {\n    def move(dx:Int, dy:Int) = {\n        new Point(x + dx, y + dy)\n    }\n    \n    override def toString = {\n        \"[x=\" + x + \",y=\" + y + \"]\"\n    }\n}\n\nval p1 = new Point(3,4)\np1.x","dateUpdated":"2018-11-14T19:24:26+0000","config":{"editorSetting":{"language":"scala","editOnDblClick":false},"colWidth":12,"editorMode":"ace/mode/scala","results":[{"graph":{"mode":"table","height":300,"optionOpen":false,"keys":[],"values":[],"groups":[],"scatter":{}}}],"enabled":true,"graph":{"mode":"table","height":300,"optionOpen":false,"keys":[],"values":[],"groups":[],"scatter":{}}},"settings":{"params":{},"forms":{}},"apps":[],"jobName":"paragraph_1542223466658_-1982651170","id":"20160618-134740_1423829207","result":{"code":"SUCCESS","type":"TEXT","msg":"\ndefined class Point\n\np1: Point = [x=3,y=4]\n\nres9: Int = 3\n"},"dateCreated":"2018-11-14T19:24:26+0000","status":"READY","errorMessage":"","progressUpdateIntervalMs":500,"$$hashKey":"object:257"},{"text":"%md\n# 2 Deriving Classes\n\nNew functionality can be added to a class by *subclassing*. This will create a *derived* class which inherits all methods and fields from the *base class*, but can add or change functionality. The base class is specified using the `extends` keyword. Note that it also has to receive all required arguments for its constructor. Most of the time the derived class simply will have the same parameters or some additional ones, so the parameters can simply be passed to the base class.","dateUpdated":"2018-11-14T19:24:26+0000","config":{"tableHide":false,"editorSetting":{"language":"markdown","editOnDblClick":true},"colWidth":12,"editorMode":"ace/mode/markdown","editorHide":true,"results":[{"graph":{"mode":"table","height":300,"optionOpen":false,"keys":[],"values":[],"groups":[],"scatter":{}}}],"enabled":true,"graph":{"mode":"table","height":300,"optionOpen":false,"keys":[],"values":[],"groups":[],"scatter":{}}},"settings":{"params":{},"forms":{}},"apps":[],"jobName":"paragraph_1542223466658_-1982651170","id":"20160618-135443_1713638172","result":{"code":"SUCCESS","type":"HTML","msg":"<div class=\"markdown-body\">\n<h1>2 Deriving Classes</h1>\n<p>New functionality can be added to a class by <em>subclassing</em>. This will create a <em>derived</em> class which inherits all methods and fields from the <em>base class</em>, but can add or change functionality. The base class is specified using the <code>extends</code> keyword. Note that it also has to receive all required arguments for its constructor. Most of the time the derived class simply will have the same parameters or some additional ones, so the parameters can simply be passed to the base class.</p>\n</div>"},"dateCreated":"2018-11-14T19:24:26+0000","status":"READY","errorMessage":"","progressUpdateIntervalMs":500,"$$hashKey":"object:258"},{"text":"class Location(override val x:Int, override val y:Int, val name:String) extends Point(x,y) {\n    override def move(dx:Int, dy:Int) = {\n        new Location(x + dx, y + dy, name)\n    }\n    \n    override def toString = {\n        \"[x=\" + x + \",y=\" + y + \",name=\" + name + \"]\"\n    }\n}\n\nval l1 = new Location(3,4,\"Home\")\nval l2 = l1.move(5,9)","dateUpdated":"2018-11-14T19:24:26+0000","config":{"editorSetting":{"language":"scala","editOnDblClick":false},"colWidth":12,"editorMode":"ace/mode/scala","results":[{"graph":{"mode":"table","height":300,"optionOpen":false,"keys":[],"values":[],"groups":[],"scatter":{}}}],"enabled":true,"graph":{"mode":"table","height":300,"optionOpen":false,"keys":[],"values":[],"groups":[],"scatter":{}}},"settings":{"params":{},"forms":{}},"apps":[],"jobName":"paragraph_1542223466658_-1982651170","id":"20160618-134809_1508558516","result":{"code":"SUCCESS","type":"TEXT","msg":"\ndefined class Location\n\nl1: Location = [x=3,y=4,name=Home]\n\nl2: Location = [x=8,y=13,name=Home]\n"},"dateCreated":"2018-11-14T19:24:26+0000","status":"READY","errorMessage":"","progressUpdateIntervalMs":500,"$$hashKey":"object:259"},{"text":"l1.x","dateUpdated":"2018-11-14T19:24:26+0000","config":{"editorSetting":{"language":"scala","editOnDblClick":false},"colWidth":12,"editorMode":"ace/mode/scala","results":[{"graph":{"mode":"table","height":300,"optionOpen":false,"keys":[],"values":[],"groups":[],"scatter":{}}}],"enabled":true,"graph":{"mode":"table","height":300,"optionOpen":false,"keys":[],"values":[],"groups":[],"scatter":{}}},"settings":{"params":{},"forms":{}},"apps":[],"jobName":"paragraph_1542223466659_-1983035919","id":"20160618-135117_293772711","result":{"code":"SUCCESS","type":"TEXT","msg":"\nres10: Int = 3\n"},"dateCreated":"2018-11-14T19:24:26+0000","status":"READY","errorMessage":"","progressUpdateIntervalMs":500,"$$hashKey":"object:260"},{"text":"%md\n# 3 Traits (similar to Interfaces)\n\nEach class can have only a single base class - this is an intended limitation of the JVM. Nevertheless a class can also inherit from so called *traits* (which are equivalent to *interfaces* in Java or other OOP programming languages.). A trait is very similar to a class, but cannot be instantiated. Instead soem class has to extend the trait and implement all methods and fields.","dateUpdated":"2018-11-14T19:24:26+0000","config":{"tableHide":false,"editorSetting":{"language":"markdown","editOnDblClick":true},"colWidth":12,"editorMode":"ace/mode/markdown","editorHide":true,"results":[{"graph":{"mode":"table","height":300,"optionOpen":false,"keys":[],"values":[],"groups":[],"scatter":{}}}],"enabled":true,"graph":{"mode":"table","height":300,"optionOpen":false,"keys":[],"values":[],"groups":[],"scatter":{}}},"settings":{"params":{},"forms":{}},"apps":[],"jobName":"paragraph_1542223466659_-1983035919","id":"20160618-142010_1334907947","result":{"code":"SUCCESS","type":"HTML","msg":"<div class=\"markdown-body\">\n<h1>3 Traits (similar to Interfaces)</h1>\n<p>Each class can have only a single base class - this is an intended limitation of the JVM. Nevertheless a class can also inherit from so called <em>traits</em> (which are equivalent to <em>interfaces</em> in Java or other OOP programming languages.). A trait is very similar to a class, but cannot be instantiated. Instead soem class has to extend the trait and implement all methods and fields.</p>\n</div>"},"dateCreated":"2018-11-14T19:24:26+0000","status":"READY","errorMessage":"","progressUpdateIntervalMs":500,"$$hashKey":"object:261"},{"text":"trait Addressable {\n    var city:String\n    var street:String\n    \n    def getAddress = street + \"\\n\" + city\n}","dateUpdated":"2018-11-14T19:24:26+0000","config":{"editorSetting":{"language":"scala","editOnDblClick":false},"colWidth":12,"editorMode":"ace/mode/scala","results":[{"graph":{"mode":"table","height":300,"optionOpen":false,"keys":[],"values":[],"groups":[],"scatter":{}}}],"enabled":true,"graph":{"mode":"table","height":300,"optionOpen":false,"keys":[],"values":[],"groups":[],"scatter":{}}},"settings":{"params":{},"forms":{}},"apps":[],"jobName":"paragraph_1542223466659_-1983035919","id":"20160618-142028_1166147582","result":{"code":"SUCCESS","type":"TEXT","msg":"\ndefined trait Addressable\n"},"dateCreated":"2018-11-14T19:24:26+0000","status":"READY","errorMessage":"","progressUpdateIntervalMs":500,"$$hashKey":"object:262"},{"text":"%md\n## 3.1 Implementing a trait\n\nA trait is always added to a class via the `with` keyword.","dateUpdated":"2018-11-14T19:24:26+0000","config":{"tableHide":false,"colWidth":12,"editorMode":"ace/mode/markdown","editorHide":true,"graph":{"mode":"table","height":300,"optionOpen":false,"keys":[],"values":[],"groups":[],"scatter":{}},"enabled":true},"settings":{"params":{},"forms":{}},"apps":[],"jobName":"paragraph_1542223466659_-1983035919","id":"20181112-175012_819467266","result":{"code":"SUCCESS","type":"HTML","msg":"<div class=\"markdown-body\">\n<h2>3.1 Implementing a trait</h2>\n<p>A trait is always added to a class via the <code>with</code> keyword.</p>\n</div>"},"dateCreated":"2018-11-14T19:24:26+0000","status":"READY","errorMessage":"","progressUpdateIntervalMs":500,"$$hashKey":"object:263"},{"text":"class Person(val name:String, val age:Int) extends Object with Addressable {\n    override var city:String = \"\"\n    override var street:String = \"\"\n}\n\nval p1 = new Person(\"Alice\", 23)\np1.city = \"Frankfurt\"\np1.street = \"Mainzer Landstraße 21\"\np1.getAddress","dateUpdated":"2018-11-14T19:24:26+0000","config":{"editorSetting":{"language":"scala","editOnDblClick":false},"colWidth":12,"editorMode":"ace/mode/scala","results":[{"graph":{"mode":"table","height":300,"optionOpen":false,"keys":[],"values":[],"groups":[],"scatter":{}}}],"enabled":true,"graph":{"mode":"table","height":300,"optionOpen":false,"keys":[],"values":[],"groups":[],"scatter":{}}},"settings":{"params":{},"forms":{}},"apps":[],"jobName":"paragraph_1542223466660_-1984959663","id":"20160618-142332_1751359293","dateCreated":"2018-11-14T19:24:26+0000","status":"READY","errorMessage":"","progressUpdateIntervalMs":500,"$$hashKey":"object:264"},{"text":"%md\n# 4 Companion Object\n\nScala does not directly provide *static methds*, i.e. methods of a class which can be invoked without an instance of the class. Instead Scala provides obejcts and specifically *companion objects* which have the same name as a class. Companion objects and classes have some intimid relation (which does not work completely in Zeppelin or other Scala REPLs).","dateUpdated":"2018-11-14T19:24:26+0000","config":{"tableHide":false,"editorSetting":{"language":"markdown","editOnDblClick":true},"colWidth":12,"editorMode":"ace/mode/markdown","editorHide":true,"results":[{"graph":{"mode":"table","height":300,"optionOpen":false,"keys":[],"values":[],"groups":[],"scatter":{}}}],"enabled":true,"graph":{"mode":"table","height":300,"optionOpen":false,"keys":[],"values":[],"groups":[],"scatter":{}}},"settings":{"params":{},"forms":{}},"apps":[],"jobName":"paragraph_1542223466660_-1984959663","id":"20160618-135129_939063638","result":{"code":"SUCCESS","type":"HTML","msg":"<div class=\"markdown-body\">\n<h1>4 Companion Object</h1>\n<p>Scala does not directly provide <em>static methds</em>, i.e. methods of a class which can be invoked without an instance of the class. Instead Scala provides obejcts and specifically <em>companion objects</em> which have the same name as a class. Companion objects and classes have some intimid relation (which does not work completely in Zeppelin or other Scala REPLs).</p>\n</div>"},"dateCreated":"2018-11-14T19:24:26+0000","status":"READY","errorMessage":"","progressUpdateIntervalMs":500,"$$hashKey":"object:265"},{"text":"object Location {\n    def create(x:Int, y:Int, name:String) = new Location(x,y,name)\n\n    def apply(x:Int, y:Int, name:String) = create(x,y,name)\n}","dateUpdated":"2018-11-14T19:24:26+0000","config":{"editorSetting":{"language":"scala","editOnDblClick":false},"colWidth":12,"editorMode":"ace/mode/scala","results":[{"graph":{"mode":"table","height":300,"optionOpen":false,"keys":[],"values":[],"groups":[],"scatter":{}}}],"enabled":true,"graph":{"mode":"table","height":300,"optionOpen":false,"keys":[],"values":[],"groups":[],"scatter":{}}},"settings":{"params":{},"forms":{}},"apps":[],"jobName":"paragraph_1542223466660_-1984959663","id":"20160618-135144_1086212432","dateCreated":"2018-11-14T19:24:26+0000","status":"READY","errorMessage":"","progressUpdateIntervalMs":500,"$$hashKey":"object:266"},{"text":"%md\n## 4.1 Calling an object method\n\nMethods of Scala objects behave like static methods of Java classes.","dateUpdated":"2018-11-14T19:24:26+0000","config":{"tableHide":false,"colWidth":12,"editorMode":"ace/mode/markdown","editorHide":true,"graph":{"mode":"table","height":300,"optionOpen":false,"keys":[],"values":[],"groups":[],"scatter":{}},"enabled":true},"settings":{"params":{},"forms":{}},"apps":[],"jobName":"paragraph_1542223466660_-1984959663","id":"20181112-175214_1801398954","result":{"code":"SUCCESS","type":"HTML","msg":"<div class=\"markdown-body\">\n<h2>4.1 Calling an object method</h2>\n<p>Methods of Scala objects behave like static methods of Java classes.</p>\n</div>"},"dateCreated":"2018-11-14T19:24:26+0000","status":"READY","errorMessage":"","progressUpdateIntervalMs":500,"$$hashKey":"object:267"},{"text":"// A method can be called from Location without having an instance\nval loc = Location.create(12,13,\"Home\")","dateUpdated":"2018-11-14T19:24:26+0000","config":{"editorSetting":{"language":"scala","editOnDblClick":false},"colWidth":12,"editorMode":"ace/mode/scala","results":[{"graph":{"mode":"table","height":300,"optionOpen":false,"keys":[],"values":[],"groups":[],"scatter":{}}}],"enabled":true,"graph":{"mode":"table","height":300,"optionOpen":false,"keys":[],"values":[],"groups":[],"scatter":{}}},"settings":{"params":{},"forms":{}},"apps":[],"jobName":"paragraph_1542223466661_-1985344412","id":"20160618-135557_861646677","dateCreated":"2018-11-14T19:24:26+0000","status":"READY","errorMessage":"","progressUpdateIntervalMs":500,"$$hashKey":"object:268"},{"text":"%md\n## 4.2 Calling the `apply` method","dateUpdated":"2018-11-14T19:24:26+0000","config":{"tableHide":false,"colWidth":12,"editorMode":"ace/mode/markdown","editorHide":true,"graph":{"mode":"table","height":300,"optionOpen":false,"keys":[],"values":[],"groups":[],"scatter":{}},"enabled":true},"settings":{"params":{},"forms":{}},"apps":[],"jobName":"paragraph_1542223466661_-1985344412","id":"20181112-175154_1575264300","result":{"code":"SUCCESS","type":"HTML","msg":"<div class=\"markdown-body\">\n<h2>4.2 Calling the <code>apply</code> method</h2>\n</div>"},"dateCreated":"2018-11-14T19:24:26+0000","status":"READY","errorMessage":"","progressUpdateIntervalMs":500,"$$hashKey":"object:269"},{"text":"// Using the Location object as a function will invoke the \"apply\" method of the object. This is often used as an alternative way for constructing class instances without the \"new\" keyword\nval loc = Location(12,13,\"Home\")","dateUpdated":"2018-11-14T19:24:26+0000","config":{"editorSetting":{"language":"scala","editOnDblClick":false},"colWidth":12,"editorMode":"ace/mode/scala","results":[{"graph":{"mode":"table","height":300,"optionOpen":false,"keys":[],"values":[],"groups":[],"scatter":{}}}],"enabled":true,"graph":{"mode":"table","height":300,"optionOpen":false,"keys":[],"values":[],"groups":[],"scatter":{}}},"settings":{"params":{},"forms":{}},"apps":[],"jobName":"paragraph_1542223466661_-1985344412","id":"20160618-135646_1582856805","dateCreated":"2018-11-14T19:24:26+0000","status":"READY","errorMessage":"","progressUpdateIntervalMs":500,"$$hashKey":"object:270"},{"text":"%md\n# 5 Case Classes\n\nIn addition to classes and (companion) objects, Scala also provides so called *case classes*. These are special *value* classes which automatically provide lots of functionality. They are very useful for passing along values, since they cannot be modified and equality always refers to equal values and not to equal identity. Let us have a look of how case classes can be declared and used.","dateUpdated":"2018-11-14T19:24:26+0000","config":{"tableHide":false,"editorSetting":{"language":"markdown","editOnDblClick":true},"colWidth":12,"editorMode":"ace/mode/markdown","editorHide":true,"results":[{"graph":{"mode":"table","height":300,"optionOpen":false,"keys":[],"values":[],"groups":[],"scatter":{}}}],"enabled":true,"graph":{"mode":"table","height":300,"optionOpen":false,"keys":[],"values":[],"groups":[],"scatter":{}}},"settings":{"params":{},"forms":{}},"apps":[],"jobName":"paragraph_1542223466661_-1985344412","id":"20160618-140022_1635919006","result":{"code":"SUCCESS","type":"HTML","msg":"<div class=\"markdown-body\">\n<h1>5 Case Classes</h1>\n<p>In addition to classes and (companion) objects, Scala also provides so called <em>case classes</em>. These are special <em>value</em> classes which automatically provide lots of functionality. They are very useful for passing along values, since they cannot be modified and equality always refers to equal values and not to equal identity. Let us have a look of how case classes can be declared and used.</p>\n</div>"},"dateCreated":"2018-11-14T19:24:26+0000","status":"READY","errorMessage":"","progressUpdateIntervalMs":500,"$$hashKey":"object:271"},{"text":"// A case class always has a parameter list. The (in this case empty) class body is optional\ncase class Person(name:String, age:Int) { }\n\nval person = Person(\"Alice\", 23)","dateUpdated":"2018-11-14T19:24:26+0000","config":{"editorSetting":{"language":"scala","editOnDblClick":false},"colWidth":12,"editorMode":"ace/mode/scala","results":[{"graph":{"mode":"table","height":300,"optionOpen":false,"keys":[],"values":[],"groups":[],"scatter":{}}}],"enabled":true,"graph":{"mode":"table","height":300,"optionOpen":false,"keys":[],"values":[],"groups":[],"scatter":{}}},"settings":{"params":{},"forms":{}},"apps":[],"jobName":"paragraph_1542223466661_-1985344412","id":"20160618-140204_2650542","dateCreated":"2018-11-14T19:24:26+0000","status":"READY","errorMessage":"","progressUpdateIntervalMs":500,"$$hashKey":"object:272"},{"text":"// Case classes allow accessing the constructor parameters - they are provided as values\nperson.name","dateUpdated":"2018-11-14T19:24:26+0000","config":{"editorSetting":{"language":"scala","editOnDblClick":false},"colWidth":12,"editorMode":"ace/mode/scala","results":{},"enabled":true,"graph":{"mode":"table","height":300,"optionOpen":false,"keys":[],"values":[],"groups":[],"scatter":{}}},"settings":{"params":{},"forms":{}},"apps":[],"jobName":"paragraph_1542223466662_-1984190166","id":"20180324-172319_1041112521","dateCreated":"2018-11-14T19:24:26+0000","status":"READY","errorMessage":"","progressUpdateIntervalMs":500,"$$hashKey":"object:273"},{"text":"// But you cannot change a value - case classes are constant\nperson.name = \"Bob\"","dateUpdated":"2018-11-14T19:24:26+0000","config":{"editorSetting":{"language":"scala","editOnDblClick":false},"colWidth":12,"editorMode":"ace/mode/scala","results":{},"enabled":true,"graph":{"mode":"table","height":300,"optionOpen":false,"keys":[],"values":[],"groups":[],"scatter":{}}},"settings":{"params":{},"forms":{}},"apps":[],"jobName":"paragraph_1542223466662_-1984190166","id":"20180324-172346_646128901","dateCreated":"2018-11-14T19:24:26+0000","status":"READY","errorMessage":"","progressUpdateIntervalMs":500,"$$hashKey":"object:274"},{"text":"%md\n### Case Classes implement `copy` method\nWhen you want to change a value of a case class, you actually have to make a copy. Fortunately this can be done very easily, since Scala provides a `copy` method which allows you to specify new values for zero, one or even multiple fields.","dateUpdated":"2018-11-14T19:24:26+0000","config":{"tableHide":false,"editorSetting":{"language":"markdown","editOnDblClick":true},"colWidth":12,"editorMode":"ace/mode/markdown","editorHide":true,"results":[{"graph":{"mode":"table","height":300,"optionOpen":false,"keys":[],"values":[],"groups":[],"scatter":{}}}],"enabled":true,"graph":{"mode":"table","height":300,"optionOpen":false,"keys":[],"values":[],"groups":[],"scatter":{}}},"settings":{"params":{},"forms":{}},"apps":[],"jobName":"paragraph_1542223466662_-1984190166","id":"20160618-140743_1604814731","result":{"code":"SUCCESS","type":"HTML","msg":"<div class=\"markdown-body\">\n<h3>Case Classes implement <code>copy</code> method</h3>\n<p>When you want to change a value of a case class, you actually have to make a copy. Fortunately this can be done very easily, since Scala provides a <code>copy</code> method which allows you to specify new values for zero, one or even multiple fields.</p>\n</div>"},"dateCreated":"2018-11-14T19:24:26+0000","status":"READY","errorMessage":"","progressUpdateIntervalMs":500,"$$hashKey":"object:275"},{"text":"val p_1 = person.copy()\nval p_2 = person.copy(age = 33)\nval p_3 = person.copy(name=\"Bob\", age = 33)","dateUpdated":"2018-11-14T19:24:26+0000","config":{"editorSetting":{"language":"scala","editOnDblClick":false},"colWidth":12,"editorMode":"ace/mode/scala","results":[{"graph":{"mode":"table","height":300,"optionOpen":false,"keys":[],"values":[],"groups":[],"scatter":{}}}],"enabled":true,"graph":{"mode":"table","height":300,"optionOpen":false,"keys":[],"values":[],"groups":[],"scatter":{}}},"settings":{"params":{},"forms":{}},"apps":[],"jobName":"paragraph_1542223466662_-1984190166","id":"20160618-140750_582110760","dateCreated":"2018-11-14T19:24:26+0000","status":"READY","errorMessage":"","progressUpdateIntervalMs":500,"$$hashKey":"object:276"},{"text":"%md\n### Case Classes override `equals` and `hashCode`\n\nAs already stated in the introduction of case classes, equality is not defined by identity, but really as identical values. This is provided by the automatic implementation of the `equals` and `hashCode` methods (which is available in every class).","dateUpdated":"2018-11-14T19:24:26+0000","config":{"tableHide":false,"editorSetting":{"language":"markdown","editOnDblClick":true},"colWidth":12,"editorMode":"ace/mode/markdown","editorHide":true,"results":[{"graph":{"mode":"table","height":300,"optionOpen":false,"keys":[],"values":[],"groups":[],"scatter":{}}}],"enabled":true,"graph":{"mode":"table","height":300,"optionOpen":false,"keys":[],"values":[],"groups":[],"scatter":{}}},"settings":{"params":{},"forms":{}},"apps":[],"jobName":"paragraph_1542223466663_-1984574914","id":"20160618-141430_499981270","result":{"code":"SUCCESS","type":"HTML","msg":"<div class=\"markdown-body\">\n<h3>Case Classes override <code>equals</code> and <code>hashCode</code></h3>\n<p>As already stated in the introduction of case classes, equality is not defined by identity, but really as identical values. This is provided by the automatic implementation of the <code>equals</code> and <code>hashCode</code> methods (which is available in every class).</p>\n</div>"},"dateCreated":"2018-11-14T19:24:26+0000","status":"READY","errorMessage":"","progressUpdateIntervalMs":500,"$$hashKey":"object:277"},{"text":"// Instances of case classes are equal when their values are equal\nperson == Person(\"Alice\", 23)","dateUpdated":"2018-11-14T19:24:26+0000","config":{"editorSetting":{"language":"scala","editOnDblClick":false},"colWidth":12,"editorMode":"ace/mode/scala","results":[{"graph":{"mode":"table","height":300,"optionOpen":false,"keys":[],"values":[],"groups":[],"scatter":{}}}],"enabled":true,"graph":{"mode":"table","height":300,"optionOpen":false,"keys":[],"values":[],"groups":[],"scatter":{}}},"settings":{"params":{},"forms":{}},"apps":[],"jobName":"paragraph_1542223466663_-1984574914","id":"20160618-140555_1632822887","dateCreated":"2018-11-14T19:24:26+0000","status":"READY","errorMessage":"","progressUpdateIntervalMs":500,"$$hashKey":"object:278"},{"text":"// Normally equality is defined as object identity. Therefore two distinct object instances are considered to be unequal, even if their values are all equal\nval loc = Location(12,13,\"Home\")\nloc == Location(12,13,\"Home\")","dateUpdated":"2018-11-14T19:24:26+0000","config":{"editorSetting":{"language":"scala","editOnDblClick":false},"colWidth":12,"editorMode":"ace/mode/scala","results":[{"graph":{"mode":"table","height":300,"optionOpen":false,"keys":[],"values":[],"groups":[],"scatter":{}}}],"enabled":true,"graph":{"mode":"table","height":300,"optionOpen":false,"keys":[],"values":[],"groups":[],"scatter":{}}},"settings":{"params":{},"forms":{}},"apps":[],"jobName":"paragraph_1542223466663_-1984574914","id":"20160618-141543_1773966140","dateCreated":"2018-11-14T19:24:26+0000","status":"READY","errorMessage":"","progressUpdateIntervalMs":500,"$$hashKey":"object:279"},{"text":"%md\n### Case classes contain the `unapply` method\n\nCase classes also implement the `unapply` method, which is used by Scala for deconstructing objects. This allows you to create magical code, that is easy to understand but at first glance a small miracle how it works.","dateUpdated":"2018-11-14T19:24:26+0000","config":{"tableHide":false,"editorSetting":{"language":"markdown","editOnDblClick":true},"colWidth":12,"editorMode":"ace/mode/markdown","editorHide":true,"results":[{"graph":{"mode":"table","height":300,"optionOpen":false,"keys":[],"values":[],"groups":[],"scatter":{}}}],"enabled":true,"graph":{"mode":"table","height":300,"optionOpen":false,"keys":[],"values":[],"groups":[],"scatter":{}}},"settings":{"params":{},"forms":{}},"apps":[],"jobName":"paragraph_1542223466663_-1984574914","id":"20160618-141357_329661884","result":{"code":"SUCCESS","type":"HTML","msg":"<div class=\"markdown-body\">\n<h3>Case classes contain the <code>unapply</code> method</h3>\n<p>Case classes also implement the <code>unapply</code> method, which is used by Scala for deconstructing objects. This allows you to create magical code, that is easy to understand but at first glance a small miracle how it works.</p>\n</div>"},"dateCreated":"2018-11-14T19:24:26+0000","status":"READY","errorMessage":"","progressUpdateIntervalMs":500,"$$hashKey":"object:280"},{"text":"// An existing Person instance can be deconstructed into its constructur arguments\nval Person(name, age) = person","dateUpdated":"2018-11-14T19:24:26+0000","config":{"editorSetting":{"language":"scala","editOnDblClick":false},"colWidth":12,"editorMode":"ace/mode/scala","results":[{"graph":{"mode":"table","height":300,"optionOpen":false,"keys":[],"values":[],"groups":[],"scatter":{}}}],"enabled":true,"graph":{"mode":"table","height":300,"optionOpen":false,"keys":[],"values":[],"groups":[],"scatter":{}}},"settings":{"params":{},"forms":{}},"apps":[],"jobName":"paragraph_1542223466664_-1986498659","id":"20160618-140430_125204944","dateCreated":"2018-11-14T19:24:26+0000","status":"READY","errorMessage":"","progressUpdateIntervalMs":500,"$$hashKey":"object:281"},{"text":"// This does not work with normal classes, if the unapply method is not implemented\nval Location(x,y,name) = loc","dateUpdated":"2018-11-14T19:24:26+0000","config":{"editorSetting":{"language":"scala","editOnDblClick":false},"colWidth":12,"editorMode":"ace/mode/scala","results":[{"graph":{"mode":"table","height":300,"optionOpen":false,"keys":[],"values":[],"groups":[],"scatter":{}}}],"enabled":true,"graph":{"mode":"table","height":300,"optionOpen":false,"keys":[],"values":[],"groups":[],"scatter":{}}},"settings":{"params":{},"forms":{}},"apps":[],"jobName":"paragraph_1542223466664_-1986498659","id":"20160618-140511_893223268","dateCreated":"2018-11-14T19:24:26+0000","status":"READY","errorMessage":"","progressUpdateIntervalMs":500,"$$hashKey":"object:282"},{"text":"%md\n## 5.1 Pattern Matching\n\nWe already saw pattern matching in conjunction with simple flow control. But the real power of pattern matching is revealed with case classes.","dateUpdated":"2018-11-14T19:24:26+0000","config":{"tableHide":false,"editorSetting":{"language":"markdown","editOnDblClick":true},"colWidth":12,"editorMode":"ace/mode/markdown","editorHide":true,"results":[{"graph":{"mode":"table","height":300,"optionOpen":false,"keys":[],"values":[],"groups":[],"scatter":{}}}],"enabled":true,"graph":{"mode":"table","height":300,"optionOpen":false,"keys":[],"values":[],"groups":[],"scatter":{}}},"settings":{"params":{},"forms":{}},"apps":[],"jobName":"paragraph_1542223466664_-1986498659","id":"20160618-141753_1396250193","result":{"code":"SUCCESS","type":"HTML","msg":"<div class=\"markdown-body\">\n<h2>5.1 Pattern Matching</h2>\n<p>We already saw pattern matching in conjunction with simple flow control. But the real power of pattern matching is revealed with case classes.</p>\n</div>"},"dateCreated":"2018-11-14T19:24:26+0000","status":"READY","errorMessage":"","progressUpdateIntervalMs":500,"$$hashKey":"object:283"},{"text":"def fn(name:String) = {\n    name match {\n        case \"Alice\" => println(\"Hello Alice\")\n        case \"Bob\" => println(\"Hi Bob\")\n        case x:String => println(\"Someone else (\" + x + \")\")\n    }\n}","dateUpdated":"2018-11-14T19:24:26+0000","config":{"editorSetting":{"language":"scala","editOnDblClick":false},"colWidth":12,"editorMode":"ace/mode/scala","results":[{"graph":{"mode":"table","height":300,"optionOpen":false,"keys":[],"values":[],"groups":[],"scatter":{}}}],"enabled":true,"graph":{"mode":"table","height":300,"optionOpen":false,"keys":[],"values":[],"groups":[],"scatter":{}}},"settings":{"params":{},"forms":{}},"apps":[],"jobName":"paragraph_1542223466664_-1986498659","id":"20160618-143128_1561236462","dateCreated":"2018-11-14T19:24:26+0000","status":"READY","errorMessage":"","progressUpdateIntervalMs":500,"$$hashKey":"object:284"},{"text":"fn(\"Alice\")","dateUpdated":"2018-11-14T19:24:26+0000","config":{"editorSetting":{"language":"scala","editOnDblClick":false},"colWidth":12,"editorMode":"ace/mode/scala","results":[{"graph":{"mode":"table","height":300,"optionOpen":false,"keys":[],"values":[],"groups":[],"scatter":{}}}],"enabled":true,"graph":{"mode":"table","height":300,"optionOpen":false,"keys":[],"values":[],"groups":[],"scatter":{}}},"settings":{"params":{},"forms":{}},"apps":[],"jobName":"paragraph_1542223466664_-1986498659","id":"20160618-143337_251763343","dateCreated":"2018-11-14T19:24:26+0000","status":"READY","errorMessage":"","progressUpdateIntervalMs":500,"$$hashKey":"object:285"},{"text":"fn(\"Bob\")","dateUpdated":"2018-11-14T19:24:26+0000","config":{"editorSetting":{"language":"scala","editOnDblClick":false},"colWidth":12,"editorMode":"ace/mode/scala","results":[{"graph":{"mode":"table","height":300,"optionOpen":false,"keys":[],"values":[],"groups":[],"scatter":{}}}],"enabled":true,"graph":{"mode":"table","height":300,"optionOpen":false,"keys":[],"values":[],"groups":[],"scatter":{}}},"settings":{"params":{},"forms":{}},"apps":[],"jobName":"paragraph_1542223466665_-1986883408","id":"20160618-143354_1568326611","dateCreated":"2018-11-14T19:24:26+0000","status":"READY","errorMessage":"","progressUpdateIntervalMs":500,"$$hashKey":"object:286"},{"text":"fn(\"Eve\")","dateUpdated":"2018-11-14T19:24:26+0000","config":{"editorSetting":{"language":"scala","editOnDblClick":false},"colWidth":12,"editorMode":"ace/mode/scala","results":[{"graph":{"mode":"table","height":300,"optionOpen":false,"keys":[],"values":[],"groups":[],"scatter":{}}}],"enabled":true,"graph":{"mode":"table","height":300,"optionOpen":false,"keys":[],"values":[],"groups":[],"scatter":{}}},"settings":{"params":{},"forms":{}},"apps":[],"jobName":"paragraph_1542223466665_-1986883408","id":"20160618-143359_493729815","dateCreated":"2018-11-14T19:24:26+0000","status":"READY","errorMessage":"","progressUpdateIntervalMs":500,"$$hashKey":"object:287"},{"text":"%md\n### Pattern Matching with Case Classes\n\nNow let us use case classes for pattern matching including deconstruction. This enables us to access the constructor variables of case classes inside the cases.","dateUpdated":"2018-11-14T19:24:26+0000","config":{"tableHide":false,"editorSetting":{"language":"markdown","editOnDblClick":true},"colWidth":12,"editorMode":"ace/mode/markdown","editorHide":true,"results":{},"enabled":true,"graph":{"mode":"table","height":300,"optionOpen":false,"keys":[],"values":[],"groups":[],"scatter":{}}},"settings":{"params":{},"forms":{}},"apps":[],"jobName":"paragraph_1542223466665_-1986883408","id":"20180324-173054_54592730","result":{"code":"SUCCESS","type":"HTML","msg":"<div class=\"markdown-body\">\n<h3>Pattern Matching with Case Classes</h3>\n<p>Now let us use case classes for pattern matching including deconstruction. This enables us to access the constructor variables of case classes inside the cases.</p>\n</div>"},"dateCreated":"2018-11-14T19:24:26+0000","status":"READY","errorMessage":"","progressUpdateIntervalMs":500,"$$hashKey":"object:288"},{"text":"case class Person(name:String, age:Int)\ncase class Point(x:Int, y:Int)\n\ndef fn(value:AnyRef) = {\n    value match {\n        case Person(\"Alice\", age) => println(\"It's Alice (age \" + age + \")\")\n        case Person(name,age) => println(\"We have a Person called \" + name + \" of age \" + age)\n        case Point(x,y) => println(\"We have a point at (\" + x + \",\" + y + \")\")\n    }\n}","dateUpdated":"2018-11-14T19:24:26+0000","config":{"editorSetting":{"language":"scala","editOnDblClick":false},"colWidth":12,"editorMode":"ace/mode/scala","results":[{"graph":{"mode":"table","height":300,"optionOpen":false,"keys":[],"values":[],"groups":[],"scatter":{}}}],"enabled":true,"graph":{"mode":"table","height":300,"optionOpen":false,"keys":[],"values":[],"groups":[],"scatter":{}}},"settings":{"params":{},"forms":{}},"apps":[],"jobName":"paragraph_1542223466665_-1986883408","id":"20160618-142753_1698919540","dateCreated":"2018-11-14T19:24:26+0000","status":"READY","errorMessage":"","progressUpdateIntervalMs":500,"$$hashKey":"object:289"},{"text":"fn(Person(\"Alice\", 23))","dateUpdated":"2018-11-14T19:24:26+0000","config":{"editorSetting":{"language":"scala","editOnDblClick":false},"colWidth":12,"editorMode":"ace/mode/scala","results":[{"graph":{"mode":"table","height":300,"optionOpen":false,"keys":[],"values":[],"groups":[],"scatter":{}}}],"enabled":true,"graph":{"mode":"table","height":300,"optionOpen":false,"keys":[],"values":[],"groups":[],"scatter":{}}},"settings":{"params":{},"forms":{}},"apps":[],"jobName":"paragraph_1542223466666_-1985729161","id":"20160618-143014_406914850","dateCreated":"2018-11-14T19:24:26+0000","status":"READY","errorMessage":"","progressUpdateIntervalMs":500,"$$hashKey":"object:290"},{"text":"fn(Person(\"Bob\", 41))","dateUpdated":"2018-11-14T19:24:26+0000","config":{"editorSetting":{"language":"scala","editOnDblClick":false},"colWidth":12,"editorMode":"ace/mode/scala","results":[{"graph":{"mode":"table","height":300,"optionOpen":false,"keys":[],"values":[],"groups":[],"scatter":{}}}],"enabled":true,"graph":{"mode":"table","height":300,"optionOpen":false,"keys":[],"values":[],"groups":[],"scatter":{}}},"settings":{"params":{},"forms":{}},"apps":[],"jobName":"paragraph_1542223466666_-1985729161","id":"20160618-143657_98134149","dateCreated":"2018-11-14T19:24:26+0000","status":"READY","errorMessage":"","progressUpdateIntervalMs":500,"$$hashKey":"object:291"},{"text":"fn(Point(12,13))","dateUpdated":"2018-11-14T19:24:26+0000","config":{"editorSetting":{"language":"scala","editOnDblClick":false},"colWidth":12,"editorMode":"ace/mode/scala","results":[{"graph":{"mode":"table","height":300,"optionOpen":false,"keys":[],"values":[],"groups":[],"scatter":{}}}],"enabled":true,"graph":{"mode":"table","height":300,"optionOpen":false,"keys":[],"values":[],"groups":[],"scatter":{}}},"settings":{"params":{},"forms":{}},"apps":[],"jobName":"paragraph_1542223466666_-1985729161","id":"20160618-143036_1858956581","dateCreated":"2018-11-14T19:24:26+0000","status":"READY","errorMessage":"","progressUpdateIntervalMs":500,"$$hashKey":"object:292"},{"text":"fn(\"Hello World\")","dateUpdated":"2018-11-14T19:24:26+0000","config":{"editorSetting":{"language":"scala","editOnDblClick":false},"colWidth":12,"editorMode":"ace/mode/scala","results":[{"graph":{"mode":"table","height":300,"optionOpen":false,"keys":[],"values":[],"groups":[],"scatter":{}}}],"enabled":true,"graph":{"mode":"table","height":300,"optionOpen":false,"keys":[],"values":[],"groups":[],"scatter":{}}},"settings":{"params":{},"forms":{}},"apps":[],"jobName":"paragraph_1542223466666_-1985729161","id":"20160618-143044_810620068","dateCreated":"2018-11-14T19:24:26+0000","status":"READY","errorMessage":"","progressUpdateIntervalMs":500,"$$hashKey":"object:293"},{"text":"%md\nPattern matching also supports specifying additional conditions via `if` clauses in each case:","dateUpdated":"2018-11-14T19:24:26+0000","config":{"tableHide":false,"colWidth":12,"editorMode":"ace/mode/markdown","editorHide":true,"graph":{"mode":"table","height":300,"optionOpen":false,"keys":[],"values":[],"groups":[],"scatter":{}},"enabled":true},"settings":{"params":{},"forms":{}},"apps":[],"jobName":"paragraph_1542223466666_-1985729161","id":"20181112-175430_1633959690","result":{"code":"SUCCESS","type":"HTML","msg":"<div class=\"markdown-body\">\n<p>Pattern matching also supports specifying additional conditions via <code>if</code> clauses in each case:</p>\n</div>"},"dateCreated":"2018-11-14T19:24:26+0000","status":"READY","errorMessage":"","progressUpdateIntervalMs":500,"$$hashKey":"object:294"},{"text":"def fn(value:AnyRef) = {\n    value match {\n        case Person(\"Alice\", age) if age < 10 => println(\"It's little Alice (age \" + age + \")\")\n        case Person(\"Alice\", age) if age > 50 => println(\"It's old Alice (age \" + age + \")\")\n        case Person(name,age) => println(\"We have a Person called \" + name + \" of age \" + age)\n        case Point(x,y) => println(\"We have a point at (\" + x + \",\" + y + \")\")\n    }\n}","dateUpdated":"2018-11-14T19:24:26+0000","config":{"editorSetting":{"language":"scala","editOnDblClick":false},"colWidth":12,"editorMode":"ace/mode/scala","results":[{"graph":{"mode":"table","height":300,"optionOpen":false,"keys":[],"values":[],"groups":[],"scatter":{}}}],"enabled":true,"graph":{"mode":"table","height":300,"optionOpen":false,"keys":[],"values":[],"groups":[],"scatter":{}}},"settings":{"params":{},"forms":{}},"apps":[],"jobName":"paragraph_1542223466667_-1986113910","id":"20160619-074345_1939639991","dateCreated":"2018-11-14T19:24:26+0000","status":"READY","errorMessage":"","progressUpdateIntervalMs":500,"$$hashKey":"object:295"},{"text":"fn(Person(\"Alice\",9))","dateUpdated":"2018-11-14T19:24:26+0000","config":{"editorSetting":{"language":"scala","editOnDblClick":false},"colWidth":12,"editorMode":"ace/mode/scala","results":[{"graph":{"mode":"table","height":300,"optionOpen":false,"keys":[],"values":[],"groups":[],"scatter":{}}}],"enabled":true,"graph":{"mode":"table","height":300,"optionOpen":false,"keys":[],"values":[],"groups":[],"scatter":{}}},"settings":{"params":{},"forms":{}},"apps":[],"jobName":"paragraph_1542223466667_-1986113910","id":"20160619-074440_394496084","dateCreated":"2018-11-14T19:24:26+0000","status":"READY","errorMessage":"","progressUpdateIntervalMs":500,"$$hashKey":"object:296"},{"text":"fn(Person(\"Alice\",20))","dateUpdated":"2018-11-14T19:24:26+0000","config":{"editorSetting":{"language":"scala","editOnDblClick":false},"colWidth":12,"editorMode":"ace/mode/scala","results":[{"graph":{"mode":"table","height":300,"optionOpen":false,"keys":[],"values":[],"groups":[],"scatter":{}}}],"enabled":true,"graph":{"mode":"table","height":300,"optionOpen":false,"keys":[],"values":[],"groups":[],"scatter":{}}},"settings":{"params":{},"forms":{}},"apps":[],"jobName":"paragraph_1542223466667_-1986113910","id":"20160619-074453_568414527","dateCreated":"2018-11-14T19:24:26+0000","status":"READY","errorMessage":"","progressUpdateIntervalMs":500,"$$hashKey":"object:297"},{"text":"fn(Person(\"Alice\",63))","dateUpdated":"2018-11-14T19:24:26+0000","config":{"editorSetting":{"language":"scala","editOnDblClick":false},"colWidth":12,"editorMode":"ace/mode/scala","results":[{"graph":{"mode":"table","height":300,"optionOpen":false,"keys":[],"values":[],"groups":[],"scatter":{}}}],"enabled":true,"graph":{"mode":"table","height":300,"optionOpen":false,"keys":[],"values":[],"groups":[],"scatter":{}}},"settings":{"params":{},"forms":{}},"apps":[],"jobName":"paragraph_1542223466667_-1986113910","id":"20160619-074513_356929102","dateCreated":"2018-11-14T19:24:26+0000","status":"READY","errorMessage":"","progressUpdateIntervalMs":500,"$$hashKey":"object:298"},{"text":"","dateUpdated":"2018-11-14T19:24:26+0000","config":{"editorSetting":{"language":"scala","editOnDblClick":false},"colWidth":12,"editorMode":"ace/mode/scala","results":{},"graph":{"mode":"table","height":300,"optionOpen":false,"keys":[],"values":[],"groups":[],"scatter":{}},"enabled":true},"settings":{"params":{},"forms":{}},"apps":[],"jobName":"paragraph_1542223466668_-1988037655","id":"20160618-171621_1621284227","dateCreated":"2018-11-14T19:24:26+0000","status":"READY","errorMessage":"","progressUpdateIntervalMs":500,"$$hashKey":"object:299"}],"name":"Scala Introduction - Part 4 - Classes - Full","id":"2DXZMPMMG","angularObjects":{"2DXCSQHDQ:shared_process":[],"2DXX8TZBW:shared_process":[],"2DVWRGCNK:shared_process":[],"2DY6KEB79:shared_process":[],"2DV9MSNQX:shared_process":[],"2DV8FQ6HR:shared_process":[],"2DVZNZJ1J:shared_process":[],"2DUF3PAJB:shared_process":[],"2DX5UEWSB:shared_process":[]},"config":{"looknfeel":"default"},"info":{}}