﻿{"paragraphs":[{"text":"%md\n# Basic Classes\n\nClasses are the fundamental element of object-oriented programming (OOP). Normally this is in contrast to functional programming, but Scala supports and integrates both approaches (functional and object oriented programming) very well.\n\nThe basic idea of a class is to provide a template for constructing similar object which encapsulate some state and provide operations to modify the state. Commonly *operations* are called *methods* and these are only available for instances of the specific class. Formally *modifying* state is strongly against functional idioms, but modern approaches follow a middle way, where instances of classes are immutable and any modification actually creates a new instance. We already saw this concept with immutable collection classes.","dateUpdated":"2018-11-14T19:24:26+0000","config":{"tableHide":false,"editorSetting":{"language":"markdown","editOnDblClick":true},"colWidth":12,"editorMode":"ace/mode/markdown","editorHide":true,"results":[{"graph":{"mode":"table","height":300,"optionOpen":false,"keys":[],"values":[],"groups":[],"scatter":{}}}],"enabled":true,"graph":{"mode":"table","height":300,"optionOpen":false,"keys":[],"values":[],"groups":[],"scatter":{}}},"settings":{"params":{},"forms":{}},"apps":[],"jobName":"paragraph_1542223466655_-1969184958","id":"20160618-134255_1167354932","result":{"code":"SUCCESS","type":"HTML","msg":"<div class=\"markdown-body\">\n<h1>Basic Classes</h1>\n<p>Classes are the fundamental element of object-oriented programming (OOP). Normally this is in contrast to functional programming, but Scala supports and integrates both approaches (functional and object oriented programming) very well.</p>\n<p>The basic idea of a class is to provide a template for constructing similar object which encapsulate some state and provide operations to modify the state. Commonly <em>operations</em> are called <em>methods</em> and these are only available for instances of the specific class. Formally <em>modifying</em> state is strongly against functional idioms, but modern approaches follow a middle way, where instances of classes are immutable and any modification actually creates a new instance. We already saw this concept with immutable collection classes.</p>\n</div>"},"dateCreated":"2018-11-14T19:24:26+0000","status":"READY","errorMessage":"","progressUpdateIntervalMs":500,"focus":true,"$$hashKey":"object:34"},{"text":"%md\n# 1 Simple Classes\n\nThe following example creates a simple class representing some point in a two-dimensional space. It contains two so called methods `move` and `toString`.","dateUpdated":"2018-11-14T19:24:26+0000","config":{"tableHide":false,"colWidth":12,"editorMode":"ace/mode/markdown","editorHide":true,"graph":{"mode":"table","height":300,"optionOpen":false,"keys":[],"values":[],"groups":[],"scatter":{}},"enabled":true},"settings":{"params":{},"forms":{}},"apps":[],"jobName":"paragraph_1542223466656_-1983420668","id":"20181112-172154_1233692187","result":{"code":"SUCCESS","type":"HTML","msg":"<div class=\"markdown-body\">\n<h1>1 Simple Classes</h1>\n<p>The following example creates a simple class representing some point in a two-dimensional space. It contains two so called methods <code>move</code> and <code>toString</code>.</p>\n</div>"},"dateCreated":"2018-11-14T19:24:26+0000","status":"READY","errorMessage":"","progressUpdateIntervalMs":500,"$$hashKey":"object:35"},{"text":"// YOUR CODE HERE","dateUpdated":"2018-11-14T19:55:15+0000","config":{"editorSetting":{"language":"scala","editOnDblClick":false},"colWidth":12,"editorMode":"ace/mode/scala","results":[{"graph":{"mode":"table","height":300,"optionOpen":false,"keys":[],"values":[],"groups":[],"scatter":{}}}],"enabled":true,"graph":{"mode":"table","height":300,"optionOpen":false,"keys":[],"values":[],"groups":[],"scatter":{}}},"settings":{"params":{},"forms":{}},"apps":[],"jobName":"paragraph_1542223466656_-1983420668","id":"20160618-134341_740746202","dateCreated":"2018-11-14T19:24:26+0000","status":"READY","errorMessage":"","progressUpdateIntervalMs":500,"$$hashKey":"object:36"},{"text":"%md\n## 1.1 Creating class instances\n\nSince Scala is 'just' another language on the JVM, it also uses `new` to create a new instance of a class. We'll see some syntactic sugar later on, but eventually `new` is always used to create an instance.","dateUpdated":"2018-11-14T19:24:26+0000","config":{"tableHide":false,"colWidth":12,"editorMode":"ace/mode/markdown","editorHide":true,"graph":{"mode":"table","height":300,"optionOpen":false,"keys":[],"values":[],"groups":[],"scatter":{}},"enabled":true},"settings":{"params":{},"forms":{}},"apps":[],"jobName":"paragraph_1542223466656_-1983420668","id":"20181112-172226_1848464019","result":{"code":"SUCCESS","type":"HTML","msg":"<div class=\"markdown-body\">\n<h2>1.1 Creating class instances</h2>\n<p>Since Scala is &lsquo;just&rsquo; another language on the JVM, it also uses <code>new</code> to create a new instance of a class. We&rsquo;ll see some syntactic sugar later on, but eventually <code>new</code> is always used to create an instance.</p>\n</div>"},"dateCreated":"2018-11-14T19:24:26+0000","status":"READY","errorMessage":"","progressUpdateIntervalMs":500,"$$hashKey":"object:37"},{"text":"// YOUR CODE HERE","dateUpdated":"2018-11-14T19:55:15+0000","config":{"colWidth":12,"editorMode":"ace/mode/scala","graph":{"mode":"table","height":300,"optionOpen":false,"keys":[],"values":[],"groups":[],"scatter":{}},"enabled":true},"settings":{"params":{},"forms":{}},"apps":[],"jobName":"paragraph_1542223466656_-1983420668","id":"20181112-172243_728321504","dateCreated":"2018-11-14T19:24:26+0000","status":"READY","errorMessage":"","progressUpdateIntervalMs":500,"$$hashKey":"object:38"},{"text":"%md\n## 1.2 Calling methods\n\nCalling mathods works completely the same as we are used in Java. Although in certain cases you can omit the paranthese.","dateUpdated":"2018-11-14T19:24:26+0000","config":{"tableHide":false,"colWidth":12,"editorMode":"ace/mode/markdown","editorHide":true,"graph":{"mode":"table","height":300,"optionOpen":false,"keys":[],"values":[],"groups":[],"scatter":{}},"enabled":true},"settings":{"params":{},"forms":{}},"apps":[],"jobName":"paragraph_1542223466657_-1983805417","id":"20181112-172412_741172545","result":{"code":"SUCCESS","type":"HTML","msg":"<div class=\"markdown-body\">\n<h2>1.2 Calling methods</h2>\n<p>Calling mathods works completely the same as we are used in Java. Although in certain cases you can omit the paranthese.</p>\n</div>"},"dateCreated":"2018-11-14T19:24:26+0000","status":"READY","errorMessage":"","progressUpdateIntervalMs":500,"$$hashKey":"object:39"},{"text":"// YOUR CODE HERE","dateUpdated":"2018-11-14T19:55:15+0000","config":{"colWidth":12,"editorMode":"ace/mode/scala","graph":{"mode":"table","height":300,"optionOpen":false,"keys":[],"values":[],"groups":[],"scatter":{}},"enabled":true},"settings":{"params":{},"forms":{}},"apps":[],"jobName":"paragraph_1542223466657_-1983805417","id":"20181112-172403_1174888098","dateCreated":"2018-11-14T19:24:26+0000","status":"READY","errorMessage":"","progressUpdateIntervalMs":500,"$$hashKey":"object:40"},{"text":"%md\n## 1.3 Accessing variables\n\nSurprisingly although `x` and `y` can be accessed in any method of the class, they are not member variables. Therefore they cannot be accessed outside of the class.","dateUpdated":"2018-11-14T19:24:26+0000","config":{"tableHide":false,"colWidth":12,"editorMode":"ace/mode/markdown","editorHide":true,"graph":{"mode":"table","height":300,"optionOpen":false,"keys":[],"values":[],"groups":[],"scatter":{}},"enabled":true},"settings":{"params":{},"forms":{}},"apps":[],"jobName":"paragraph_1542223466657_-1983805417","id":"20181112-174734_629113805","result":{"code":"SUCCESS","type":"HTML","msg":"<div class=\"markdown-body\">\n<h2>1.3 Accessing variables</h2>\n<p>Surprisingly although <code>x</code> and <code>y</code> can be accessed in any method of the class, they are not member variables. Therefore they cannot be accessed outside of the class.</p>\n</div>"},"dateCreated":"2018-11-14T19:24:26+0000","status":"READY","errorMessage":"","progressUpdateIntervalMs":500,"$$hashKey":"object:41"},{"text":"// YOUR CODE HERE","dateUpdated":"2018-11-14T19:55:15+0000","config":{"editorSetting":{"language":"scala","editOnDblClick":false},"colWidth":12,"editorMode":"ace/mode/scala","results":[{"graph":{"mode":"table","height":300,"optionOpen":false,"keys":[],"values":[],"groups":[],"scatter":{}}}],"enabled":true,"graph":{"mode":"table","height":300,"optionOpen":false,"keys":[],"values":[],"groups":[],"scatter":{}}},"settings":{"params":{},"forms":{}},"apps":[],"jobName":"paragraph_1542223466657_-1983805417","id":"20160618-134515_547225282","dateCreated":"2018-11-14T19:24:26+0000","status":"READY","errorMessage":"","progressUpdateIntervalMs":500,"$$hashKey":"object:42"},{"text":"%md\nBut we can define `x` and `y` as member variables, simply by prepending a `val` in front of them:","dateUpdated":"2018-11-14T19:24:26+0000","config":{"tableHide":false,"colWidth":12,"editorMode":"ace/mode/markdown","editorHide":true,"graph":{"mode":"table","height":300,"optionOpen":false,"keys":[],"values":[],"groups":[],"scatter":{}},"enabled":true},"settings":{"params":{},"forms":{}},"apps":[],"jobName":"paragraph_1542223466658_-1982651170","id":"20181112-174852_1286246100","result":{"code":"SUCCESS","type":"HTML","msg":"<div class=\"markdown-body\">\n<p>But we can define <code>x</code> and <code>y</code> as member variables, simply by prepending a <code>val</code> in front of them:</p>\n</div>"},"dateCreated":"2018-11-14T19:24:26+0000","status":"READY","errorMessage":"","progressUpdateIntervalMs":500,"$$hashKey":"object:43"},{"text":"class Point(val x: Int, val y:Int) {\n    def move(dx:Int, dy:Int) = {\n        new Point(x + dx, y + dy)\n    }\n    \n    override def toString = {\n        \"[x=\" + x + \",y=\" + y + \"]\"\n    }\n}\n\nval p1 = new Point(3,4)\np1.x","dateUpdated":"2018-11-14T19:24:26+0000","config":{"editorSetting":{"language":"scala","editOnDblClick":false},"colWidth":12,"editorMode":"ace/mode/scala","results":[{"graph":{"mode":"table","height":300,"optionOpen":false,"keys":[],"values":[],"groups":[],"scatter":{}}}],"enabled":true,"graph":{"mode":"table","height":300,"optionOpen":false,"keys":[],"values":[],"groups":[],"scatter":{}}},"settings":{"params":{},"forms":{}},"apps":[],"jobName":"paragraph_1542223466658_-1982651170","id":"20160618-134740_1423829207","dateCreated":"2018-11-14T19:24:26+0000","status":"READY","errorMessage":"","progressUpdateIntervalMs":500,"$$hashKey":"object:44"},{"text":"%md\n# 2 Deriving Classes\n\nNew functionality can be added to a class by *subclassing*. This will create a *derived* class which inherits all methods and fields from the *base class*, but can add or change functionality. The base class is specified using the `extends` keyword. Note that it also has to receive all required arguments for its constructor. Most of the time the derived class simply will have the same parameters or some additional ones, so the parameters can simply be passed to the base class.","dateUpdated":"2018-11-14T19:24:26+0000","config":{"tableHide":false,"editorSetting":{"language":"markdown","editOnDblClick":true},"colWidth":12,"editorMode":"ace/mode/markdown","editorHide":true,"results":[{"graph":{"mode":"table","height":300,"optionOpen":false,"keys":[],"values":[],"groups":[],"scatter":{}}}],"enabled":true,"graph":{"mode":"table","height":300,"optionOpen":false,"keys":[],"values":[],"groups":[],"scatter":{}}},"settings":{"params":{},"forms":{}},"apps":[],"jobName":"paragraph_1542223466658_-1982651170","id":"20160618-135443_1713638172","result":{"code":"SUCCESS","type":"HTML","msg":"<div class=\"markdown-body\">\n<h1>2 Deriving Classes</h1>\n<p>New functionality can be added to a class by <em>subclassing</em>. This will create a <em>derived</em> class which inherits all methods and fields from the <em>base class</em>, but can add or change functionality. The base class is specified using the <code>extends</code> keyword. Note that it also has to receive all required arguments for its constructor. Most of the time the derived class simply will have the same parameters or some additional ones, so the parameters can simply be passed to the base class.</p>\n</div>"},"dateCreated":"2018-11-14T19:24:26+0000","status":"READY","errorMessage":"","progressUpdateIntervalMs":500,"$$hashKey":"object:45"},{"text":"class Location(override val x:Int, override val y:Int, val name:String) extends Point(x,y) {\n    // YOUR CODE HERE\n}\n\nval l1 = new Location(3,4,\"Home\")\nval l2 = l1.move(5,9)","dateUpdated":"2018-11-14T19:55:49+0000","config":{"editorSetting":{"language":"scala","editOnDblClick":false},"colWidth":12,"editorMode":"ace/mode/scala","results":[{"graph":{"mode":"table","height":300,"optionOpen":false,"keys":[],"values":[],"groups":[],"scatter":{}}}],"enabled":true,"graph":{"mode":"table","height":300,"optionOpen":false,"keys":[],"values":[],"groups":[],"scatter":{}}},"settings":{"params":{},"forms":{}},"apps":[],"jobName":"paragraph_1542223466658_-1982651170","id":"20160618-134809_1508558516","dateCreated":"2018-11-14T19:24:26+0000","status":"READY","errorMessage":"","progressUpdateIntervalMs":500,"$$hashKey":"object:46"},{"text":"// YOUR CODE HERE","dateUpdated":"2018-11-14T19:55:49+0000","config":{"editorSetting":{"language":"scala","editOnDblClick":false},"colWidth":12,"editorMode":"ace/mode/scala","results":[{"graph":{"mode":"table","height":300,"optionOpen":false,"keys":[],"values":[],"groups":[],"scatter":{}}}],"enabled":true,"graph":{"mode":"table","height":300,"optionOpen":false,"keys":[],"values":[],"groups":[],"scatter":{}}},"settings":{"params":{},"forms":{}},"apps":[],"jobName":"paragraph_1542223466659_-1983035919","id":"20160618-135117_293772711","dateCreated":"2018-11-14T19:24:26+0000","status":"READY","errorMessage":"","progressUpdateIntervalMs":500,"$$hashKey":"object:47"},{"text":"%md\n# 3 Traits (similar to Interfaces)\n\nEach class can have only a single base class - this is an intended limitation of the JVM. Nevertheless a class can also inherit from so called *traits* (which are equivalent to *interfaces* in Java or other OOP programming languages.). A trait is very similar to a class, but cannot be instantiated. Instead soem class has to extend the trait and implement all methods and fields.","dateUpdated":"2018-11-14T19:24:26+0000","config":{"tableHide":false,"editorSetting":{"language":"markdown","editOnDblClick":true},"colWidth":12,"editorMode":"ace/mode/markdown","editorHide":true,"results":[{"graph":{"mode":"table","height":300,"optionOpen":false,"keys":[],"values":[],"groups":[],"scatter":{}}}],"enabled":true,"graph":{"mode":"table","height":300,"optionOpen":false,"keys":[],"values":[],"groups":[],"scatter":{}}},"settings":{"params":{},"forms":{}},"apps":[],"jobName":"paragraph_1542223466659_-1983035919","id":"20160618-142010_1334907947","result":{"code":"SUCCESS","type":"HTML","msg":"<div class=\"markdown-body\">\n<h1>3 Traits (similar to Interfaces)</h1>\n<p>Each class can have only a single base class - this is an intended limitation of the JVM. Nevertheless a class can also inherit from so called <em>traits</em> (which are equivalent to <em>interfaces</em> in Java or other OOP programming languages.). A trait is very similar to a class, but cannot be instantiated. Instead soem class has to extend the trait and implement all methods and fields.</p>\n</div>"},"dateCreated":"2018-11-14T19:24:26+0000","status":"READY","errorMessage":"","progressUpdateIntervalMs":500,"$$hashKey":"object:48"},{"text":"trait Addressable {\n    // YOUR CODE HERE\n}","dateUpdated":"2018-11-14T19:56:21+0000","config":{"editorSetting":{"language":"scala","editOnDblClick":false},"colWidth":12,"editorMode":"ace/mode/scala","results":[{"graph":{"mode":"table","height":300,"optionOpen":false,"keys":[],"values":[],"groups":[],"scatter":{}}}],"enabled":true,"graph":{"mode":"table","height":300,"optionOpen":false,"keys":[],"values":[],"groups":[],"scatter":{}}},"settings":{"params":{},"forms":{}},"apps":[],"jobName":"paragraph_1542223466659_-1983035919","id":"20160618-142028_1166147582","dateCreated":"2018-11-14T19:24:26+0000","status":"READY","errorMessage":"","progressUpdateIntervalMs":500,"$$hashKey":"object:49"},{"text":"%md\n## 3.1 Implementing a trait\n\nA trait is always added to a class via the `with` keyword.","dateUpdated":"2018-11-14T19:24:26+0000","config":{"tableHide":false,"colWidth":12,"editorMode":"ace/mode/markdown","editorHide":true,"graph":{"mode":"table","height":300,"optionOpen":false,"keys":[],"values":[],"groups":[],"scatter":{}},"enabled":true},"settings":{"params":{},"forms":{}},"apps":[],"jobName":"paragraph_1542223466659_-1983035919","id":"20181112-175012_819467266","result":{"code":"SUCCESS","type":"HTML","msg":"<div class=\"markdown-body\">\n<h2>3.1 Implementing a trait</h2>\n<p>A trait is always added to a class via the <code>with</code> keyword.</p>\n</div>"},"dateCreated":"2018-11-14T19:24:26+0000","status":"READY","errorMessage":"","progressUpdateIntervalMs":500,"$$hashKey":"object:50"},{"text":"class Person(val name:String, val age:Int) extends Object with Addressable {\n    // YOUR CODE HERE\n}","dateUpdated":"2018-11-14T19:57:26+0000","config":{"editorSetting":{"language":"scala","editOnDblClick":false},"colWidth":12,"editorMode":"ace/mode/scala","results":[{"graph":{"mode":"table","height":300,"optionOpen":false,"keys":[],"values":[],"groups":[],"scatter":{}}}],"enabled":true,"graph":{"mode":"table","height":300,"optionOpen":false,"keys":[],"values":[],"groups":[],"scatter":{}}},"settings":{"params":{},"forms":{}},"apps":[],"jobName":"paragraph_1542223466660_-1984959663","id":"20160618-142332_1751359293","dateCreated":"2018-11-14T19:24:26+0000","status":"READY","errorMessage":"","progressUpdateIntervalMs":500,"$$hashKey":"object:51"},{"config":{"colWidth":12,"graph":{"mode":"table","height":300,"optionOpen":false,"keys":[],"values":[],"groups":[],"scatter":{}},"enabled":true,"editorMode":"ace/mode/scala"},"settings":{"params":{},"forms":{}},"apps":[],"jobName":"paragraph_1542225363844_-1549680607","id":"20181114-195603_1085673134","dateCreated":"2018-11-14T19:56:03+0000","status":"READY","progressUpdateIntervalMs":500,"focus":true,"$$hashKey":"object:1626","text":"// YOUR CODE HERE","dateUpdated":"2018-11-14T19:57:26+0000"},{"text":"%md\n# 4 Companion Object\n\nScala does not directly provide *static methds*, i.e. methods of a class which can be invoked without an instance of the class. Instead Scala provides obejcts and specifically *companion objects* which have the same name as a class. Companion objects and classes have some intimid relation (which does not work completely in Zeppelin or other Scala REPLs).","dateUpdated":"2018-11-14T19:24:26+0000","config":{"tableHide":false,"editorSetting":{"language":"markdown","editOnDblClick":true},"colWidth":12,"editorMode":"ace/mode/markdown","editorHide":true,"results":[{"graph":{"mode":"table","height":300,"optionOpen":false,"keys":[],"values":[],"groups":[],"scatter":{}}}],"enabled":true,"graph":{"mode":"table","height":300,"optionOpen":false,"keys":[],"values":[],"groups":[],"scatter":{}}},"settings":{"params":{},"forms":{}},"apps":[],"jobName":"paragraph_1542223466660_-1984959663","id":"20160618-135129_939063638","result":{"code":"SUCCESS","type":"HTML","msg":"<div class=\"markdown-body\">\n<h1>4 Companion Object</h1>\n<p>Scala does not directly provide <em>static methds</em>, i.e. methods of a class which can be invoked without an instance of the class. Instead Scala provides obejcts and specifically <em>companion objects</em> which have the same name as a class. Companion objects and classes have some intimid relation (which does not work completely in Zeppelin or other Scala REPLs).</p>\n</div>"},"dateCreated":"2018-11-14T19:24:26+0000","status":"READY","errorMessage":"","progressUpdateIntervalMs":500,"$$hashKey":"object:52"},{"text":"object Location {\n    // YOUR CODE HERE\n}","dateUpdated":"2018-11-14T19:57:27+0000","config":{"editorSetting":{"language":"scala","editOnDblClick":false},"colWidth":12,"editorMode":"ace/mode/scala","results":[{"graph":{"mode":"table","height":300,"optionOpen":false,"keys":[],"values":[],"groups":[],"scatter":{}}}],"enabled":true,"graph":{"mode":"table","height":300,"optionOpen":false,"keys":[],"values":[],"groups":[],"scatter":{}}},"settings":{"params":{},"forms":{}},"apps":[],"jobName":"paragraph_1542223466660_-1984959663","id":"20160618-135144_1086212432","dateCreated":"2018-11-14T19:24:26+0000","status":"READY","errorMessage":"","progressUpdateIntervalMs":500,"$$hashKey":"object:53"},{"text":"%md\n## 4.1 Calling an object method\n\nMethods of Scala objects behave like static methods of Java classes.","dateUpdated":"2018-11-14T19:24:26+0000","config":{"tableHide":false,"colWidth":12,"editorMode":"ace/mode/markdown","editorHide":true,"graph":{"mode":"table","height":300,"optionOpen":false,"keys":[],"values":[],"groups":[],"scatter":{}},"enabled":true},"settings":{"params":{},"forms":{}},"apps":[],"jobName":"paragraph_1542223466660_-1984959663","id":"20181112-175214_1801398954","result":{"code":"SUCCESS","type":"HTML","msg":"<div class=\"markdown-body\">\n<h2>4.1 Calling an object method</h2>\n<p>Methods of Scala objects behave like static methods of Java classes.</p>\n</div>"},"dateCreated":"2018-11-14T19:24:26+0000","status":"READY","errorMessage":"","progressUpdateIntervalMs":500,"$$hashKey":"object:54"},{"text":"// YOUR CODE HERE","dateUpdated":"2018-11-14T19:57:27+0000","config":{"editorSetting":{"language":"scala","editOnDblClick":false},"colWidth":12,"editorMode":"ace/mode/scala","results":[{"graph":{"mode":"table","height":300,"optionOpen":false,"keys":[],"values":[],"groups":[],"scatter":{}}}],"enabled":true,"graph":{"mode":"table","height":300,"optionOpen":false,"keys":[],"values":[],"groups":[],"scatter":{}}},"settings":{"params":{},"forms":{}},"apps":[],"jobName":"paragraph_1542223466661_-1985344412","id":"20160618-135557_861646677","dateCreated":"2018-11-14T19:24:26+0000","status":"READY","errorMessage":"","progressUpdateIntervalMs":500,"$$hashKey":"object:55"},{"text":"%md\n## 4.2 Calling the `apply` method","dateUpdated":"2018-11-14T19:24:26+0000","config":{"tableHide":false,"colWidth":12,"editorMode":"ace/mode/markdown","editorHide":true,"graph":{"mode":"table","height":300,"optionOpen":false,"keys":[],"values":[],"groups":[],"scatter":{}},"enabled":true},"settings":{"params":{},"forms":{}},"apps":[],"jobName":"paragraph_1542223466661_-1985344412","id":"20181112-175154_1575264300","result":{"code":"SUCCESS","type":"HTML","msg":"<div class=\"markdown-body\">\n<h2>4.2 Calling the <code>apply</code> method</h2>\n</div>"},"dateCreated":"2018-11-14T19:24:26+0000","status":"READY","errorMessage":"","progressUpdateIntervalMs":500,"$$hashKey":"object:56"},{"text":"// YOUR CODE HERE","dateUpdated":"2018-11-14T19:57:27+0000","config":{"editorSetting":{"language":"scala","editOnDblClick":false},"colWidth":12,"editorMode":"ace/mode/scala","results":[{"graph":{"mode":"table","height":300,"optionOpen":false,"keys":[],"values":[],"groups":[],"scatter":{}}}],"enabled":true,"graph":{"mode":"table","height":300,"optionOpen":false,"keys":[],"values":[],"groups":[],"scatter":{}}},"settings":{"params":{},"forms":{}},"apps":[],"jobName":"paragraph_1542223466661_-1985344412","id":"20160618-135646_1582856805","dateCreated":"2018-11-14T19:24:26+0000","status":"READY","errorMessage":"","progressUpdateIntervalMs":500,"$$hashKey":"object:57"},{"text":"%md\n# 5 Case Classes\n\nIn addition to classes and (companion) objects, Scala also provides so called *case classes*. These are special *value* classes which automatically provide lots of functionality. They are very useful for passing along values, since they cannot be modified and equality always refers to equal values and not to equal identity. Let us have a look of how case classes can be declared and used.","dateUpdated":"2018-11-14T19:24:26+0000","config":{"tableHide":false,"editorSetting":{"language":"markdown","editOnDblClick":true},"colWidth":12,"editorMode":"ace/mode/markdown","editorHide":true,"results":[{"graph":{"mode":"table","height":300,"optionOpen":false,"keys":[],"values":[],"groups":[],"scatter":{}}}],"enabled":true,"graph":{"mode":"table","height":300,"optionOpen":false,"keys":[],"values":[],"groups":[],"scatter":{}}},"settings":{"params":{},"forms":{}},"apps":[],"jobName":"paragraph_1542223466661_-1985344412","id":"20160618-140022_1635919006","result":{"code":"SUCCESS","type":"HTML","msg":"<div class=\"markdown-body\">\n<h1>5 Case Classes</h1>\n<p>In addition to classes and (companion) objects, Scala also provides so called <em>case classes</em>. These are special <em>value</em> classes which automatically provide lots of functionality. They are very useful for passing along values, since they cannot be modified and equality always refers to equal values and not to equal identity. Let us have a look of how case classes can be declared and used.</p>\n</div>"},"dateCreated":"2018-11-14T19:24:26+0000","status":"READY","errorMessage":"","progressUpdateIntervalMs":500,"$$hashKey":"object:58"},{"text":"// YOUR CODE HERE","dateUpdated":"2018-11-14T19:57:27+0000","config":{"editorSetting":{"language":"scala","editOnDblClick":false},"colWidth":12,"editorMode":"ace/mode/scala","results":[{"graph":{"mode":"table","height":300,"optionOpen":false,"keys":[],"values":[],"groups":[],"scatter":{}}}],"enabled":true,"graph":{"mode":"table","height":300,"optionOpen":false,"keys":[],"values":[],"groups":[],"scatter":{}}},"settings":{"params":{},"forms":{}},"apps":[],"jobName":"paragraph_1542223466661_-1985344412","id":"20160618-140204_2650542","dateCreated":"2018-11-14T19:24:26+0000","status":"READY","errorMessage":"","progressUpdateIntervalMs":500,"$$hashKey":"object:59"},{"text":"// YOUR CODE HERE","dateUpdated":"2018-11-14T19:57:27+0000","config":{"editorSetting":{"language":"scala","editOnDblClick":false},"colWidth":12,"editorMode":"ace/mode/scala","results":{},"enabled":true,"graph":{"mode":"table","height":300,"optionOpen":false,"keys":[],"values":[],"groups":[],"scatter":{}}},"settings":{"params":{},"forms":{}},"apps":[],"jobName":"paragraph_1542223466662_-1984190166","id":"20180324-172319_1041112521","dateCreated":"2018-11-14T19:24:26+0000","status":"READY","errorMessage":"","progressUpdateIntervalMs":500,"$$hashKey":"object:60"},{"text":"// YOUR CODE HERE","dateUpdated":"2018-11-14T19:57:27+0000","config":{"editorSetting":{"language":"scala","editOnDblClick":false},"colWidth":12,"editorMode":"ace/mode/scala","results":{},"enabled":true,"graph":{"mode":"table","height":300,"optionOpen":false,"keys":[],"values":[],"groups":[],"scatter":{}}},"settings":{"params":{},"forms":{}},"apps":[],"jobName":"paragraph_1542223466662_-1984190166","id":"20180324-172346_646128901","dateCreated":"2018-11-14T19:24:26+0000","status":"READY","errorMessage":"","progressUpdateIntervalMs":500,"$$hashKey":"object:61"},{"text":"%md\n### Case Classes implement `copy` method\nWhen you want to change a value of a case class, you actually have to make a copy. Fortunately this can be done very easily, since Scala provides a `copy` method which allows you to specify new values for zero, one or even multiple fields.","dateUpdated":"2018-11-14T19:24:26+0000","config":{"tableHide":false,"editorSetting":{"language":"markdown","editOnDblClick":true},"colWidth":12,"editorMode":"ace/mode/markdown","editorHide":true,"results":[{"graph":{"mode":"table","height":300,"optionOpen":false,"keys":[],"values":[],"groups":[],"scatter":{}}}],"enabled":true,"graph":{"mode":"table","height":300,"optionOpen":false,"keys":[],"values":[],"groups":[],"scatter":{}}},"settings":{"params":{},"forms":{}},"apps":[],"jobName":"paragraph_1542223466662_-1984190166","id":"20160618-140743_1604814731","result":{"code":"SUCCESS","type":"HTML","msg":"<div class=\"markdown-body\">\n<h3>Case Classes implement <code>copy</code> method</h3>\n<p>When you want to change a value of a case class, you actually have to make a copy. Fortunately this can be done very easily, since Scala provides a <code>copy</code> method which allows you to specify new values for zero, one or even multiple fields.</p>\n</div>"},"dateCreated":"2018-11-14T19:24:26+0000","status":"READY","errorMessage":"","progressUpdateIntervalMs":500,"$$hashKey":"object:62"},{"text":"// YOUR CODE HERE","dateUpdated":"2018-11-14T19:57:27+0000","config":{"editorSetting":{"language":"scala","editOnDblClick":false},"colWidth":12,"editorMode":"ace/mode/scala","results":[{"graph":{"mode":"table","height":300,"optionOpen":false,"keys":[],"values":[],"groups":[],"scatter":{}}}],"enabled":true,"graph":{"mode":"table","height":300,"optionOpen":false,"keys":[],"values":[],"groups":[],"scatter":{}}},"settings":{"params":{},"forms":{}},"apps":[],"jobName":"paragraph_1542223466662_-1984190166","id":"20160618-140750_582110760","dateCreated":"2018-11-14T19:24:26+0000","status":"READY","errorMessage":"","progressUpdateIntervalMs":500,"$$hashKey":"object:63"},{"text":"%md\n### Case Classes override `equals` and `hashCode`\n\nAs already stated in the introduction of case classes, equality is not defined by identity, but really as identical values. This is provided by the automatic implementation of the `equals` and `hashCode` methods (which is available in every class).","dateUpdated":"2018-11-14T19:24:26+0000","config":{"tableHide":false,"editorSetting":{"language":"markdown","editOnDblClick":true},"colWidth":12,"editorMode":"ace/mode/markdown","editorHide":true,"results":[{"graph":{"mode":"table","height":300,"optionOpen":false,"keys":[],"values":[],"groups":[],"scatter":{}}}],"enabled":true,"graph":{"mode":"table","height":300,"optionOpen":false,"keys":[],"values":[],"groups":[],"scatter":{}}},"settings":{"params":{},"forms":{}},"apps":[],"jobName":"paragraph_1542223466663_-1984574914","id":"20160618-141430_499981270","result":{"code":"SUCCESS","type":"HTML","msg":"<div class=\"markdown-body\">\n<h3>Case Classes override <code>equals</code> and <code>hashCode</code></h3>\n<p>As already stated in the introduction of case classes, equality is not defined by identity, but really as identical values. This is provided by the automatic implementation of the <code>equals</code> and <code>hashCode</code> methods (which is available in every class).</p>\n</div>"},"dateCreated":"2018-11-14T19:24:26+0000","status":"READY","errorMessage":"","progressUpdateIntervalMs":500,"$$hashKey":"object:64"},{"text":"// YOUR CODE HERE","dateUpdated":"2018-11-14T19:57:27+0000","config":{"editorSetting":{"language":"scala","editOnDblClick":false},"colWidth":12,"editorMode":"ace/mode/scala","results":[{"graph":{"mode":"table","height":300,"optionOpen":false,"keys":[],"values":[],"groups":[],"scatter":{}}}],"enabled":true,"graph":{"mode":"table","height":300,"optionOpen":false,"keys":[],"values":[],"groups":[],"scatter":{}}},"settings":{"params":{},"forms":{}},"apps":[],"jobName":"paragraph_1542223466663_-1984574914","id":"20160618-140555_1632822887","dateCreated":"2018-11-14T19:24:26+0000","status":"READY","errorMessage":"","progressUpdateIntervalMs":500,"$$hashKey":"object:65"},{"text":"// YOUR CODE HERE","dateUpdated":"2018-11-14T19:57:27+0000","config":{"editorSetting":{"language":"scala","editOnDblClick":false},"colWidth":12,"editorMode":"ace/mode/scala","results":[{"graph":{"mode":"table","height":300,"optionOpen":false,"keys":[],"values":[],"groups":[],"scatter":{}}}],"enabled":true,"graph":{"mode":"table","height":300,"optionOpen":false,"keys":[],"values":[],"groups":[],"scatter":{}}},"settings":{"params":{},"forms":{}},"apps":[],"jobName":"paragraph_1542223466663_-1984574914","id":"20160618-141543_1773966140","dateCreated":"2018-11-14T19:24:26+0000","status":"READY","errorMessage":"","progressUpdateIntervalMs":500,"$$hashKey":"object:66"},{"text":"%md\n### Case classes contain the `unapply` method\n\nCase classes also implement the `unapply` method, which is used by Scala for deconstructing objects. This allows you to create magical code, that is easy to understand but at first glance a small miracle how it works.","dateUpdated":"2018-11-14T19:24:26+0000","config":{"tableHide":false,"editorSetting":{"language":"markdown","editOnDblClick":true},"colWidth":12,"editorMode":"ace/mode/markdown","editorHide":true,"results":[{"graph":{"mode":"table","height":300,"optionOpen":false,"keys":[],"values":[],"groups":[],"scatter":{}}}],"enabled":true,"graph":{"mode":"table","height":300,"optionOpen":false,"keys":[],"values":[],"groups":[],"scatter":{}}},"settings":{"params":{},"forms":{}},"apps":[],"jobName":"paragraph_1542223466663_-1984574914","id":"20160618-141357_329661884","result":{"code":"SUCCESS","type":"HTML","msg":"<div class=\"markdown-body\">\n<h3>Case classes contain the <code>unapply</code> method</h3>\n<p>Case classes also implement the <code>unapply</code> method, which is used by Scala for deconstructing objects. This allows you to create magical code, that is easy to understand but at first glance a small miracle how it works.</p>\n</div>"},"dateCreated":"2018-11-14T19:24:26+0000","status":"READY","errorMessage":"","progressUpdateIntervalMs":500,"$$hashKey":"object:67"},{"text":"// YOUR CODE HERE","dateUpdated":"2018-11-14T19:57:27+0000","config":{"editorSetting":{"language":"scala","editOnDblClick":false},"colWidth":12,"editorMode":"ace/mode/scala","results":[{"graph":{"mode":"table","height":300,"optionOpen":false,"keys":[],"values":[],"groups":[],"scatter":{}}}],"enabled":true,"graph":{"mode":"table","height":300,"optionOpen":false,"keys":[],"values":[],"groups":[],"scatter":{}}},"settings":{"params":{},"forms":{}},"apps":[],"jobName":"paragraph_1542223466664_-1986498659","id":"20160618-140430_125204944","dateCreated":"2018-11-14T19:24:26+0000","status":"READY","errorMessage":"","progressUpdateIntervalMs":500,"$$hashKey":"object:68"},{"text":"// YOUR CODE HERE","dateUpdated":"2018-11-14T19:57:27+0000","config":{"editorSetting":{"language":"scala","editOnDblClick":false},"colWidth":12,"editorMode":"ace/mode/scala","results":[{"graph":{"mode":"table","height":300,"optionOpen":false,"keys":[],"values":[],"groups":[],"scatter":{}}}],"enabled":true,"graph":{"mode":"table","height":300,"optionOpen":false,"keys":[],"values":[],"groups":[],"scatter":{}}},"settings":{"params":{},"forms":{}},"apps":[],"jobName":"paragraph_1542223466664_-1986498659","id":"20160618-140511_893223268","dateCreated":"2018-11-14T19:24:26+0000","status":"READY","errorMessage":"","progressUpdateIntervalMs":500,"$$hashKey":"object:69"},{"text":"%md\n## 5.1 Pattern Matching\n\nWe already saw pattern matching in conjunction with simple flow control. But the real power of pattern matching is revealed with case classes.","dateUpdated":"2018-11-14T19:24:26+0000","config":{"tableHide":false,"editorSetting":{"language":"markdown","editOnDblClick":true},"colWidth":12,"editorMode":"ace/mode/markdown","editorHide":true,"results":[{"graph":{"mode":"table","height":300,"optionOpen":false,"keys":[],"values":[],"groups":[],"scatter":{}}}],"enabled":true,"graph":{"mode":"table","height":300,"optionOpen":false,"keys":[],"values":[],"groups":[],"scatter":{}}},"settings":{"params":{},"forms":{}},"apps":[],"jobName":"paragraph_1542223466664_-1986498659","id":"20160618-141753_1396250193","result":{"code":"SUCCESS","type":"HTML","msg":"<div class=\"markdown-body\">\n<h2>5.1 Pattern Matching</h2>\n<p>We already saw pattern matching in conjunction with simple flow control. But the real power of pattern matching is revealed with case classes.</p>\n</div>"},"dateCreated":"2018-11-14T19:24:26+0000","status":"READY","errorMessage":"","progressUpdateIntervalMs":500,"$$hashKey":"object:70"},{"text":"def fn(name:String) = {\n    name match {\n        case \"Alice\" => println(\"Hello Alice\")\n        case \"Bob\" => println(\"Hi Bob\")\n        case x:String => println(\"Someone else (\" + x + \")\")\n    }\n}","dateUpdated":"2018-11-14T19:24:26+0000","config":{"editorSetting":{"language":"scala","editOnDblClick":false},"colWidth":12,"editorMode":"ace/mode/scala","results":[{"graph":{"mode":"table","height":300,"optionOpen":false,"keys":[],"values":[],"groups":[],"scatter":{}}}],"enabled":true,"graph":{"mode":"table","height":300,"optionOpen":false,"keys":[],"values":[],"groups":[],"scatter":{}}},"settings":{"params":{},"forms":{}},"apps":[],"jobName":"paragraph_1542223466664_-1986498659","id":"20160618-143128_1561236462","dateCreated":"2018-11-14T19:24:26+0000","status":"READY","errorMessage":"","progressUpdateIntervalMs":500,"$$hashKey":"object:71"},{"text":"fn(\"Alice\")","dateUpdated":"2018-11-14T19:24:26+0000","config":{"editorSetting":{"language":"scala","editOnDblClick":false},"colWidth":12,"editorMode":"ace/mode/scala","results":[{"graph":{"mode":"table","height":300,"optionOpen":false,"keys":[],"values":[],"groups":[],"scatter":{}}}],"enabled":true,"graph":{"mode":"table","height":300,"optionOpen":false,"keys":[],"values":[],"groups":[],"scatter":{}}},"settings":{"params":{},"forms":{}},"apps":[],"jobName":"paragraph_1542223466664_-1986498659","id":"20160618-143337_251763343","dateCreated":"2018-11-14T19:24:26+0000","status":"READY","errorMessage":"","progressUpdateIntervalMs":500,"$$hashKey":"object:72"},{"text":"fn(\"Bob\")","dateUpdated":"2018-11-14T19:24:26+0000","config":{"editorSetting":{"language":"scala","editOnDblClick":false},"colWidth":12,"editorMode":"ace/mode/scala","results":[{"graph":{"mode":"table","height":300,"optionOpen":false,"keys":[],"values":[],"groups":[],"scatter":{}}}],"enabled":true,"graph":{"mode":"table","height":300,"optionOpen":false,"keys":[],"values":[],"groups":[],"scatter":{}}},"settings":{"params":{},"forms":{}},"apps":[],"jobName":"paragraph_1542223466665_-1986883408","id":"20160618-143354_1568326611","dateCreated":"2018-11-14T19:24:26+0000","status":"READY","errorMessage":"","progressUpdateIntervalMs":500,"$$hashKey":"object:73"},{"text":"fn(\"Eve\")","dateUpdated":"2018-11-14T19:24:26+0000","config":{"editorSetting":{"language":"scala","editOnDblClick":false},"colWidth":12,"editorMode":"ace/mode/scala","results":[{"graph":{"mode":"table","height":300,"optionOpen":false,"keys":[],"values":[],"groups":[],"scatter":{}}}],"enabled":true,"graph":{"mode":"table","height":300,"optionOpen":false,"keys":[],"values":[],"groups":[],"scatter":{}}},"settings":{"params":{},"forms":{}},"apps":[],"jobName":"paragraph_1542223466665_-1986883408","id":"20160618-143359_493729815","dateCreated":"2018-11-14T19:24:26+0000","status":"READY","errorMessage":"","progressUpdateIntervalMs":500,"$$hashKey":"object:74"},{"text":"%md\n### Pattern Matching with Case Classes\n\nNow let us use case classes for pattern matching including deconstruction. This enables us to access the constructor variables of case classes inside the cases.","dateUpdated":"2018-11-14T19:24:26+0000","config":{"tableHide":false,"editorSetting":{"language":"markdown","editOnDblClick":true},"colWidth":12,"editorMode":"ace/mode/markdown","editorHide":true,"results":{},"enabled":true,"graph":{"mode":"table","height":300,"optionOpen":false,"keys":[],"values":[],"groups":[],"scatter":{}}},"settings":{"params":{},"forms":{}},"apps":[],"jobName":"paragraph_1542223466665_-1986883408","id":"20180324-173054_54592730","result":{"code":"SUCCESS","type":"HTML","msg":"<div class=\"markdown-body\">\n<h3>Pattern Matching with Case Classes</h3>\n<p>Now let us use case classes for pattern matching including deconstruction. This enables us to access the constructor variables of case classes inside the cases.</p>\n</div>"},"dateCreated":"2018-11-14T19:24:26+0000","status":"READY","errorMessage":"","progressUpdateIntervalMs":500,"$$hashKey":"object:75"},{"text":"case class Person(name:String, age:Int)\ncase class Point(x:Int, y:Int)\n\ndef fn(value:AnyRef) = {\n    value match {\n        // YOUR CODE HERE\n    }\n}","dateUpdated":"2018-11-14T19:57:40+0000","config":{"editorSetting":{"language":"scala","editOnDblClick":false},"colWidth":12,"editorMode":"ace/mode/scala","results":[{"graph":{"mode":"table","height":300,"optionOpen":false,"keys":[],"values":[],"groups":[],"scatter":{}}}],"enabled":true,"graph":{"mode":"table","height":300,"optionOpen":false,"keys":[],"values":[],"groups":[],"scatter":{}}},"settings":{"params":{},"forms":{}},"apps":[],"jobName":"paragraph_1542223466665_-1986883408","id":"20160618-142753_1698919540","dateCreated":"2018-11-14T19:24:26+0000","status":"READY","errorMessage":"","progressUpdateIntervalMs":500,"$$hashKey":"object:76"},{"text":"fn(Person(\"Alice\", 23))","dateUpdated":"2018-11-14T19:24:26+0000","config":{"editorSetting":{"language":"scala","editOnDblClick":false},"colWidth":12,"editorMode":"ace/mode/scala","results":[{"graph":{"mode":"table","height":300,"optionOpen":false,"keys":[],"values":[],"groups":[],"scatter":{}}}],"enabled":true,"graph":{"mode":"table","height":300,"optionOpen":false,"keys":[],"values":[],"groups":[],"scatter":{}}},"settings":{"params":{},"forms":{}},"apps":[],"jobName":"paragraph_1542223466666_-1985729161","id":"20160618-143014_406914850","dateCreated":"2018-11-14T19:24:26+0000","status":"READY","errorMessage":"","progressUpdateIntervalMs":500,"$$hashKey":"object:77"},{"text":"fn(Person(\"Bob\", 41))","dateUpdated":"2018-11-14T19:24:26+0000","config":{"editorSetting":{"language":"scala","editOnDblClick":false},"colWidth":12,"editorMode":"ace/mode/scala","results":[{"graph":{"mode":"table","height":300,"optionOpen":false,"keys":[],"values":[],"groups":[],"scatter":{}}}],"enabled":true,"graph":{"mode":"table","height":300,"optionOpen":false,"keys":[],"values":[],"groups":[],"scatter":{}}},"settings":{"params":{},"forms":{}},"apps":[],"jobName":"paragraph_1542223466666_-1985729161","id":"20160618-143657_98134149","dateCreated":"2018-11-14T19:24:26+0000","status":"READY","errorMessage":"","progressUpdateIntervalMs":500,"$$hashKey":"object:78"},{"text":"fn(Point(12,13))","dateUpdated":"2018-11-14T19:24:26+0000","config":{"editorSetting":{"language":"scala","editOnDblClick":false},"colWidth":12,"editorMode":"ace/mode/scala","results":[{"graph":{"mode":"table","height":300,"optionOpen":false,"keys":[],"values":[],"groups":[],"scatter":{}}}],"enabled":true,"graph":{"mode":"table","height":300,"optionOpen":false,"keys":[],"values":[],"groups":[],"scatter":{}}},"settings":{"params":{},"forms":{}},"apps":[],"jobName":"paragraph_1542223466666_-1985729161","id":"20160618-143036_1858956581","dateCreated":"2018-11-14T19:24:26+0000","status":"READY","errorMessage":"","progressUpdateIntervalMs":500,"$$hashKey":"object:79"},{"text":"fn(\"Hello World\")","dateUpdated":"2018-11-14T19:24:26+0000","config":{"editorSetting":{"language":"scala","editOnDblClick":false},"colWidth":12,"editorMode":"ace/mode/scala","results":[{"graph":{"mode":"table","height":300,"optionOpen":false,"keys":[],"values":[],"groups":[],"scatter":{}}}],"enabled":true,"graph":{"mode":"table","height":300,"optionOpen":false,"keys":[],"values":[],"groups":[],"scatter":{}}},"settings":{"params":{},"forms":{}},"apps":[],"jobName":"paragraph_1542223466666_-1985729161","id":"20160618-143044_810620068","dateCreated":"2018-11-14T19:24:26+0000","status":"READY","errorMessage":"","progressUpdateIntervalMs":500,"$$hashKey":"object:80"},{"text":"%md\nPattern matching also supports specifying additional conditions via `if` clauses in each case:","dateUpdated":"2018-11-14T19:24:26+0000","config":{"tableHide":false,"colWidth":12,"editorMode":"ace/mode/markdown","editorHide":true,"graph":{"mode":"table","height":300,"optionOpen":false,"keys":[],"values":[],"groups":[],"scatter":{}},"enabled":true},"settings":{"params":{},"forms":{}},"apps":[],"jobName":"paragraph_1542223466666_-1985729161","id":"20181112-175430_1633959690","result":{"code":"SUCCESS","type":"HTML","msg":"<div class=\"markdown-body\">\n<p>Pattern matching also supports specifying additional conditions via <code>if</code> clauses in each case:</p>\n</div>"},"dateCreated":"2018-11-14T19:24:26+0000","status":"READY","errorMessage":"","progressUpdateIntervalMs":500,"$$hashKey":"object:81"},{"text":"def fn(value:AnyRef) = {\n    value match {\n        case Person(\"Alice\", age) if age < 10 => println(\"It's little Alice (age \" + age + \")\")\n        case Person(\"Alice\", age) if age > 50 => println(\"It's old Alice (age \" + age + \")\")\n        case Person(name,age) => println(\"We have a Person called \" + name + \" of age \" + age)\n        case Point(x,y) => println(\"We have a point at (\" + x + \",\" + y + \")\")\n    }\n}","dateUpdated":"2018-11-14T19:24:26+0000","config":{"editorSetting":{"language":"scala","editOnDblClick":false},"colWidth":12,"editorMode":"ace/mode/scala","results":[{"graph":{"mode":"table","height":300,"optionOpen":false,"keys":[],"values":[],"groups":[],"scatter":{}}}],"enabled":true,"graph":{"mode":"table","height":300,"optionOpen":false,"keys":[],"values":[],"groups":[],"scatter":{}}},"settings":{"params":{},"forms":{}},"apps":[],"jobName":"paragraph_1542223466667_-1986113910","id":"20160619-074345_1939639991","dateCreated":"2018-11-14T19:24:26+0000","status":"READY","errorMessage":"","progressUpdateIntervalMs":500,"$$hashKey":"object:82"},{"text":"fn(Person(\"Alice\",9))","dateUpdated":"2018-11-14T19:24:26+0000","config":{"editorSetting":{"language":"scala","editOnDblClick":false},"colWidth":12,"editorMode":"ace/mode/scala","results":[{"graph":{"mode":"table","height":300,"optionOpen":false,"keys":[],"values":[],"groups":[],"scatter":{}}}],"enabled":true,"graph":{"mode":"table","height":300,"optionOpen":false,"keys":[],"values":[],"groups":[],"scatter":{}}},"settings":{"params":{},"forms":{}},"apps":[],"jobName":"paragraph_1542223466667_-1986113910","id":"20160619-074440_394496084","dateCreated":"2018-11-14T19:24:26+0000","status":"READY","errorMessage":"","progressUpdateIntervalMs":500,"$$hashKey":"object:83"},{"text":"fn(Person(\"Alice\",20))","dateUpdated":"2018-11-14T19:24:26+0000","config":{"editorSetting":{"language":"scala","editOnDblClick":false},"colWidth":12,"editorMode":"ace/mode/scala","results":[{"graph":{"mode":"table","height":300,"optionOpen":false,"keys":[],"values":[],"groups":[],"scatter":{}}}],"enabled":true,"graph":{"mode":"table","height":300,"optionOpen":false,"keys":[],"values":[],"groups":[],"scatter":{}}},"settings":{"params":{},"forms":{}},"apps":[],"jobName":"paragraph_1542223466667_-1986113910","id":"20160619-074453_568414527","dateCreated":"2018-11-14T19:24:26+0000","status":"READY","errorMessage":"","progressUpdateIntervalMs":500,"$$hashKey":"object:84"},{"text":"fn(Person(\"Alice\",63))","dateUpdated":"2018-11-14T19:24:26+0000","config":{"editorSetting":{"language":"scala","editOnDblClick":false},"colWidth":12,"editorMode":"ace/mode/scala","results":[{"graph":{"mode":"table","height":300,"optionOpen":false,"keys":[],"values":[],"groups":[],"scatter":{}}}],"enabled":true,"graph":{"mode":"table","height":300,"optionOpen":false,"keys":[],"values":[],"groups":[],"scatter":{}}},"settings":{"params":{},"forms":{}},"apps":[],"jobName":"paragraph_1542223466667_-1986113910","id":"20160619-074513_356929102","dateCreated":"2018-11-14T19:24:26+0000","status":"READY","errorMessage":"","progressUpdateIntervalMs":500,"$$hashKey":"object:85"},{"text":"","dateUpdated":"2018-11-14T19:24:26+0000","config":{"editorSetting":{"language":"scala","editOnDblClick":false},"colWidth":12,"editorMode":"ace/mode/scala","results":{},"graph":{"mode":"table","height":300,"optionOpen":false,"keys":[],"values":[],"groups":[],"scatter":{}},"enabled":true},"settings":{"params":{},"forms":{}},"apps":[],"jobName":"paragraph_1542223466668_-1988037655","id":"20160618-171621_1621284227","dateCreated":"2018-11-14T19:24:26+0000","status":"READY","errorMessage":"","progressUpdateIntervalMs":500,"$$hashKey":"object:86"}],"name":"Scala Introduction - Part 4 - Classes - Skeleton","id":"2DXZMPMMG","angularObjects":{"2DXCSQHDQ:shared_process":[],"2DXX8TZBW:shared_process":[],"2DVWRGCNK:shared_process":[],"2DY6KEB79:shared_process":[],"2DV9MSNQX:shared_process":[],"2DV8FQ6HR:shared_process":[],"2DVZNZJ1J:shared_process":[],"2DUF3PAJB:shared_process":[],"2DX5UEWSB:shared_process":[]},"config":{"looknfeel":"default"},"info":{}}