﻿{"paragraphs":[{"text":"%md\n# 1 Reading from a File\n\nIn Scala reading from a (text) file is modelled like a sequence of strings, i.e. as a collection. This allows functional transformations and processing of files.","dateUpdated":"2018-11-14T19:24:05+0000","config":{"tableHide":false,"editorSetting":{"language":"markdown","editOnDblClick":true},"colWidth":12,"editorMode":"ace/mode/markdown","editorHide":true,"results":[{"graph":{"mode":"table","height":300,"optionOpen":false,"keys":[],"values":[],"groups":[],"scatter":{}}}],"enabled":true,"graph":{"mode":"table","height":300,"optionOpen":false,"keys":[],"values":[],"groups":[],"scatter":{}}},"settings":{"params":{},"forms":{}},"apps":[],"jobName":"paragraph_1542223445966_-838438589","id":"20160618-171850_1306111436","result":{"code":"SUCCESS","type":"HTML","msg":"<div class=\"markdown-body\">\n<h1>1 Reading from a File</h1>\n<p>In Scala reading from a (text) file is modelled like a sequence of strings, i.e. as a collection. This allows functional transformations and processing of files.</p>\n</div>"},"dateCreated":"2018-11-14T19:24:05+0000","status":"READY","errorMessage":"","progressUpdateIntervalMs":500,"focus":true,"$$hashKey":"object:16478"},{"text":"import scala.io.Source\n\nval s = // YOUR CODE HERE\n\nfor (l <- s.slice(10,20)) {\n    println(l)\n}","dateUpdated":"2018-11-14T19:54:30+0000","config":{"editorSetting":{"language":"scala","editOnDblClick":false},"colWidth":12,"editorMode":"ace/mode/scala","results":[{"graph":{"mode":"table","height":300,"optionOpen":false,"keys":[],"values":[],"groups":[],"scatter":{}}}],"enabled":true,"graph":{"mode":"table","height":300,"optionOpen":false,"keys":[],"values":[],"groups":[],"scatter":{}}},"settings":{"params":{},"forms":{}},"apps":[],"jobName":"paragraph_1542223445966_-838438589","id":"20160619-060321_209177487","dateCreated":"2018-11-14T19:24:05+0000","status":"READY","errorMessage":"","progressUpdateIntervalMs":500,"$$hashKey":"object:16479"},{"text":"%md\n## 1.1 Convert to a collection\n\nYou can also convert a source to a normal Scala collection by using the `getLines` method.","dateUpdated":"2018-11-14T19:24:05+0000","config":{"tableHide":false,"colWidth":12,"editorMode":"ace/mode/markdown","editorHide":true,"graph":{"mode":"table","height":300,"optionOpen":false,"keys":[],"values":[],"groups":[],"scatter":{}},"enabled":true},"settings":{"params":{},"forms":{}},"apps":[],"jobName":"paragraph_1542223445967_-838823338","id":"20181112-171348_1048572063","result":{"code":"SUCCESS","type":"HTML","msg":"<div class=\"markdown-body\">\n<h2>1.1 Convert to a collection</h2>\n<p>You can also convert a source to a normal Scala collection by using the <code>getLines</code> method.</p>\n</div>"},"dateCreated":"2018-11-14T19:24:05+0000","status":"READY","errorMessage":"","progressUpdateIntervalMs":500,"$$hashKey":"object:16480"},{"text":"for (l <- s.getLines.slice(10,20)) {\n    println(l)\n}","dateUpdated":"2018-11-14T19:24:05+0000","config":{"editorSetting":{"language":"scala","editOnDblClick":false},"colWidth":12,"editorMode":"ace/mode/scala","results":[{"graph":{"mode":"table","height":300,"optionOpen":false,"keys":[],"values":[],"groups":[],"scatter":{}}}],"enabled":true,"graph":{"mode":"table","height":300,"optionOpen":false,"keys":[],"values":[],"groups":[],"scatter":{}}},"settings":{"params":{},"forms":{}},"apps":[],"jobName":"paragraph_1542223445967_-838823338","id":"20160619-063055_1388679180","dateCreated":"2018-11-14T19:24:05+0000","status":"READY","errorMessage":"","progressUpdateIntervalMs":500,"$$hashKey":"object:16481"},{"text":"%md \n# 2 Writing to a File\n\nWriting to a File is not directly part of Scala, we have to use Java classes to perform this task.","dateUpdated":"2018-11-14T19:24:05+0000","config":{"tableHide":false,"editorSetting":{"language":"markdown","editOnDblClick":true},"colWidth":12,"editorMode":"ace/mode/markdown","editorHide":true,"results":[{"graph":{"mode":"table","height":300,"optionOpen":false,"keys":[],"values":[],"groups":[],"scatter":{}}}],"enabled":true,"graph":{"mode":"table","height":300,"optionOpen":false,"keys":[],"values":[],"groups":[],"scatter":{}}},"settings":{"params":{},"forms":{}},"apps":[],"jobName":"paragraph_1542223445967_-838823338","id":"20160618-172400_515334567","result":{"code":"SUCCESS","type":"HTML","msg":"<div class=\"markdown-body\">\n<h1>2 Writing to a File</h1>\n<p>Writing to a File is not directly part of Scala, we have to use Java classes to perform this task.</p>\n</div>"},"dateCreated":"2018-11-14T19:24:05+0000","status":"READY","errorMessage":"","progressUpdateIntervalMs":500,"$$hashKey":"object:16482"},{"text":"import java.io.File\nimport java.io.PrintWriter\n\nval s = Source.fromFile(\"/home/hadoop/alice-in-wonderland.txt\")\nval writer = new PrintWriter(new File(\"alice-out.txt\"))\n\nfor (l <- s.getLines)\n    writer.println(l)\n    \nwriter.close()","dateUpdated":"2018-11-14T19:24:05+0000","config":{"editorSetting":{"language":"scala","editOnDblClick":false},"colWidth":12,"editorMode":"ace/mode/scala","results":[{"graph":{"mode":"table","height":300,"optionOpen":false,"keys":[],"values":[],"groups":[],"scatter":{}}}],"enabled":true,"graph":{"mode":"table","height":300,"optionOpen":false,"keys":[],"values":[],"groups":[],"scatter":{}}},"settings":{"params":{},"forms":{}},"apps":[],"jobName":"paragraph_1542223445967_-838823338","id":"20160618-172416_983133116","dateCreated":"2018-11-14T19:24:05+0000","status":"READY","errorMessage":"","progressUpdateIntervalMs":500,"$$hashKey":"object:16483"},{"text":"%sh\nhead alice-out.txt","dateUpdated":"2018-11-14T19:24:05+0000","config":{"editorSetting":{"language":"sh","editOnDblClick":false},"colWidth":12,"editorMode":"ace/mode/sh","results":[{"graph":{"mode":"table","height":300,"optionOpen":false,"keys":[],"values":[],"groups":[],"scatter":{}}}],"enabled":true,"graph":{"mode":"table","height":300,"optionOpen":false,"keys":[],"values":[],"groups":[],"scatter":{}}},"settings":{"params":{},"forms":{}},"apps":[],"jobName":"paragraph_1542223445968_-828435118","id":"20160619-063524_1972266739","dateCreated":"2018-11-14T19:24:05+0000","status":"READY","errorMessage":"","progressUpdateIntervalMs":500,"$$hashKey":"object:16484"},{"text":"","dateUpdated":"2018-11-14T19:24:05+0000","config":{"editorSetting":{"language":"scala","editOnDblClick":false},"colWidth":12,"editorMode":"ace/mode/scala","results":{},"graph":{"mode":"table","height":300,"optionOpen":false,"keys":[],"values":[],"groups":[],"scatter":{}},"enabled":true},"settings":{"params":{},"forms":{}},"apps":[],"jobName":"paragraph_1542223445968_-828435118","id":"20160619-063710_352002981","dateCreated":"2018-11-14T19:24:05+0000","status":"READY","errorMessage":"","progressUpdateIntervalMs":500,"$$hashKey":"object:16485"}],"name":"Scala Introduction - Part 3 - IO - Skeleton","id":"2DXQ2Y89C","angularObjects":{"2DXCSQHDQ:shared_process":[],"2DXX8TZBW:shared_process":[],"2DVWRGCNK:shared_process":[],"2DY6KEB79:shared_process":[],"2DV9MSNQX:shared_process":[],"2DV8FQ6HR:shared_process":[],"2DVZNZJ1J:shared_process":[],"2DUF3PAJB:shared_process":[],"2DX5UEWSB:shared_process":[]},"config":{"looknfeel":"default"},"info":{}}