{
    "$schema": "https://schema.management.azure.com/schemas/2015-01-01/deploymentParameters.json#",
    "contentVersion": "1.0.0.0",
    "parameters": {
        "workflows_la01poc20797_name": {
            "value": null
        },
        "storageAccounts_sa01synapsepoc20707_externalid": {
            "value": null
        },
        "connections_azureblob_1_externalid": {
            "value": null
        },
        "connections_azuredatafactory_1_externalid": {
            "value": null
        },
        "connections_azureeventgrid_1_externalid": {
            "value": null
        },
        "connections_sql_2_externalid": {
            "value": null
        }
    }
}