{
    "$schema": "https://schema.management.azure.com/schemas/2019-04-01/deploymentTemplate.json#",
    "contentVersion": "1.0.0.0",
    "parameters": {
        "workflows_la01poc20797_name": {
            "defaultValue": "la01poc20797",
            "type": "String"
        },
        "storageAccounts_sa01synapsepoc20707_externalid": {
            "defaultValue": "/subscriptions/bae48409-c3b3-487a-a416-6d9224248c9f/resourceGroups/az20797poccrp007107/providers/Microsoft.Storage/storageAccounts/sa01synapsepoc20707",
            "type": "String"
        },
        "connections_azureblob_1_externalid": {
            "defaultValue": "/subscriptions/bae48409-c3b3-487a-a416-6d9224248c9f/resourceGroups/az20797poccrp007107/providers/Microsoft.Web/connections/azureblob-1",
            "type": "String"
        },
        "connections_azuredatafactory_1_externalid": {
            "defaultValue": "/subscriptions/bae48409-c3b3-487a-a416-6d9224248c9f/resourceGroups/az20797poccrp007107/providers/Microsoft.Web/connections/azuredatafactory-1",
            "type": "String"
        },
        "connections_azureeventgrid_1_externalid": {
            "defaultValue": "/subscriptions/bae48409-c3b3-487a-a416-6d9224248c9f/resourceGroups/az20797poccrp007107/providers/Microsoft.Web/connections/azureeventgrid-1",
            "type": "String"
        },
        "connections_sql_2_externalid": {
            "defaultValue": "/subscriptions/bae48409-c3b3-487a-a416-6d9224248c9f/resourceGroups/az20797poccrp007107/providers/Microsoft.Web/connections/sql-2",
            "type": "String"
        }
    },
    "variables": {},
    "resources": [
        {
            "type": "Microsoft.Logic/workflows",
            "apiVersion": "2017-07-01",
            "name": "[parameters('workflows_la01poc20797_name')]",
            "location": "eastus2",
            "tags": {
                "appid": "",
                "bc": "007",
                "billingowner": "ht191",
                "rc": "107",
                "techowner": "ht191"
            },
            "properties": {
                "state": "Enabled",
                "definition": {
                    "$schema": "https://schema.management.azure.com/providers/Microsoft.Logic/schemas/2016-06-01/workflowdefinition.json#",
                    "contentVersion": "1.0.0.0",
                    "parameters": {
                        "$connections": {
                            "defaultValue": {},
                            "type": "Object"
                        }
                    },
                    "triggers": {
                        "evgs-source-file": {
                            "splitOn": "@triggerBody()",
                            "type": "ApiConnectionWebhook",
                            "inputs": {
                                "body": {
                                    "properties": {
                                        "destination": {
                                            "endpointType": "webhook",
                                            "properties": {
                                                "endpointUrl": "@{listCallbackUrl()}"
                                            }
                                        },
                                        "filter": {
                                            "includedEventTypes": [
                                                "Microsoft.Storage.BlobCreated"
                                            ],
                                            "subjectBeginsWith": "/blobServices/default/containers/dpmsmoketestcontainer/blobs/data/raw/SmokeTest/user",
                                            "subjectEndsWith": ".parquet"
                                        },
                                        "topic": "[parameters('storageAccounts_sa01synapsepoc20707_externalid')]"
                                    }
                                },
                                "host": {
                                    "connection": {
                                        "name": "@parameters('$connections')['azureeventgrid_1']['connectionId']"
                                    }
                                },
                                "path": "/subscriptions/@{encodeURIComponent('bae48409-c3b3-487a-a416-6d9224248c9f')}/providers/@{encodeURIComponent('Microsoft.Storage.StorageAccounts')}/resource/eventSubscriptions",
                                "queries": {
                                    "x-ms-api-version": "2017-09-15-preview"
                                }
                            }
                        }
                    },
                    "actions": {
                        "Execute_a_SQL_query_(V2)": {
                            "runAfter": {
                                "Filename": [
                                    "Succeeded"
                                ]
                            },
                            "type": "ApiConnection",
                            "inputs": {
                                "body": {
                                    "query": "SELECT * FROM DBO.CONFIG WHERE FILE_NAME ='@{variables('file_name')}'"
                                },
                                "host": {
                                    "connection": {
                                        "name": "@parameters('$connections')['sql']['connectionId']"
                                    }
                                },
                                "method": "post",
                                "path": "/v2/datasets/@{encodeURIComponent(encodeURIComponent('sqlsrv01poc20797.database.windows.net'))},@{encodeURIComponent(encodeURIComponent('sqldb01poc20797'))}/query/sql"
                            }
                        },
                        "Filename": {
                            "runAfter": {},
                            "type": "InitializeVariable",
                            "inputs": {
                                "variables": [
                                    {
                                        "name": "file_name",
                                        "type": "string",
                                        "value": "@{substring(triggerBody()?['subject'], add(1,lastIndexOf(triggerBody()?['subject'],'/')))}"
                                    }
                                ]
                            }
                        },
                        "For_each": {
                            "foreach": "@body('Parse_JSON')?['Table1']",
                            "actions": {
                                "Append_to_array_variable": {
                                    "runAfter": {},
                                    "type": "AppendToArrayVariable",
                                    "inputs": {
                                        "name": "emptyarry",
                                        "value": "@items('For_each')?['ID_NUM']"
                                    }
                                }
                            },
                            "runAfter": {
                                "Initialize_variable_3": [
                                    "Succeeded"
                                ]
                            },
                            "type": "Foreach"
                        },
                        "For_each_2": {
                            "foreach": "@body('Select')",
                            "actions": {
                                "Create_a_pipeline_run_3": {
                                    "runAfter": {
                                        "When_a_resource_event_occurs_3": [
                                            "Succeeded"
                                        ]
                                    },
                                    "type": "ApiConnection",
                                    "inputs": {
                                        "body": {
                                            "primarySourceFileName": "@items('For_each_2')?['FILE_NAME']",
                                            "rawDestFileName": "@items('For_each_2')?['FILE_NAME']"
                                        },
                                        "host": {
                                            "connection": {
                                                "name": "@parameters('$connections')['azuredatafactory']['connectionId']"
                                            }
                                        },
                                        "method": "post",
                                        "path": "/subscriptions/@{encodeURIComponent('bae48409-c3b3-487a-a416-6d9224248c9f')}/resourcegroups/@{encodeURIComponent('az20797poccrp007107')}/providers/Microsoft.DataFactory/factories/@{encodeURIComponent('adf01poc20797')}/pipelines/@{encodeURIComponent('PL_TRAN_RAW_TO_PRIMARY')}/CreateRun",
                                        "queries": {
                                            "x-ms-api-version": "2017-09-01-preview"
                                        }
                                    }
                                },
                                "Create_a_pipeline_run_4": {
                                    "runAfter": {
                                        "Lists_blobs_(V2)": [
                                            "Succeeded"
                                        ],
                                        "When_a_resource_event_occurs_2": [
                                            "Succeeded"
                                        ]
                                    },
                                    "type": "ApiConnection",
                                    "inputs": {
                                        "body": {
                                            "featureSourceFileName": "@concat()",
                                            "primarySourceFileName": "@concat()"
                                        },
                                        "host": {
                                            "connection": {
                                                "name": "@parameters('$connections')['azuredatafactory']['connectionId']"
                                            }
                                        },
                                        "method": "post",
                                        "path": "/subscriptions/@{encodeURIComponent('bae48409-c3b3-487a-a416-6d9224248c9f')}/resourcegroups/@{encodeURIComponent('az20797poccrp007107')}/providers/Microsoft.DataFactory/factories/@{encodeURIComponent('adf01poc20797')}/pipelines/@{encodeURIComponent('PL_TRAN_PRIMARY_TO_FEATURES')}/CreateRun",
                                        "queries": {
                                            "x-ms-api-version": "2017-09-01-preview"
                                        }
                                    }
                                },
                                "Create_a_pipeline_run_5": {
                                    "runAfter": {
                                        "When_a_resource_event_occurs_4": [
                                            "Succeeded"
                                        ]
                                    },
                                    "type": "ApiConnection",
                                    "inputs": {
                                        "host": {
                                            "connection": {
                                                "name": "@parameters('$connections')['azuredatafactory']['connectionId']"
                                            }
                                        },
                                        "method": "post",
                                        "path": "/subscriptions/@{encodeURIComponent('bae48409-c3b3-487a-a416-6d9224248c9f')}/resourcegroups/@{encodeURIComponent('az20797poccrp007107')}/providers/Microsoft.DataFactory/factories/@{encodeURIComponent('adf01poc20797')}/pipelines/@{encodeURIComponent('PL_TRAN_FEATURES_TO_SYNAPSE')}/CreateRun",
                                        "queries": {
                                            "x-ms-api-version": "2017-09-01-preview"
                                        }
                                    }
                                },
                                "Lists_blobs_(V2)": {
                                    "runAfter": {
                                        "Create_a_pipeline_run_3": [
                                            "Succeeded"
                                        ]
                                    },
                                    "metadata": {
                                        "JTJmZHBtc21va2V0ZXN0Y29udGFpbmVyJTJmZGF0YSUyZnByaW1hcnklMmY=": "/dpmsmoketestcontainer/data/primary/"
                                    },
                                    "type": "ApiConnection",
                                    "inputs": {
                                        "host": {
                                            "connection": {
                                                "name": "@parameters('$connections')['azureblob']['connectionId']"
                                            }
                                        },
                                        "method": "get",
                                        "path": "/v2/datasets/@{encodeURIComponent(encodeURIComponent('sa01synapsepoc20707'))}/foldersV2/@{encodeURIComponent(encodeURIComponent('JTJmZHBtc21va2V0ZXN0Y29udGFpbmVyJTJmZGF0YSUyZnByaW1hcnklMmY='))}",
                                        "queries": {
                                            "nextPageMarker": "@{item(items('For_each_2'))?['FILE_NAME']}",
                                            "useFlatListing": false
                                        }
                                    }
                                },
                                "When_a_resource_event_occurs_2": {
                                    "runAfter": {
                                        "Create_a_pipeline_run_3": [
                                            "Succeeded"
                                        ]
                                    },
                                    "type": "ApiConnectionWebhook",
                                    "inputs": {
                                        "body": {
                                            "properties": {
                                                "destination": {
                                                    "endpointType": "webhook",
                                                    "properties": {
                                                        "endpointUrl": "@{listCallbackUrl()}"
                                                    }
                                                },
                                                "filter": {
                                                    "includedEventTypes": [
                                                        "Microsoft.Storage.BlobCreated"
                                                    ],
                                                    "subjectBeginsWith": "@{concat(items('For_each_2')?['BLOB_PATH'],items('For_each_2')?['PRIMARY_PATH'])}",
                                                    "subjectEndsWith": "@{items('For_each_2')?['FILE_NAME']}"
                                                },
                                                "topic": "[parameters('storageAccounts_sa01synapsepoc20707_externalid')]"
                                            }
                                        },
                                        "host": {
                                            "connection": {
                                                "name": "@parameters('$connections')['azureeventgrid_1']['connectionId']"
                                            }
                                        },
                                        "path": "/subscriptions/@{encodeURIComponent('bae48409-c3b3-487a-a416-6d9224248c9f')}/providers/@{encodeURIComponent('Microsoft.Storage.StorageAccounts')}/resource/eventSubscriptions",
                                        "queries": {
                                            "x-ms-api-version": "2017-09-15-preview"
                                        }
                                    }
                                },
                                "When_a_resource_event_occurs_3": {
                                    "runAfter": {},
                                    "type": "ApiConnectionWebhook",
                                    "inputs": {
                                        "body": {
                                            "properties": {
                                                "destination": {
                                                    "endpointType": "webhook",
                                                    "properties": {
                                                        "endpointUrl": "@{listCallbackUrl()}"
                                                    }
                                                },
                                                "filter": {
                                                    "includedEventTypes": [
                                                        "Microsoft.Storage.BlobCreated"
                                                    ],
                                                    "subjectBeginsWith": "@{concat(items('For_each_2')?['BLOB_PATH'],items('For_each_2')?['RAW_PATH'])}",
                                                    "subjectEndsWith": "@{items('For_each_2')?['FILE_NAME']}"
                                                },
                                                "topic": "[parameters('storageAccounts_sa01synapsepoc20707_externalid')]"
                                            }
                                        },
                                        "host": {
                                            "connection": {
                                                "name": "@parameters('$connections')['azureeventgrid_1']['connectionId']"
                                            }
                                        },
                                        "path": "/subscriptions/@{encodeURIComponent('bae48409-c3b3-487a-a416-6d9224248c9f')}/providers/@{encodeURIComponent('Microsoft.Storage.StorageAccounts')}/resource/eventSubscriptions",
                                        "queries": {
                                            "x-ms-api-version": "2017-09-15-preview"
                                        }
                                    }
                                },
                                "When_a_resource_event_occurs_4": {
                                    "runAfter": {
                                        "Create_a_pipeline_run_4": [
                                            "Succeeded"
                                        ]
                                    },
                                    "type": "ApiConnectionWebhook",
                                    "inputs": {
                                        "body": {
                                            "properties": {
                                                "destination": {
                                                    "endpointType": "webhook",
                                                    "properties": {
                                                        "endpointUrl": "@{listCallbackUrl()}"
                                                    }
                                                },
                                                "filter": {
                                                    "includedEventTypes": [
                                                        "Microsoft.Storage.BlobCreated"
                                                    ],
                                                    "subjectBeginsWith": "@{concat(items('For_each_2')?['BLOB_PATH'],items('For_each_2')?['FEATURE_PATH'])}",
                                                    "subjectEndsWith": "@{items('For_each_2')?['FILE_NAME']}"
                                                },
                                                "topic": "[parameters('storageAccounts_sa01synapsepoc20707_externalid')]"
                                            }
                                        },
                                        "host": {
                                            "connection": {
                                                "name": "@parameters('$connections')['azureeventgrid_1']['connectionId']"
                                            }
                                        },
                                        "path": "/subscriptions/@{encodeURIComponent('bae48409-c3b3-487a-a416-6d9224248c9f')}/providers/@{encodeURIComponent('Microsoft.Storage.StorageAccounts')}/resource/eventSubscriptions",
                                        "queries": {
                                            "x-ms-api-version": "2017-09-15-preview"
                                        }
                                    }
                                }
                            },
                            "runAfter": {
                                "Select": [
                                    "Succeeded"
                                ]
                            },
                            "type": "Foreach"
                        },
                        "For_each_3": {
                            "foreach": "@body('Get_rows_(V2)')?['value']",
                            "actions": {
                                "adf_raw_to_primary": {
                                    "runAfter": {},
                                    "type": "ApiConnection",
                                    "inputs": {
                                        "body": {
                                            "primarySourceFileName": "@{items('For_each_3')?['FILE_NAME']}",
                                            "rawDestFileName": "@{items('For_each_3')?['FILE_NAME']}"
                                        },
                                        "host": {
                                            "connection": {
                                                "name": "@parameters('$connections')['azuredatafactory']['connectionId']"
                                            }
                                        },
                                        "method": "post",
                                        "path": "/subscriptions/@{encodeURIComponent('bae48409-c3b3-487a-a416-6d9224248c9f')}/resourcegroups/@{encodeURIComponent('az20797poccrp007107')}/providers/Microsoft.DataFactory/factories/@{encodeURIComponent('adf01poc20797')}/pipelines/@{encodeURIComponent('PL_TRAN_RAW_TO_PRIMARY')}/CreateRun",
                                        "queries": {
                                            "x-ms-api-version": "2017-09-01-preview"
                                        }
                                    }
                                }
                            },
                            "runAfter": {
                                "Get_rows_(V2)": [
                                    "Succeeded"
                                ]
                            },
                            "type": "Foreach"
                        },
                        "Get_rows_(V2)": {
                            "runAfter": {
                                "Filename": [
                                    "Failed"
                                ]
                            },
                            "type": "ApiConnection",
                            "inputs": {
                                "host": {
                                    "connection": {
                                        "name": "@parameters('$connections')['sql']['connectionId']"
                                    }
                                },
                                "method": "get",
                                "path": "/v2/datasets/@{encodeURIComponent(encodeURIComponent('sqlsrv01poc20797.database.windows.net'))},@{encodeURIComponent(encodeURIComponent('sqldb01poc20797'))}/tables/@{encodeURIComponent(encodeURIComponent('[dbo].[CONFIG]'))}/items",
                                "queries": {
                                    "$filter": "FILE_NAME eq '@{variables('file_name')}'"
                                }
                            }
                        },
                        "Initialize_variable": {
                            "runAfter": {
                                "Execute_a_SQL_query_(V2)": [
                                    "Succeeded"
                                ]
                            },
                            "type": "InitializeVariable",
                            "inputs": {
                                "variables": [
                                    {
                                        "name": "ConfigArray",
                                        "type": "array",
                                        "value": "@body('Execute_a_SQL_query_(V2)')?['resultsets']['Table1'][0]['']"
                                    }
                                ]
                            }
                        },
                        "Initialize_variable_3": {
                            "runAfter": {
                                "Parse_JSON": [
                                    "Succeeded"
                                ]
                            },
                            "type": "InitializeVariable",
                            "inputs": {
                                "variables": [
                                    {
                                        "name": "emptyarry",
                                        "type": "array"
                                    }
                                ]
                            }
                        },
                        "Parse_JSON": {
                            "runAfter": {
                                "Execute_a_SQL_query_(V2)": [
                                    "Succeeded"
                                ]
                            },
                            "type": "ParseJson",
                            "inputs": {
                                "content": "@body('Execute_a_SQL_query_(V2)')?['resultsets']",
                                "schema": {
                                    "properties": {
                                        "Table1": {
                                            "items": {
                                                "properties": {
                                                    "BLOBPATH": {
                                                        "type": "string"
                                                    },
                                                    "CONTAINER": {
                                                        "type": "string"
                                                    },
                                                    "FEATURE_PATH": {
                                                        "type": "string"
                                                    },
                                                    "FILE_NAME": {
                                                        "type": "string"
                                                    },
                                                    "ID_NUM": {
                                                        "type": "integer"
                                                    },
                                                    "PRIMARY_PATH": {
                                                        "type": "string"
                                                    },
                                                    "RAW_PATH": {
                                                        "type": "string"
                                                    },
                                                    "TABLE_NAME": {
                                                        "type": "string"
                                                    }
                                                },
                                                "required": [
                                                    "ID_NUM",
                                                    "FILE_NAME",
                                                    "BLOBPATH",
                                                    "CONTAINER",
                                                    "RAW_PATH",
                                                    "PRIMARY_PATH",
                                                    "FEATURE_PATH",
                                                    "TABLE_NAME"
                                                ],
                                                "type": "object"
                                            },
                                            "type": "array"
                                        }
                                    },
                                    "type": "object"
                                }
                            }
                        },
                        "Select": {
                            "runAfter": {
                                "Initialize_variable": [
                                    "Succeeded"
                                ]
                            },
                            "type": "Select",
                            "inputs": {
                                "from": "@variables('ConfigArray')",
                                "select": {
                                    "BLOBPATH": "@variables('ConfigArray')"
                                }
                            }
                        }
                    },
                    "outputs": {}
                },
                "parameters": {
                    "$connections": {
                        "value": {
                            "azureblob": {
                                "connectionId": "[parameters('connections_azureblob_1_externalid')]",
                                "connectionName": "azureblob-1",
                                "id": "/subscriptions/bae48409-c3b3-487a-a416-6d9224248c9f/providers/Microsoft.Web/locations/eastus2/managedApis/azureblob"
                            },
                            "azuredatafactory": {
                                "connectionId": "[parameters('connections_azuredatafactory_1_externalid')]",
                                "connectionName": "azuredatafactory-1",
                                "id": "/subscriptions/bae48409-c3b3-487a-a416-6d9224248c9f/providers/Microsoft.Web/locations/eastus2/managedApis/azuredatafactory"
                            },
                            "azureeventgrid_1": {
                                "connectionId": "[parameters('connections_azureeventgrid_1_externalid')]",
                                "connectionName": "azureeventgrid-1",
                                "id": "/subscriptions/bae48409-c3b3-487a-a416-6d9224248c9f/providers/Microsoft.Web/locations/eastus2/managedApis/azureeventgrid"
                            },
                            "sql": {
                                "connectionId": "[parameters('connections_sql_2_externalid')]",
                                "connectionName": "sql-2",
                                "id": "/subscriptions/bae48409-c3b3-487a-a416-6d9224248c9f/providers/Microsoft.Web/locations/eastus2/managedApis/sql"
                            }
                        }
                    }
                }
            }
        }
    ]
}