﻿{"paragraphs":[{"text":"%md\n# Calculating Pi\n\nWe want to estimate the value of Pi using a Metropolis random sampling algorithm","dateUpdated":"2017-01-30T22:28:15-0800","config":{"enabled":true,"graph":{"mode":"table","height":300,"optionOpen":false,"keys":[],"values":[],"groups":[],"scatter":{}},"editorMode":"ace/mode/markdown","editorHide":true,"colWidth":12},"settings":{"params":{},"forms":{}},"jobName":"paragraph_1485844095150_1995051226","id":"20170130-222545_897138231","result":{"code":"SUCCESS","type":"HTML","msg":"<h1>Calculating Pi</h1>\n<p>We want to estimate the value of Pi using a Metropolis random sampling algorithm</p>\n"},"dateCreated":"2017-01-30T22:28:15-0800","status":"READY","errorMessage":"","progressUpdateIntervalMs":500,"$$hashKey":"object:1698"},{"text":"%md\n## Local Approximation\n\nFirst let's perform a local approximation using standard Scala methods.","dateUpdated":"2017-01-30T22:28:15-0800","config":{"enabled":true,"graph":{"mode":"table","height":300,"optionOpen":false,"keys":[],"values":[],"groups":[],"scatter":{}},"editorMode":"ace/mode/markdown","editorHide":true,"colWidth":12},"settings":{"params":{},"forms":{}},"jobName":"paragraph_1485844095151_1994666477","id":"20170130-222630_975049135","result":{"code":"SUCCESS","type":"HTML","msg":"<h2>Local Approximation</h2>\n<p>First let's perform a local approximation using standard Scala methods.</p>\n"},"dateCreated":"2017-01-30T22:28:15-0800","status":"READY","errorMessage":"","progressUpdateIntervalMs":500,"$$hashKey":"object:1699"},{"text":"val n = 1000000\n// YOUR CODE HERE","dateUpdated":"2017-01-30T22:28:15-0800","config":{"enabled":true,"graph":{"mode":"table","height":300,"optionOpen":false,"keys":[],"values":[],"groups":[],"scatter":{}},"colWidth":12},"settings":{"params":{},"forms":{}},"jobName":"paragraph_1485844095151_1994666477","id":"20170130-222657_829763029","dateCreated":"2017-01-30T22:28:15-0800","status":"READY","errorMessage":"","progressUpdateIntervalMs":500,"$$hashKey":"object:1700","focus":true},{"text":"%md\n## Spark Approximation\nNow let's use Spark to perform a parallel and distributed approximation","dateUpdated":"2017-01-30T22:28:15-0800","config":{"enabled":true,"graph":{"mode":"table","height":300,"optionOpen":false,"keys":[],"values":[],"groups":[],"scatter":{}},"editorMode":"ace/mode/markdown","editorHide":true,"colWidth":12},"settings":{"params":{},"forms":{}},"jobName":"paragraph_1485844095151_1994666477","id":"20170130-222708_1196508411","result":{"code":"SUCCESS","type":"HTML","msg":"<h2>Spark Approximation</h2>\n<p>Now let's use Spark to perform a parallel and distributed approximation</p>\n"},"dateCreated":"2017-01-30T22:28:15-0800","status":"READY","errorMessage":"","progressUpdateIntervalMs":500,"$$hashKey":"object:1701"},{"text":"val n = 10000000\n// YOUR CODE HERE","dateUpdated":"2017-01-30T22:28:15-0800","config":{"enabled":true,"graph":{"mode":"table","height":300,"optionOpen":false,"keys":[],"values":[],"groups":[],"scatter":{}},"editorMode":"ace/mode/scala","colWidth":12},"settings":{"params":{},"forms":{}},"jobName":"paragraph_1485844095151_1994666477","id":"20170130-222732_1112101428","dateCreated":"2017-01-30T22:28:15-0800","status":"READY","errorMessage":"","progressUpdateIntervalMs":500,"$$hashKey":"object:1702","focus":true},{"text":"","dateUpdated":"2017-01-30T22:28:15-0800","config":{"enabled":true,"graph":{"mode":"table","height":300,"optionOpen":false,"keys":[],"values":[],"groups":[],"scatter":{}},"colWidth":12},"settings":{"params":{},"forms":{}},"jobName":"paragraph_1485844095151_1994666477","id":"20170130-222745_1622665674","dateCreated":"2017-01-30T22:28:15-0800","status":"READY","errorMessage":"","progressUpdateIntervalMs":500,"$$hashKey":"object:1703"}],"name":"Approximating Pi with Spark - Exercise","id":"2C73CM81E","angularObjects":{"2C73P7NJN:shared_process":[],"2C7KU6EWG:shared_process":[],"2C8H7AG7Q:shared_process":[],"2CANY5QMM:shared_process":[],"2C7YM9SBT:shared_process":[],"2CAHZM5EW:shared_process":[],"2CA194TC4:shared_process":[],"2C85Z5A3J:shared_process":[],"2C77BBC6M:shared_process":[],"2C9T8R64M:shared_process":[],"2C82H3SUX:shared_process":[],"2C7W1UTSM:shared_process":[],"2C99CAHNC:shared_process":[],"2C7VKNJZ3:shared_process":[],"2C7MNAP62:shared_process":[],"2C8SJ4SC1:shared_process":[],"2C8273BS9:shared_process":[],"2CA9V89Q3:shared_process":[]},"config":{"looknfeel":"default"},"info":{}}