{"paragraphs":[{"text":"%md\n# Weather Data Analytics\nThis notebook performs some basic weather data analytics using the Spark RDD interface.","dateUpdated":"Jun 17, 2016 7:24:21 PM","config":{"enabled":true,"graph":{"mode":"table","height":300,"optionOpen":false,"keys":[],"values":[],"groups":[],"scatter":{}},"editorMode":"ace/mode/markdown","editorHide":true,"colWidth":12},"settings":{"params":{},"forms":{}},"jobName":"paragraph_1466191461772_-680897861","id":"20160617-192421_55108558","result":{"code":"SUCCESS","type":"HTML","msg":"<h1>Weather Data Analytics</h1>\n<p>This notebook performs some basic weather data analytics using the Spark RDD interface.</p>\n"},"dateCreated":"Jun 17, 2016 7:24:21 PM","status":"READY","errorMessage":"","progressUpdateIntervalMs":500,"$$hashKey":"object:2399"},{"text":"%md\n# First Look at Data\nAs a very first step, we should have a look at our data. We also define some global variables where the data is actually stored.","dateUpdated":"Jun 17, 2016 7:24:21 PM","config":{"enabled":true,"graph":{"mode":"table","height":300,"optionOpen":false,"keys":[],"values":[],"groups":[],"scatter":{}},"editorMode":"ace/mode/markdown","editorHide":true,"colWidth":12},"settings":{"params":{},"forms":{}},"jobName":"paragraph_1466191461772_-680897861","id":"20160617-192421_644082449","result":{"code":"SUCCESS","type":"HTML","msg":"<h1>First Look at Data</h1>\n<p>As a very first step, we should have a look at our data. We also define some global variables where the data is actually stored.</p>\n"},"dateCreated":"Jun 17, 2016 7:24:21 PM","status":"READY","errorMessage":"","progressUpdateIntervalMs":500,"$$hashKey":"object:2400"},{"text":"val storageLocation = \"s3://is24-data-dev-spark-training/data/weather\"","dateUpdated":"Jun 17, 2016 7:24:50 PM","config":{"enabled":true,"graph":{"mode":"table","height":300,"optionOpen":false,"keys":[],"values":[],"groups":[],"scatter":{}},"editorMode":"ace/mode/scala","colWidth":12},"settings":{"params":{},"forms":{}},"jobName":"paragraph_1466191461773_-681282610","id":"20160617-192421_1776139463","result":{"code":"SUCCESS","type":"TEXT","msg":"storageLocation: String = s3://is24-data-dev-spark-training/data/weather\n"},"dateCreated":"Jun 17, 2016 7:24:21 PM","status":"FINISHED","progressUpdateIntervalMs":500,"$$hashKey":"object:2401","dateFinished":"Jun 17, 2016 7:24:50 PM","dateStarted":"Jun 17, 2016 7:24:50 PM","focus":true},{"text":"val weather_2011 = sc.textFile(storageLocation + \"/2011\")","dateUpdated":"Jun 17, 2016 7:25:11 PM","config":{"enabled":true,"graph":{"mode":"table","height":300,"optionOpen":false,"keys":[],"values":[],"groups":[],"scatter":{}},"editorMode":"ace/mode/scala","colWidth":12},"settings":{"params":{},"forms":{}},"jobName":"paragraph_1466191461773_-681282610","id":"20160617-192421_1553261341","result":{"code":"SUCCESS","type":"TEXT","msg":"weather_2011: org.apache.spark.rdd.RDD[String] = s3://is24-data-dev-spark-training/data/weather/2011 MapPartitionsRDD[387] at textFile at <console>:103\n"},"dateCreated":"Jun 17, 2016 7:24:21 PM","status":"FINISHED","progressUpdateIntervalMs":500,"$$hashKey":"object:2402","dateFinished":"Jun 17, 2016 7:24:52 PM","dateStarted":"Jun 17, 2016 7:24:52 PM","focus":true},{"text":"val isd_history = sc.textFile(storageLocation + \"/isd-history\")","dateUpdated":"Jun 17, 2016 7:24:58 PM","config":{"enabled":true,"graph":{"mode":"table","height":300,"optionOpen":false,"keys":[],"values":[],"groups":[],"scatter":{}},"editorMode":"ace/mode/scala","colWidth":12},"settings":{"params":{},"forms":{}},"jobName":"paragraph_1466191461773_-681282610","id":"20160617-192421_852145255","result":{"code":"SUCCESS","type":"TEXT","msg":"isd_history: org.apache.spark.rdd.RDD[String] = s3://is24-data-dev-spark-training/data/weather/isd-history MapPartitionsRDD[391] at textFile at <console>:103\n"},"dateCreated":"Jun 17, 2016 7:24:21 PM","status":"FINISHED","progressUpdateIntervalMs":500,"$$hashKey":"object:2403","dateFinished":"Jun 17, 2016 7:24:59 PM","dateStarted":"Jun 17, 2016 7:24:58 PM","focus":true},{"text":"%md\n# Custom Classes\nFirst we need to define some custom classes which will hold the weather data and station data. Also included are some helper methods for extracting the data from the raw data.","dateUpdated":"Jun 17, 2016 7:24:21 PM","config":{"enabled":true,"graph":{"mode":"table","height":300,"optionOpen":false,"keys":[],"values":[],"groups":[],"scatter":{}},"editorMode":"ace/mode/markdown","editorHide":true,"colWidth":12},"settings":{"params":{},"forms":{}},"jobName":"paragraph_1466191461773_-681282610","id":"20160617-192421_436858942","result":{"code":"SUCCESS","type":"HTML","msg":"<h1>Custom Classes</h1>\n<p>First we need to define some custom classes which will hold the weather data and station data. Also included are some helper methods for extracting the data from the raw data.</p>\n"},"dateCreated":"Jun 17, 2016 7:24:21 PM","status":"READY","errorMessage":"","progressUpdateIntervalMs":500,"$$hashKey":"object:2404"},{"text":"def getFloat(str:String) : Float = {\n  if (str.isEmpty)\n    return Float.NaN\n  else if (str(0) == '+')\n    return str.substring(1).toFloat\n  else\n    return str.toFloat\n}\n\n// This class contains the actual measurement of a weather station at a specific point in time\ncase class WeatherData(\n    date:String,\n    time:String,\n    usaf:String,\n    wban:String,\n    validTemperature:Boolean,\n    temperature:Float,\n    validWindSpeed:Boolean,\n    windSpeed:Float\n)\n\n// This function can be used for extracting a WeatherData object from a single line of the weather data\ndef extractWeatherData(row:String) = {\n  val date = row.substring(15,23)\n  val time = row.substring(23,27)\n  val usaf = row.substring(4,10)\n  val wban = row.substring(10,15)\n  val airTemperatureQuality = row.charAt(92)\n  val airTemperature = row.substring(87,92)\n  val windSpeedQuality = row.charAt(69)\n  val windSpeed = row.substring(65,69)\n\n  WeatherData(date,time,usaf,wban,airTemperatureQuality == '1',airTemperature.toFloat/10,windSpeedQuality == '1',windSpeed.toFloat/10)\n}\n","dateUpdated":"Jun 17, 2016 7:25:08 PM","config":{"enabled":true,"graph":{"mode":"table","height":300,"optionOpen":false,"keys":[],"values":[],"groups":[],"scatter":{}},"editorMode":"ace/mode/scala","colWidth":12},"settings":{"params":{},"forms":{}},"jobName":"paragraph_1466191461774_-680128363","id":"20160617-192421_41649101","result":{"code":"SUCCESS","type":"TEXT","msg":"getFloat: (str: String)Float\ndefined class WeatherData\nextractWeatherData: (row: String)WeatherData\n"},"dateCreated":"Jun 17, 2016 7:24:21 PM","status":"FINISHED","progressUpdateIntervalMs":500,"$$hashKey":"object:2405","dateFinished":"Jun 17, 2016 7:25:09 PM","dateStarted":"Jun 17, 2016 7:25:08 PM","focus":true},{"text":"// This class contains the weather station meta data\ncase class StationData(\n    usaf:String,\n    wban:String,\n    name:String,\n    country:String,\n    state:String,\n    icao:String,\n    latitude:Float,\n    longitude:Float,\n    elevation:Float,\n    date_begin:String,\n    date_end:String\n)\n\n// This method can be used for extracting a StationData object from a single line of the weather data\ndef extractStationData(row:String) = {\n  val columns = row.split(\",\").map(_.replaceAll(\"\\\"\",\"\"))\n  val latitude = getFloat(columns(6))\n  val longitude = getFloat(columns(7))\n  val elevation = getFloat(columns(8))\n  StationData(columns(0),columns(1),columns(2),columns(3),columns(4),columns(5),latitude,longitude,elevation,columns(9),columns(10))\n}\n","dateUpdated":"Jun 17, 2016 7:26:00 PM","config":{"enabled":true,"graph":{"mode":"table","height":300,"optionOpen":false,"keys":[],"values":[],"groups":[],"scatter":{}},"editorMode":"ace/mode/scala","colWidth":12},"settings":{"params":{},"forms":{}},"jobName":"paragraph_1466191461774_-680128363","id":"20160617-192421_2064255232","result":{"code":"SUCCESS","type":"TEXT","msg":"defined class StationData\nextractStationData: (row: String)StationData\n"},"dateCreated":"Jun 17, 2016 7:24:21 PM","status":"FINISHED","progressUpdateIntervalMs":500,"$$hashKey":"object:2406","focus":true,"dateFinished":"Jun 17, 2016 7:26:02 PM","dateStarted":"Jun 17, 2016 7:26:01 PM"},{"text":"%md\n# Load Weather Data\nNow we can load both Weather data and the station data using the helper functions defined above. The raw data can be found at storageLocation + \"/<<year>>\"\n\n1. Load data from raw text files for years 2003 to 2014 (you might start with a single year for perfomance reasons)\n2. Put all RDDs from all years into a single RDD using SparkContext.union method\n3. Transform the raw data into a meaningful RDD with WeatherData as object type. Use the extractWeatherData for this Transformation\n4. Have a look at the first couple of entries (say the first 10 entries)","dateUpdated":"Jun 17, 2016 7:24:21 PM","config":{"enabled":true,"graph":{"mode":"table","height":300,"optionOpen":false,"keys":[],"values":[],"groups":[],"scatter":{}},"editorMode":"ace/mode/markdown","editorHide":true,"colWidth":12},"settings":{"params":{},"forms":{}},"jobName":"paragraph_1466191461774_-680128363","id":"20160617-192421_1339366939","result":{"code":"SUCCESS","type":"HTML","msg":"<h1>Load Weather Data</h1>\n<p>Now we can load both Weather data and the station data using the helper functions defined above. The raw data can be found at storageLocation + &ldquo;/&laquo;year&raquo;&rdquo;</p>\n<ol>\n<li>Load data from raw text files for years 2003 to 2014 (you might start with a single year for perfomance reasons)</li>\n<li>Put all RDDs from all years into a single RDD using SparkContext.union method</li>\n<li>Transform the raw data into a meaningful RDD with WeatherData as object type. Use the extractWeatherData for this Transformation</li>\n<li>Have a look at the first couple of entries (say the first 10 entries)</li>\n</ol>\n"},"dateCreated":"Jun 17, 2016 7:24:21 PM","status":"READY","errorMessage":"","progressUpdateIntervalMs":500,"$$hashKey":"object:2407"},{"text":"// Get RDDs for all years\nval raw_weather_years = (2003 to 2014) map {i => sc.textFile(storageLocation + \"/\" + i.toString)}\n\n// Put all RDDs into a single one using the \"union\" method of the SparkContext\nval raw_weather = sc.union(raw_weather_years)\n\n// Now extract the WeatherData objects from the raw data using the extractWeatherData method defined above\nval weather = raw_weather.map(extractWeatherData(_))\n\n// Let's have a look at the first couple of entries\nweather.take(10).foreach(println)","dateUpdated":"Jun 17, 2016 7:26:06 PM","config":{"enabled":true,"graph":{"mode":"table","height":300,"optionOpen":false,"keys":[],"values":[],"groups":[],"scatter":{}},"editorMode":"ace/mode/scala","colWidth":12},"settings":{"params":{},"forms":{}},"jobName":"paragraph_1466191461774_-680128363","id":"20160617-192421_816555919","result":{"code":"SUCCESS","type":"TEXT","msg":"raw_weather_years: scala.collection.immutable.IndexedSeq[org.apache.spark.rdd.RDD[String]] = Vector(s3://is24-data-dev-spark-training/data/weather/2003 MapPartitionsRDD[393] at textFile at <console>:104, s3://is24-data-dev-spark-training/data/weather/2004 MapPartitionsRDD[395] at textFile at <console>:104, s3://is24-data-dev-spark-training/data/weather/2005 MapPartitionsRDD[397] at textFile at <console>:104, s3://is24-data-dev-spark-training/data/weather/2006 MapPartitionsRDD[399] at textFile at <console>:104, s3://is24-data-dev-spark-training/data/weather/2007 MapPartitionsRDD[401] at textFile at <console>:104, s3://is24-data-dev-spark-training/data/weather/2008 MapPartitionsRDD[403] at textFile at <console>:104, s3://is24-data-dev-spark-training/data/weather/2009 MapPartitionsRDD[405]...raw_weather: org.apache.spark.rdd.RDD[String] = UnionRDD[416] at union at <console>:107\nweather: org.apache.spark.rdd.RDD[WeatherData] = MapPartitionsRDD[417] at map at <console>:113\nWeatherData(20030101,1150,010015,99999,true,-2.0,true,1.5)\nWeatherData(20030101,1220,010015,99999,false,999.9,true,1.0)\nWeatherData(20030101,1250,010015,99999,false,999.9,true,1.5)\nWeatherData(20030101,1320,010015,99999,true,-1.0,true,0.0)\nWeatherData(20030101,1350,010015,99999,true,-1.0,true,1.0)\nWeatherData(20030101,1420,010015,99999,true,-2.0,true,1.0)\nWeatherData(20030101,1450,010015,99999,false,999.9,true,1.0)\nWeatherData(20030101,1520,010015,99999,true,-2.0,true,0.0)\nWeatherData(20030101,1550,010015,99999,true,-2.0,true,0.5)\nWeatherData(20030101,1620,010015,99999,true,-2.0,true,1.0)\n"},"dateCreated":"Jun 17, 2016 7:24:21 PM","status":"FINISHED","progressUpdateIntervalMs":500,"$$hashKey":"object:2408","dateFinished":"Jun 17, 2016 7:26:11 PM","dateStarted":"Jun 17, 2016 7:26:06 PM","focus":true},{"text":"%md\n# Load Station Meta Data\nWe also need the weather station meta data, which can be found at \"storageLocation/isd-history\". Again we perform the following steps to load the data:\n\n1. Load data from raw text file at storageLocation/isd-history\n2. Transform the raw data into a meaningful RDD with StationData as object type. Use the extractStationData for this Transformation\n3. Create appropriate keys (usaf + wban) for joining later\n4. Convert RDD ti local map using collectAsMap()\n5. Create a broadcast variable from this local map","dateUpdated":"Jun 17, 2016 7:29:21 PM","config":{"enabled":true,"graph":{"mode":"table","height":300,"optionOpen":false,"keys":[],"values":[],"groups":[],"scatter":{}},"editorMode":"ace/mode/markdown","editorHide":true,"colWidth":12},"settings":{"params":{},"forms":{}},"jobName":"paragraph_1466191461774_-680513112","id":"20160617-192421_1434826303","result":{"code":"SUCCESS","type":"HTML","msg":"<h1>Load Station Meta Data</h1>\n<p>We also need the weather station meta data, which can be found at &ldquo;storageLocation/isd-history&rdquo;. Again we perform the following steps to load the data:</p>\n<ol>\n<li>Load data from raw text file at storageLocation/isd-history</li>\n<li>Transform the raw data into a meaningful RDD with StationData as object type. Use the extractStationData for this Transformation</li>\n<li>Create appropriate keys (usaf + wban) for joining later</li>\n<li>Convert RDD ti local map using collectAsMap()</li>\n<li>Create a broadcast variable from this local map</li>\n</ol>\n"},"dateCreated":"Jun 17, 2016 7:24:21 PM","status":"FINISHED","progressUpdateIntervalMs":500,"$$hashKey":"object:2409","dateFinished":"Jun 17, 2016 7:29:19 PM","dateStarted":"Jun 17, 2016 7:29:19 PM","focus":true},{"text":"// Load raw station meta data\nval isd_raw = sc.textFile(storageLocation + \"/isd-history\")\n\n// Get header, so we can ignore it\nval isd_head = isd_raw.first\n\n// Fetch all rows from the raw data, which are not like isd_head. And extract the StationData using the extractStationData function\nval isd = isd_raw\n    .filter(_ != isd_head)\n    .map(extractStationData)\n    \nval isd_index = isd.keyBy(x => x.usaf + x.wban).collectAsMap()\nval isd_index_bc = sc.broadcast(isd_index)\n","dateUpdated":"Jun 17, 2016 7:30:34 PM","config":{"enabled":true,"graph":{"mode":"table","height":300,"optionOpen":false,"keys":[],"values":[],"groups":[],"scatter":{}},"editorMode":"ace/mode/scala","colWidth":12},"settings":{"params":{},"forms":{}},"jobName":"paragraph_1466191461775_-680513112","id":"20160617-192421_1031802358","result":{"code":"SUCCESS","type":"TEXT","msg":"isd_raw: org.apache.spark.rdd.RDD[String] = s3://is24-data-dev-spark-training/data/weather/isd-history MapPartitionsRDD[423] at textFile at <console>:104\nisd_head: String = \"USAF\",\"WBAN\",\"STATION NAME\",\"CTRY\",\"STATE\",\"ICAO\",\"LAT\",\"LON\",\"ELEV(M)\",\"BEGIN\",\"END\"\nisd: org.apache.spark.rdd.RDD[StationData] = MapPartitionsRDD[425] at map at <console>:117\nisd_index: scala.collection.Map[String,StationData] = Map(33946099999 -> StationData(339460,99999,SIMFEROPOL INTL,UP,,UKFF,45.052,33.975,194.8,19360101,20151121), 71036399999 -> StationData(710363,99999,PIEDMONT,CA,,,45.867,-74.083,175.0,20040921,20060718), 91931099999 -> StationData(919310,99999,MOPELIA,FP,,,-16.767,-153.95,2.0,19730101,19900728), 83229099999 -> StationData(832290,99999,SALVADOR,BR,,,-13.017,-38.517,51.0,19310101,20100428), 37953099999 -> StationData(379530,99999,GORIS,AM,,,39.433,46.4,1477.0,19590101,20020504), 28566099999 -> StationData(285660,99999,MOKROUSOVO,RS,,,55.817,66.783,115.0,19530216,20030207), 60739099999 -> StationData(607390,99999,KASSERINE,TS,,,35.167,8.833,707.0,20010917,20151121), 04254099999 -> StationData(042540,99999,MITTARFIK NUUK (GODTHAAB LUFTHA...isd_index_bc: org.apache.spark.broadcast.Broadcast[scala.collection.Map[String,StationData]] = Broadcast(96)\n"},"dateCreated":"Jun 17, 2016 7:24:21 PM","status":"FINISHED","progressUpdateIntervalMs":500,"$$hashKey":"object:2410","dateFinished":"Jun 17, 2016 7:30:38 PM","dateStarted":"Jun 17, 2016 7:30:34 PM","focus":true},{"text":"%md\n# Join Data\nWe wanto to perform some simple analytics on the weather data, but we need some station details (i.e. the country) for the anylsis. This time we will join the weather station details using the index created above inside a simple map transformation. This saves us one explicit shuffle join.\n\n1. Create a helper function extractCountryYearWeather which looks up all information for a given measurement\n2. Join the meta data to the weather measurements using a map transformation and the function defined above\n3. Print the first couple of entries of the joined RDD","dateUpdated":"Jun 17, 2016 7:41:24 PM","config":{"enabled":true,"graph":{"mode":"table","height":300,"optionOpen":false,"keys":[],"values":[],"groups":[],"scatter":{}},"editorMode":"ace/mode/markdown","editorHide":true,"colWidth":12},"settings":{"params":{},"forms":{}},"jobName":"paragraph_1466191461775_-680513112","id":"20160617-192421_571781381","result":{"code":"SUCCESS","type":"HTML","msg":"<h1>Join Data</h1>\n<p>We wanto to perform some simple analytics on the weather data, but we need some station details (i.e. the country) for the anylsis. This time we will join the weather station details using the index created above inside a simple map transformation. This saves us one explicit shuffle join.</p>\n<ol>\n<li>Create a helper function extractCountryYearWeather which looks up all information for a given measurement</li>\n<li>Join the meta data to the weather measurements using a map transformation and the function defined above</li>\n<li>Print the first couple of entries of the joined RDD</li>\n</ol>\n"},"dateCreated":"Jun 17, 2016 7:24:21 PM","status":"FINISHED","progressUpdateIntervalMs":500,"$$hashKey":"object:2411","dateFinished":"Jun 17, 2016 7:41:22 PM","dateStarted":"Jun 17, 2016 7:41:21 PM","focus":true},{"text":"// Helper method extracting\ndef extractCountryYearWeather(data:WeatherData) = {\n    // Create station ID from measurement for lookup\n    val stationId = data.usaf + data.wban\n    // Lookup station metadata in broadcast variable\n    val station = isd_index_bc.value.getOrElse(stationId, null)\n    // Get country\n    val country = station.country\n    // Get year\n    val year = data.date.substring(0,4)\n    ((country,year),data)\n}\n\n// Perform map side join using the function above\nval weather_per_country_and_year = weather.map(extractCountryYearWeather(_))\n\n// Check that everything looks nice    \nweather_per_country_and_year.take(10).foreach(println)\n","dateUpdated":"Jun 17, 2016 7:38:39 PM","config":{"enabled":true,"graph":{"mode":"table","height":300,"optionOpen":false,"keys":[],"values":[],"groups":[],"scatter":{}},"editorMode":"ace/mode/scala","colWidth":12},"settings":{"params":{},"forms":{}},"jobName":"paragraph_1466191461775_-680513112","id":"20160617-192421_2087833789","result":{"code":"SUCCESS","type":"TEXT","msg":"extractCountryYearWeather: (data: WeatherData)((String, String), WeatherData)\nweather_per_country_and_year: org.apache.spark.rdd.RDD[((String, String), WeatherData)] = MapPartitionsRDD[428] at map at <console>:142\n((NO,2003),WeatherData(20030101,1150,010015,99999,true,-2.0,true,1.5))\n((NO,2003),WeatherData(20030101,1220,010015,99999,false,999.9,true,1.0))\n((NO,2003),WeatherData(20030101,1250,010015,99999,false,999.9,true,1.5))\n((NO,2003),WeatherData(20030101,1320,010015,99999,true,-1.0,true,0.0))\n((NO,2003),WeatherData(20030101,1350,010015,99999,true,-1.0,true,1.0))\n((NO,2003),WeatherData(20030101,1420,010015,99999,true,-2.0,true,1.0))\n((NO,2003),WeatherData(20030101,1450,010015,99999,false,999.9,true,1.0))\n((NO,2003),WeatherData(20030101,1520,010015,99999,true,-2.0,true,0.0))\n((NO,2003),WeatherData(20030101,1550,010015,99999,true,-2.0,true,0.5))\n((NO,2003),WeatherData(20030101,1620,010015,99999,true,-2.0,true,1.0))\n"},"dateCreated":"Jun 17, 2016 7:24:21 PM","status":"FINISHED","progressUpdateIntervalMs":500,"$$hashKey":"object:2412","dateFinished":"Jun 17, 2016 7:37:12 PM","dateStarted":"Jun 17, 2016 7:37:08 PM","focus":true},{"text":"%md\n# Aggregate Data\nNow we want to perform the analysis itself. We want to calculate the minimum and maximum wind speed and temperature per year and country. We will use the 'aggregateByKey' method of an RDD. This requires some custom state classes used during the aggregation. So our plan is as follows:\n\n1. Create a case class \"WeatherMinMax\" for holding minimum and maximum weather information, both for wind speed and for temperature\n2. Initialize all member variables of the WeatherMinMax class appropriately to represent \"no information so far\" state.\n3. Add a method \"reduce(data:WeatherData)\" which accepts a WeatherData instance and returns a new WeatherMinMax instance containing the merged information\n4. Add a method \"combine(other:WeatherMinMax)\" which accepts another WeatherMinMax object and returns a new WeatherMinMax instance containing the combined information\n5. Put all together by using the aggregateByKey method of the last RDD using the WeatherMinMax class for aggregation\n6. Print some results from the aggregated data\n \nPay attention to the validTemperature and validWindSpeed flags when merging information!","dateUpdated":"Jun 17, 2016 7:24:21 PM","config":{"enabled":true,"graph":{"mode":"table","height":300,"optionOpen":false,"keys":[],"values":[],"groups":[],"scatter":{}},"editorMode":"ace/mode/markdown","editorHide":true,"colWidth":12},"settings":{"params":{},"forms":{}},"jobName":"paragraph_1466191461776_-670124892","id":"20160617-192421_2021451737","result":{"code":"SUCCESS","type":"HTML","msg":"<h1>Aggregate Data</h1>\n<p>Now we want to perform the analysis itself. We want to calculate the minimum and maximum wind speed and temperature per year and country. We will use the 'aggregateByKey' method of an RDD. This requires some custom state classes used during the aggregation. So our plan is as follows:</p>\n<ol>\n<li>Create a case class &ldquo;WeatherMinMax&rdquo; for holding minimum and maximum weather information, both for wind speed and for temperature</li>\n<li>Add a method &ldquo;reduce(data:WeatherData)&rdquo; which accepts a WeatherData instance and returns a new WeatherMinMax instance containing the merged information</li>\n<li>Add a method &ldquo;combine(other:WeatherMinMax)&rdquo; which accepts another WeatherMinMax object and returns a new WeatherMinMax instance containing the combined information</li>\n<li>Put all together by using the aggregateByKey method of the last RDD using the WeatherMinMax class for aggregation</li>\n<li>Print some results from the aggregated data</li>\n</ol>\n<p>Pay attention to the validTemperature and validWindSpeed flags when merging information!</p>\n"},"dateCreated":"Jun 17, 2016 7:24:21 PM","status":"READY","errorMessage":"","progressUpdateIntervalMs":500,"$$hashKey":"object:2417"},{"text":"case class WeatherMinMax(\n    minTemperature:Float = 99999,\n    maxTemperature:Float = -99999,\n    minWindSpeed:Float = 99999,\n    maxWindSpeed:Float = -99999\n) {\n  // Reduce method for merging in another WeatherData entry\n  def reduce(other:WeatherData) = {\n    val minT = if(other.validTemperature) minTemperature.min(other.temperature) else minTemperature\n    val maxT = if(other.validTemperature) maxTemperature.max(other.temperature) else maxTemperature\n    val minW = if(other.validWindSpeed) minWindSpeed.min(other.windSpeed) else minWindSpeed\n    val maxW = if(other.validWindSpeed) maxWindSpeed.max(other.windSpeed) else maxWindSpeed\n    WeatherMinMax(minT,maxT,minW,maxW)\n  }\n  // Combine method for combining two WeatherMinMax instances\n  def combine(other:WeatherMinMax) = {\n    val minT = minTemperature.min(other.minTemperature)\n    val maxT = maxTemperature.max(other.maxTemperature)\n    val minW = minWindSpeed.min(other.minWindSpeed)\n    val maxW = maxWindSpeed.max(other.maxWindSpeed)\n    WeatherMinMax(minT,maxT,minW,maxW)\n  }\n}\n\nval weather_minmax = weather_per_country_and_year.aggregateByKey(WeatherMinMax())((x:WeatherMinMax,y:WeatherData) => x.reduce(y),(x:WeatherMinMax,y:WeatherMinMax) => x.combine(y))\n\nweather_minmax.take(30).foreach(println)\n","dateUpdated":"Jun 17, 2016 7:37:53 PM","config":{"enabled":true,"graph":{"mode":"table","height":300,"optionOpen":false,"keys":[],"values":[],"groups":[],"scatter":{}},"colWidth":12},"settings":{"params":{},"forms":{}},"jobName":"paragraph_1466191461777_-670509640","id":"20160617-192421_1348048219","result":{"code":"SUCCESS","type":"TEXT","msg":"defined class WeatherMinMax\nweather_minmax: org.apache.spark.rdd.RDD[((String, String), WeatherMinMax)] = ShuffledRDD[429] at aggregateByKey at <console>:146\n((RS,2008),WeatherMinMax(-27.6,31.2,0.0,12.0))\n((BE,2011),WeatherMinMax(-6.3,35.0,0.0,15.9))\n((US,2005),WeatherMinMax(-49.0,43.0,0.0,33.4))\n((SW,2013),WeatherMinMax(-36.7,26.3,0.0,17.0))\n((GM,2007),WeatherMinMax(-10.0,31.0,0.0,15.9))\n((GP,2004),WeatherMinMax(22.5,37.6,0.0,29.8))\n((GK,2003),WeatherMinMax(-2.0,34.0,0.0,23.0))\n((CA,2014),WeatherMinMax(-43.6,35.9,0.0,26.8))\n((UK,2006),WeatherMinMax(-8.4,35.0,0.0,22.6))\n((JA,2010),WeatherMinMax(-0.2,34.0,0.0,32.9))\n((AU,2013),WeatherMinMax(-12.3,37.4,0.0,17.5))\n((FI,2012),WeatherMinMax(-34.7,29.9,0.0,17.0))\n((PO,2006),WeatherMinMax(-1.0,37.0,0.0,16.5))\n((NO,2007),WeatherMinMax(-35.0,29.0,0.0,26.0))\n((GK,2007),WeatherMinMax(-0.4,23.0,0.0,22.1))\n((SF,2004),WeatherMinMax(5.6,38.4,0.0,8.7))\n((SC,2009),WeatherMinMax(20.0,33.0,0.0,25.2))\n((DA,2013),WeatherMinMax(-16.7,33.0,0.0,24.2))\n((EZ,2007),WeatherMinMax(-9.0,35.2,0.0,26.2))\n((PL,2011),WeatherMinMax(-18.0,33.0,0.0,13.9))\n((LU,2008),WeatherMinMax(-7.0,31.4,0.0,14.9))\n((IT,2014),WeatherMinMax(-6.8,24.0,0.0,20.6))\n((NL,2004),WeatherMinMax(-10.1,33.0,0.0,28.3))\n((PO,2004),WeatherMinMax(0.0,34.0,0.0,17.0))\n((SF,2008),WeatherMinMax(3.3,39.8,0.0,11.3))\n((AM,2013),WeatherMinMax(-19.0,38.0,0.0,14.0))\n((GM,2003),WeatherMinMax(-15.3,36.0,0.0,16.5))\n((SF,2003),WeatherMinMax(5.1,39.6,0.0,7.7))\n((SC,2012),WeatherMinMax(21.0,36.0,0.0,26.2))\n((CA,2012),WeatherMinMax(-40.2,36.0,0.0,27.3))\n"},"dateCreated":"Jun 17, 2016 7:24:21 PM","status":"FINISHED","progressUpdateIntervalMs":500,"$$hashKey":"object:2418","dateFinished":"Jun 17, 2016 7:39:15 PM","dateStarted":"Jun 17, 2016 7:37:53 PM","focus":true},{"text":"%md\n# Pretty Printing\nSince Zeppelin supports some pretty printing using the magic \"%table\" keyword, we want to make use of it.","dateUpdated":"Jun 17, 2016 7:24:21 PM","config":{"enabled":true,"graph":{"mode":"table","height":300,"optionOpen":false,"keys":[],"values":[],"groups":[],"scatter":{}},"editorMode":"ace/mode/markdown","editorHide":true,"colWidth":12},"settings":{"params":{},"forms":{}},"jobName":"paragraph_1466191461777_-670509640","id":"20160617-192421_693940883","result":{"code":"SUCCESS","type":"HTML","msg":"<h1>Pretty Printing</h1>\n<p>Since Zeppelin supports some pretty printing using the magic &ldquo;%table&rdquo; keyword, we want to make use of it.</p>\n"},"dateCreated":"Jun 17, 2016 7:24:21 PM","status":"READY","errorMessage":"","progressUpdateIntervalMs":500,"$$hashKey":"object:2419"},{"text":"def mkString(p:Any*) = {\n  p.iterator.toList.mkString(\"\\t\")\n}\n\nprintln(\"%table\")\nprintln(\"Country\\tYear\\tTempMin\\tTempMax\\tWindMin\\tWindMax\")\nweather_minmax.collect().map(x => mkString(x._1._1,x._1._2,x._2.minTemperature,x._2.maxTemperature,x._2.minWindSpeed,x._2.maxWindSpeed)).foreach(println)\n","dateUpdated":"Jun 17, 2016 7:39:23 PM","config":{"enabled":true,"graph":{"mode":"multiBarChart","height":300,"optionOpen":false,"keys":[{"name":"Country","index":0,"aggr":"sum"}],"values":[{"name":"WindMin","index":4,"aggr":"min"},{"name":"WindMax","index":5,"aggr":"max"},{"name":"TempMax","index":3,"aggr":"max"},{"name":"TempMin","index":2,"aggr":"min"}],"groups":[{"name":"Year","index":1,"aggr":"sum"}],"scatter":{"xAxis":{"name":"Country","index":0,"aggr":"sum"},"yAxis":{"name":"Year","index":1,"aggr":"sum"}}},"colWidth":12},"settings":{"params":{},"forms":{}},"jobName":"paragraph_1466191461777_-670509640","id":"20160617-192421_80733724","result":{"code":"SUCCESS","type":"TABLE","msg":"Country\tYear\tTempMin\tTempMax\tWindMin\tWindMax\nRS\t2008\t-27.6\t31.2\t0.0\t12.0\nBE\t2011\t-6.3\t35.0\t0.0\t15.9\nUS\t2005\t-49.0\t43.0\t0.0\t33.4\nSW\t2013\t-36.7\t26.3\t0.0\t17.0\nGM\t2007\t-10.0\t31.0\t0.0\t15.9\nGP\t2004\t22.5\t37.6\t0.0\t29.8\nGK\t2003\t-2.0\t34.0\t0.0\t23.0\nCA\t2014\t-43.6\t35.9\t0.0\t26.8\nUK\t2006\t-8.4\t35.0\t0.0\t22.6\nJA\t2010\t-0.2\t34.0\t0.0\t32.9\nAU\t2013\t-12.3\t37.4\t0.0\t17.5\nFI\t2012\t-34.7\t29.9\t0.0\t17.0\nPO\t2006\t-1.0\t37.0\t0.0\t16.5\nNO\t2007\t-35.0\t29.0\t0.0\t26.0\nGK\t2007\t-0.4\t23.0\t0.0\t22.1\nSF\t2004\t5.6\t38.4\t0.0\t8.7\nSC\t2009\t20.0\t33.0\t0.0\t25.2\nDA\t2013\t-16.7\t33.0\t0.0\t24.2\nEZ\t2007\t-9.0\t35.2\t0.0\t26.2\nPL\t2011\t-18.0\t33.0\t0.0\t13.9\nLU\t2008\t-7.0\t31.4\t0.0\t14.9\nIT\t2014\t-6.8\t24.0\t0.0\t20.6\nNL\t2004\t-10.1\t33.0\t0.0\t28.3\nPO\t2004\t0.0\t34.0\t0.0\t17.0\nSF\t2008\t3.3\t39.8\t0.0\t11.3\nAM\t2013\t-19.0\t38.0\t0.0\t14.0\nGM\t2003\t-15.3\t36.0\t0.0\t16.5\nSF\t2003\t5.1\t39.6\t0.0\t7.7\nSC\t2012\t21.0\t36.0\t0.0\t26.2\nCA\t2012\t-40.2\t36.0\t0.0\t27.3\nLU\t2006\t-9.0\t35.3\t0.0\t14.9\nIC\t2005\t-7.8\t19.0\t0.0\t30.0\nJA\t2013\t-0.3\t34.5\t0.0\t38.0\nPO\t2007\t-1.0\t35.0\t0.0\t13.9\nSC\t2006\t20.0\t32.0\t0.0\t20.6\nUK\t2009\t-9.0\t30.2\t0.0\t24.2\nFR\t2014\t-9.0\t36.1\t0.0\t16.5\nGP\t2003\t23.2\t32.0\t0.0\t16.4\nEZ\t2011\t-15.0\t32.0\t0.0\t17.0\nAS\t2007\t1.1\t42.9\t0.0\t13.4\nRS\t2012\t-37.0\t32.0\t0.0\t12.0\nFR\t2013\t-8.0\t38.1\t0.0\t16.5\nPL\t2013\t-18.0\t37.2\t0.0\t16.0\nFR\t2003\t-13.9\t39.1\t0.0\t19.0\nCA\t2005\t-47.0\t33.2\t0.0\t35.5\nLU\t2004\t-8.4\t31.0\t0.0\t13.9\nAM\t2010\t-11.0\t41.0\t0.0\t14.0\nJA\t2012\t-1.5\t33.0\t0.0\t33.4\nGP\t2008\t16.1\t16.1\t5.7\t5.7\nCA\t2008\t-47.0\t35.0\t0.0\t36.5\nPL\t2008\t-14.0\t30.0\t0.0\t25.7\nCH\t2006\t0.0\t35.0\t0.0\t13.0\nFI\t2009\t-25.7\t26.0\t0.0\t18.0\nNL\t2008\t-12.0\t32.5\t0.0\t31.4\nPO\t2003\t-2.0\t39.0\t0.0\t20.0\nSC\t2004\t21.0\t33.0\t0.0\t20.6\nGM\t2005\t-14.0\t31.0\t0.0\t14.4\nBE\t2006\t-8.1\t36.1\t0.0\t19.0\nFI\t2010\t-31.6\t32.6\t0.0\t17.0\nAS\t2011\t-0.8\t45.2\t0.0\t11.3\nFI\t2014\t-28.6\t30.3\t0.0\t18.0\nPO\t2013\t-1.0\t38.0\t0.0\t20.0\nRS\t2004\t-33.0\t27.0\t0.0\t11.0\nEZ\t2008\t-10.0\t31.0\t0.0\t20.6\nDA\t2006\t-14.0\t32.7\t0.0\t14.4\nMY\t2012\t23.0\t34.0\t0.0\t9.3\nFI\t2003\t-33.0\t29.4\t0.0\t14.4\nMY\t2004\t22.0\t36.0\t0.0\t11.8\nCH\t2009\t10.0\t33.0\t0.0\t12.0\nIC\t2010\t-10.0\t19.5\t0.0\t24.2\nAM\t2007\t-24.0\t38.0\t0.0\t13.0\nUS\t2006\t-43.0\t43.6\t0.0\t37.0\nJA\t2011\t-1.4\t34.1\t0.0\t27.3\nPO\t2010\t-1.6\t38.0\t0.0\t21.6\nBE\t2010\t-12.2\t36.0\t0.0\t19.5\nPL\t2014\t-15.0\t32.0\t0.0\t14.9\nGK\t2008\t-0.3\t24.0\t0.0\t22.6\nAS\t2013\t2.8\t47.6\t0.0\t13.4\nCA\t2003\t-40.1\t35.8\t0.0\t27.8\nNO\t2011\t-37.8\t29.0\t0.0\t38.6\nSW\t2009\t-38.2\t28.9\t0.0\t19.0\nIT\t2005\t-13.0\t28.0\t0.0\t17.0\nDA\t2003\t-16.0\t30.0\t0.0\t23.0\nEZ\t2012\t-22.0\t37.3\t0.0\t19.0\nGK\t2005\t-1.3\t26.4\t0.0\t19.0\nPL\t2004\t-21.0\t32.0\t0.0\t16.5\nJA\t2004\t-1.0\t34.2\t0.0\t32.4\nAU\t2004\t-14.4\t32.5\t0.0\t13.4\nMY\t2006\t3.0\t36.0\t0.0\t8.7\nUK\t2007\t-6.4\t29.0\t0.0\t25.7\nAU\t2003\t-17.6\t37.4\t0.0\t22.6\nDA\t2011\t-13.1\t27.0\t0.0\t22.6\nSW\t2014\t-34.5\t28.9\t1.0\t16.0\nSW\t2010\t-41.7\t28.9\t0.0\t18.0\nGK\t2012\t-3.0\t26.0\t0.0\t33.4\nNL\t2006\t-10.0\t37.0\t0.0\t35.5\nGK\t2011\t1.0\t28.0\t0.0\t19.0\nCH\t2008\t12.0\t33.0\t0.0\t16.0\nGK\t2009\t-3.0\t28.0\t0.0\t18.5\nGM\t2008\t-7.0\t31.0\t0.0\t15.9\nCA\t2006\t-43.0\t35.9\t0.0\t31.4\nIT\t2010\t-8.0\t21.0\t0.0\t20.6\nIT\t2004\t-7.0\t27.0\t0.0\t18.5\nAU\t2009\t-16.8\t33.0\t0.0\t13.9\nNL\t2010\t-15.0\t35.0\t0.0\t28.3\nAS\t2004\t1.6\t44.1\t0.0\t14.0\nIT\t2007\t-6.0\t26.0\t0.0\t18.5\nFR\t2012\t-16.6\t39.0\t0.0\t15.9\nUK\t2008\t-8.0\t28.4\t0.0\t24.2\nFR\t2009\t-11.1\t40.0\t0.0\t19.0\nGP\t2007\t2.4\t3.7\t2.6\t6.2\nUK\t2010\t-17.0\t30.4\t0.0\t19.0\nAU\t2007\t-10.4\t36.0\t0.0\t13.4\nAS\t2010\t0.1\t42.2\t0.0\t13.4\nNO\t2004\t-31.0\t28.2\t0.0\t32.0\nRS\t2007\t-30.5\t31.0\t0.0\t21.0\nRS\t2009\t-30.9\t31.4\t0.0\t18.0\nNL\t2007\t-10.0\t31.0\t0.0\t28.8\nSC\t2005\t19.0\t33.2\t0.0\t28.3\nCA\t2007\t-42.0\t36.0\t0.0\t23.7\nLU\t2007\t-8.0\t31.0\t0.0\t17.0\nFR\t2011\t-9.0\t37.8\t0.0\t19.5\nLU\t2014\t-10.0\t32.1\t0.0\t13.4\nMY\t2005\t22.0\t36.0\t0.0\t10.3\nNO\t2010\t-42.1\t25.6\t0.0\t30.9\nBE\t2004\t-10.2\t32.0\t0.0\t25.0\nSW\t2004\t-37.6\t28.1\t0.0\t19.0\nSW\t2011\t-41.6\t29.9\t0.0\t19.0\nPL\t2012\t-27.0\t34.0\t0.0\t13.4\nJA\t2009\t-0.2\t35.0\t0.0\t26.7\nAM\t2008\t-27.0\t40.0\t0.0\t13.0\nLU\t2003\t-13.0\t37.4\t0.0\t16.5\nAS\t2005\t2.6\t43.4\t0.0\t12.9\nUK\t2013\t-13.0\t33.1\t0.0\t20.1\nCH\t2007\t10.0\t34.0\t0.0\t15.0\nSW\t2007\t-36.7\t29.9\t0.0\t19.0\nAU\t2011\t-15.0\t35.0\t0.0\t15.9\nSF\t2012\t2.2\t36.0\t0.0\t10.3\nAU\t2014\t-11.0\t34.0\t0.0\t16.5\nBE\t2014\t-7.0\t33.1\t0.0\t16.0\nCA\t2009\t-45.0\t35.0\t0.0\t20.6\nIT\t2013\t-11.8\t24.0\t0.0\t21.6\nSF\t2005\t6.1\t38.2\t0.0\t11.8\nCA\t2013\t-44.0\t33.8\t0.0\t23.1\nSF\t2010\t3.1\t37.8\t0.0\t10.3\nBE\t2003\t-11.3\t36.3\t0.0\t19.0\nMY\t2013\t22.0\t34.0\t0.0\t10.3\nAS\t2014\t0.9\t45.6\t0.0\t14.4\nUS\t2013\t-44.0\t45.5\t0.0\t24.7\nFI\t2005\t-25.0\t28.0\t0.0\t13.4\nSC\t2010\t21.0\t32.0\t0.0\t28.8\nJA\t2008\t-0.7\t33.7\t0.0\t29.8\nAS\t2006\t1.1\t44.8\t0.0\t15.9\nNO\t2005\t-34.2\t28.2\t0.0\t32.4\nFR\t2006\t-10.0\t36.4\t0.0\t15.9\nSF\t2006\t6.3\t37.6\t0.0\t13.4\nFI\t2013\t-32.7\t29.9\t0.0\t20.0\nSF\t2011\t2.3\t34.9\t0.0\t12.3\nAM\t2011\t-16.0\t42.0\t0.0\t14.0\nAU\t2010\t-13.6\t35.0\t0.0\t14.9\nGM\t2012\t-19.0\t34.0\t0.0\t13.9\nPO\t2008\t0.6\t32.0\t0.0\t15.4\nUK\t2011\t-5.2\t32.0\t0.0\t26.7\nJA\t2005\t0.2\t33.2\t0.0\t31.9\nLU\t2009\t-15.0\t34.0\t0.0\t15.0\nGK\t2004\t-1.0\t27.0\t0.0\t26.0\nNO\t2008\t-30.9\t30.4\t0.0\t28.0\nCA\t2010\t-43.2\t34.0\t0.0\t25.7\nUS\t2003\t-44.0\t41.0\t0.0\t35.0\nFI\t2004\t-25.0\t25.0\t0.0\t12.9\nEZ\t2003\t-16.0\t37.0\t0.0\t16.5\nSF\t2007\t4.2\t38.0\t0.0\t7.7\nSF\t2013\t1.5\t36.1\t0.0\t8.2\nCH\t2004\t14.0\t33.0\t0.0\t10.0\nNL\t2014\t-9.0\t35.0\t0.0\t27.3\nRS\t2011\t-33.0\t32.0\t0.0\t12.0\nMY\t2003\t23.0\t39.0\t0.0\t11.3\nDA\t2008\t-9.4\t30.4\t0.0\t20.6\nPL\t2006\t-29.0\t33.1\t0.0\t25.7\nPL\t2005\t-21.0\t33.4\t0.0\t20.6\nUS\t2010\t-39.4\t44.2\t0.0\t26.7\nGP\t2006\t21.8\t32.2\t0.0\t18.0\nAS\t2009\t1.8\t44.6\t0.0\t17.0\nPL\t2010\t-24.0\t35.0\t0.0\t13.4\nAM\t2005\t-19.0\t39.0\t0.0\t14.0\nUS\t2012\t-49.0\t44.7\t0.0\t22.6\nSC\t2011\t20.0\t32.0\t0.0\t14.0\nNL\t2011\t-8.2\t34.0\t0.0\t31.4\nFI\t2006\t-31.0\t27.0\t0.0\t12.0\nAM\t2014\t-19.0\t39.0\t0.0\t16.0\nEZ\t2009\t-17.0\t33.0\t0.0\t18.5\nSC\t2013\t20.0\t33.0\t0.0\t24.7\nNL\t2012\t-18.4\t35.0\t0.0\t28.8\nEZ\t2014\t-15.0\t33.0\t0.0\t16.5\nDA\t2012\t-19.4\t30.0\t0.0\t17.5\nPL\t2007\t-12.0\t35.0\t0.0\t18.0\nUS\t2009\t-46.0\t41.6\t0.0\t31.9\nEZ\t2004\t-20.1\t31.2\t0.0\t17.0\nLU\t2013\t-11.0\t33.0\t0.0\t12.4\nUK\t2003\t-7.2\t37.4\t0.0\t22.0\nPL\t2003\t-21.0\t33.5\t0.0\t23.0\nIC\t2006\t-11.0\t18.0\t0.0\t39.0\nFR\t2010\t-13.3\t36.1\t0.0\t17.5\nIT\t2009\t-8.0\t25.0\t0.0\t20.6\nIT\t2003\t-9.0\t30.0\t0.0\t25.0\nNO\t2009\t-35.7\t28.4\t0.0\t35.0\nGK\t2013\t-1.5\t26.0\t0.0\t20.1\nEZ\t2005\t-15.0\t35.0\t0.0\t19.0\nCA\t2004\t-44.0\t32.2\t0.0\t32.4\nFR\t2007\t-13.7\t34.4\t0.0\t18.0\nNO\t2006\t-33.6\t29.4\t0.0\t31.0\nNL\t2013\t-14.4\t35.0\t0.0\t37.1\nIC\t2007\t-10.0\t18.0\t0.0\t30.9\nUS\t2007\t-45.0\t41.7\t0.0\t36.0\nDA\t2007\t-15.0\t31.0\t0.0\t21.6\nPO\t2005\t-1.7\t38.0\t0.0\t14.4\nCH\t2011\t12.0\t34.0\t0.0\t16.0\nAS\t2012\t0.1\t43.6\t0.0\t13.9\nGM\t2006\t-10.4\t34.0\t0.0\t12.9\nBE\t2012\t-17.0\t35.0\t0.0\t16.0\nRS\t2010\t-32.3\t36.0\t0.0\t10.0\nGM\t2014\t-9.0\t31.0\t0.0\t13.4\nGP\t2010\t23.8\t31.6\t1.0\t11.8\nJA\t2014\t-0.5\t33.9\t0.0\t19.6\nNO\t2014\t-35.7\t32.0\t0.0\t35.5\nRS\t2013\t-35.3\t32.0\t0.0\t13.0\nNL\t2009\t-17.9\t34.8\t0.0\t27.8\nJA\t2007\t-0.4\t34.5\t0.0\t36.5\nSW\t2012\t-42.7\t26.3\t0.0\t18.0\nIC\t2008\t-13.0\t22.0\t0.0\t31.9\nFR\t2008\t-8.0\t34.5\t0.0\t18.0\nCH\t2010\t12.0\t34.0\t0.0\t20.0\nUK\t2012\t-14.0\t30.0\t0.0\t23.1\nEZ\t2010\t-20.1\t34.1\t0.0\t16.5\nDA\t2009\t-15.0\t32.0\t0.0\t20.6\nDA\t2004\t-14.0\t30.0\t0.0\t16.5\nGM\t2010\t-13.0\t34.0\t0.0\t17.0\nBE\t2005\t-10.1\t35.0\t0.0\t23.1\nPO\t2011\t-1.0\t33.5\t0.0\t15.4\nNL\t2005\t-16.0\t34.4\t0.0\t38.1\nIT\t2011\t-5.2\t25.0\t0.0\t19.5\nSC\t2008\t20.0\t33.0\t0.0\t26.2\nIT\t2006\t-9.0\t27.0\t0.0\t18.0\nIC\t2004\t-11.7\t27.0\t0.0\t32.0\nEZ\t2013\t-19.0\t35.0\t0.0\t21.6\nPO\t2014\t-1.0\t32.0\t0.0\t15.4\nFR\t2005\t-12.4\t37.0\t0.0\t15.9\nCH\t2005\t10.0\t33.0\t0.0\t26.0\nIC\t2012\t-7.0\t19.0\t0.0\t29.0\nNO\t2013\t-35.4\t28.0\t0.0\t39.1\nGM\t2011\t-10.0\t30.0\t0.0\t15.4\nLU\t2010\t-12.0\t35.0\t0.0\t17.5\nMY\t2014\t19.0\t36.0\t0.0\t9.8\nPL\t2009\t-22.0\t32.1\t0.0\t15.4\nUK\t2014\t-6.0\t30.4\t0.0\t20.6\nRS\t2014\t-28.9\t30.5\t0.0\t11.0\nUS\t2014\t-37.2\t41.2\t0.0\t31.0\nGM\t2013\t-10.0\t32.0\t0.0\t14.4\nSW\t2008\t-36.1\t29.9\t0.0\t21.0\nUS\t2008\t-42.2\t41.9\t0.0\t26.7\nGM\t2004\t-10.2\t30.0\t0.0\t16.5\nFI\t2011\t-34.4\t30.7\t0.0\t21.0\nUS\t2011\t-44.0\t46.4\t0.0\t36.0\nMY\t2007\t20.0\t35.0\t0.0\t9.8\nIC\t2003\t-9.0\t20.0\t0.0\t30.9\nSC\t2003\t21.0\t33.0\t0.0\t23.1\nUS\t2004\t-46.0\t39.3\t0.0\t28.3\nAU\t2008\t-12.0\t34.0\t0.0\t16.0\nUK\t2005\t-8.0\t32.4\t0.0\t37.0\nBE\t2008\t-8.0\t31.0\t0.0\t16.5\nNO\t2012\t-33.0\t24.8\t0.0\t39.6\nIC\t2009\t-9.0\t19.0\t0.0\t25.7\nPO\t2012\t-2.0\t37.0\t0.0\t13.9\nUK\t2004\t-6.1\t31.0\t0.0\t32.0\nAM\t2006\t-24.0\t41.0\t0.0\t13.0\nBE\t2013\t-12.0\t35.0\t0.0\t16.5\nBE\t2007\t-8.3\t33.0\t0.0\t21.1\nSW\t2005\t-33.6\t28.6\t0.0\t18.0\nSW\t2006\t-37.7\t29.4\t0.0\t17.0\nAM\t2012\t-22.0\t39.0\t0.0\t12.0\nAM\t2009\t-20.0\t37.0\t0.0\t13.0\nFI\t2007\t-29.0\t26.7\t0.0\t14.4\nDA\t2010\t-17.4\t31.2\t0.0\t14.9\nLU\t2005\t-13.0\t32.0\t0.0\t13.4\nNO\t2003\t-30.5\t30.0\t0.0\t81.0\nRS\t2006\t-38.0\t30.6\t0.0\t11.0\nDA\t2014\t-9.0\t30.2\t0.0\t17.0\nRS\t2003\t-34.5\t31.0\t0.0\t14.0\nMY\t2009\t21.0\t34.0\t0.0\t8.7\nAM\t2004\t-16.0\t39.0\t0.0\t13.0\nDA\t2005\t-12.3\t29.1\t0.0\t21.6\nIT\t2012\t-13.0\t27.0\t0.0\t18.0\nNL\t2003\t-14.3\t36.0\t0.0\t33.4\nFI\t2008\t-23.0\t25.7\t0.0\t26.0\nIC\t2013\t-11.0\t19.0\t0.0\t25.0\nAS\t2003\t0.3\t45.8\t0.0\t14.4\nIT\t2008\t-6.2\t23.0\t0.0\t16.4\nGP\t2005\t21.1\t33.4\t0.0\t29.8\nSW\t2003\t-40.2\t28.6\t0.0\t20.0\nSF\t2014\t0.9\t37.4\t0.0\t13.4\nSC\t2014\t20.0\t32.0\t0.0\t30.4\nMY\t2008\t21.0\t35.0\t0.0\t9.3\nSF\t2009\t2.8\t38.2\t0.0\t9.8\nMY\t2011\t21.0\t34.0\t0.0\t10.8\nIC\t2011\t-14.0\t17.2\t0.0\t31.9\nEZ\t2006\t-17.0\t34.0\t0.0\t18.0\nCH\t2012\t14.0\t34.0\t0.0\t22.0\nCA\t2011\t-45.0\t34.7\t0.0\t24.7\nAS\t2008\t1.0\t43.2\t0.0\t14.9\nCH\t2014\t11.0\t34.0\t0.0\t15.0\nFR\t2004\t-7.2\t37.0\t0.0\t29.0\nGK\t2010\t-2.0\t24.2\t0.0\t18.5\nJA\t2003\t-0.7\t34.2\t0.0\t21.6\nLU\t2011\t-7.2\t33.0\t0.0\t15.4\nLU\t2012\t-15.0\t35.0\t0.0\t13.9\nAU\t2005\t-18.9\t35.2\t0.0\t11.8\nRS\t2005\t-27.0\t29.0\t0.0\t12.0\nAU\t2012\t-18.0\t34.2\t0.0\t15.4\nMY\t2010\t23.0\t37.0\t0.0\t9.8\nIC\t2014\t-7.0\t18.0\t0.0\t29.3\nBE\t2009\t-15.4\t34.2\t0.0\t16.0\nAU\t2006\t-19.4\t34.0\t0.0\t12.3\nGK\t2006\t0.0\t30.0\t0.0\t18.0\nJA\t2006\t-0.1\t34.8\t0.0\t38.6\nGM\t2009\t-18.0\t32.0\t0.0\t13.0\nGK\t2014\t2.0\t24.0\t0.0\t21.1\nCH\t2013\t13.0\t34.0\t0.0\t22.0\nSC\t2007\t22.0\t33.0\t0.0\t15.4\nPO\t2009\t-1.4\t36.0\t0.0\t17.5\n","comment":"","msgTable":[[{"key":"Year","value":"RS"},{"key":"Year","value":"2008"},{"key":"Year","value":"-27.6"},{"key":"Year","value":"31.2"},{"key":"Year","value":"0.0"},{"key":"Year","value":"12.0"}],[{"key":"TempMin","value":"BE"},{"key":"TempMin","value":"2011"},{"key":"TempMin","value":"-6.3"},{"key":"TempMin","value":"35.0"},{"key":"TempMin","value":"0.0"},{"key":"TempMin","value":"15.9"}],[{"key":"TempMax","value":"US"},{"key":"TempMax","value":"2005"},{"key":"TempMax","value":"-49.0"},{"key":"TempMax","value":"43.0"},{"key":"TempMax","value":"0.0"},{"key":"TempMax","value":"33.4"}],[{"key":"WindMin","value":"SW"},{"key":"WindMin","value":"2013"},{"key":"WindMin","value":"-36.7"},{"key":"WindMin","value":"26.3"},{"key":"WindMin","value":"0.0"},{"key":"WindMin","value":"17.0"}],[{"key":"WindMax","value":"GM"},{"key":"WindMax","value":"2007"},{"key":"WindMax","value":"-10.0"},{"key":"WindMax","value":"31.0"},{"key":"WindMax","value":"0.0"},{"key":"WindMax","value":"15.9"}],[{"value":"GP"},{"value":"2004"},{"value":"22.5"},{"value":"37.6"},{"value":"0.0"},{"value":"29.8"}],[{"value":"GK"},{"value":"2003"},{"value":"-2.0"},{"value":"34.0"},{"value":"0.0"},{"value":"23.0"}],[{"value":"CA"},{"value":"2014"},{"value":"-43.6"},{"value":"35.9"},{"value":"0.0"},{"value":"26.8"}],[{"value":"UK"},{"value":"2006"},{"value":"-8.4"},{"value":"35.0"},{"value":"0.0"},{"value":"22.6"}],[{"value":"JA"},{"value":"2010"},{"value":"-0.2"},{"value":"34.0"},{"value":"0.0"},{"value":"32.9"}],[{"value":"AU"},{"value":"2013"},{"value":"-12.3"},{"value":"37.4"},{"value":"0.0"},{"value":"17.5"}],[{"value":"FI"},{"value":"2012"},{"value":"-34.7"},{"value":"29.9"},{"value":"0.0"},{"value":"17.0"}],[{"value":"PO"},{"value":"2006"},{"value":"-1.0"},{"value":"37.0"},{"value":"0.0"},{"value":"16.5"}],[{"value":"NO"},{"value":"2007"},{"value":"-35.0"},{"value":"29.0"},{"value":"0.0"},{"value":"26.0"}],[{"value":"GK"},{"value":"2007"},{"value":"-0.4"},{"value":"23.0"},{"value":"0.0"},{"value":"22.1"}],[{"value":"SF"},{"value":"2004"},{"value":"5.6"},{"value":"38.4"},{"value":"0.0"},{"value":"8.7"}],[{"value":"SC"},{"value":"2009"},{"value":"20.0"},{"value":"33.0"},{"value":"0.0"},{"value":"25.2"}],[{"value":"DA"},{"value":"2013"},{"value":"-16.7"},{"value":"33.0"},{"value":"0.0"},{"value":"24.2"}],[{"value":"EZ"},{"value":"2007"},{"value":"-9.0"},{"value":"35.2"},{"value":"0.0"},{"value":"26.2"}],[{"value":"PL"},{"value":"2011"},{"value":"-18.0"},{"value":"33.0"},{"value":"0.0"},{"value":"13.9"}],[{"value":"LU"},{"value":"2008"},{"value":"-7.0"},{"value":"31.4"},{"value":"0.0"},{"value":"14.9"}],[{"value":"IT"},{"value":"2014"},{"value":"-6.8"},{"value":"24.0"},{"value":"0.0"},{"value":"20.6"}],[{"value":"NL"},{"value":"2004"},{"value":"-10.1"},{"value":"33.0"},{"value":"0.0"},{"value":"28.3"}],[{"value":"PO"},{"value":"2004"},{"value":"0.0"},{"value":"34.0"},{"value":"0.0"},{"value":"17.0"}],[{"value":"SF"},{"value":"2008"},{"value":"3.3"},{"value":"39.8"},{"value":"0.0"},{"value":"11.3"}],[{"value":"AM"},{"value":"2013"},{"value":"-19.0"},{"value":"38.0"},{"value":"0.0"},{"value":"14.0"}],[{"value":"GM"},{"value":"2003"},{"value":"-15.3"},{"value":"36.0"},{"value":"0.0"},{"value":"16.5"}],[{"value":"SF"},{"value":"2003"},{"value":"5.1"},{"value":"39.6"},{"value":"0.0"},{"value":"7.7"}],[{"value":"SC"},{"value":"2012"},{"value":"21.0"},{"value":"36.0"},{"value":"0.0"},{"value":"26.2"}],[{"value":"CA"},{"value":"2012"},{"value":"-40.2"},{"value":"36.0"},{"value":"0.0"},{"value":"27.3"}],[{"value":"LU"},{"value":"2006"},{"value":"-9.0"},{"value":"35.3"},{"value":"0.0"},{"value":"14.9"}],[{"value":"IC"},{"value":"2005"},{"value":"-7.8"},{"value":"19.0"},{"value":"0.0"},{"value":"30.0"}],[{"value":"JA"},{"value":"2013"},{"value":"-0.3"},{"value":"34.5"},{"value":"0.0"},{"value":"38.0"}],[{"value":"PO"},{"value":"2007"},{"value":"-1.0"},{"value":"35.0"},{"value":"0.0"},{"value":"13.9"}],[{"value":"SC"},{"value":"2006"},{"value":"20.0"},{"value":"32.0"},{"value":"0.0"},{"value":"20.6"}],[{"value":"UK"},{"value":"2009"},{"value":"-9.0"},{"value":"30.2"},{"value":"0.0"},{"value":"24.2"}],[{"value":"FR"},{"value":"2014"},{"value":"-9.0"},{"value":"36.1"},{"value":"0.0"},{"value":"16.5"}],[{"value":"GP"},{"value":"2003"},{"value":"23.2"},{"value":"32.0"},{"value":"0.0"},{"value":"16.4"}],[{"value":"EZ"},{"value":"2011"},{"value":"-15.0"},{"value":"32.0"},{"value":"0.0"},{"value":"17.0"}],[{"value":"AS"},{"value":"2007"},{"value":"1.1"},{"value":"42.9"},{"value":"0.0"},{"value":"13.4"}],[{"value":"RS"},{"value":"2012"},{"value":"-37.0"},{"value":"32.0"},{"value":"0.0"},{"value":"12.0"}],[{"value":"FR"},{"value":"2013"},{"value":"-8.0"},{"value":"38.1"},{"value":"0.0"},{"value":"16.5"}],[{"value":"PL"},{"value":"2013"},{"value":"-18.0"},{"value":"37.2"},{"value":"0.0"},{"value":"16.0"}],[{"value":"FR"},{"value":"2003"},{"value":"-13.9"},{"value":"39.1"},{"value":"0.0"},{"value":"19.0"}],[{"value":"CA"},{"value":"2005"},{"value":"-47.0"},{"value":"33.2"},{"value":"0.0"},{"value":"35.5"}],[{"value":"LU"},{"value":"2004"},{"value":"-8.4"},{"value":"31.0"},{"value":"0.0"},{"value":"13.9"}],[{"value":"AM"},{"value":"2010"},{"value":"-11.0"},{"value":"41.0"},{"value":"0.0"},{"value":"14.0"}],[{"value":"JA"},{"value":"2012"},{"value":"-1.5"},{"value":"33.0"},{"value":"0.0"},{"value":"33.4"}],[{"value":"GP"},{"value":"2008"},{"value":"16.1"},{"value":"16.1"},{"value":"5.7"},{"value":"5.7"}],[{"value":"CA"},{"value":"2008"},{"value":"-47.0"},{"value":"35.0"},{"value":"0.0"},{"value":"36.5"}],[{"value":"PL"},{"value":"2008"},{"value":"-14.0"},{"value":"30.0"},{"value":"0.0"},{"value":"25.7"}],[{"value":"CH"},{"value":"2006"},{"value":"0.0"},{"value":"35.0"},{"value":"0.0"},{"value":"13.0"}],[{"value":"FI"},{"value":"2009"},{"value":"-25.7"},{"value":"26.0"},{"value":"0.0"},{"value":"18.0"}],[{"value":"NL"},{"value":"2008"},{"value":"-12.0"},{"value":"32.5"},{"value":"0.0"},{"value":"31.4"}],[{"value":"PO"},{"value":"2003"},{"value":"-2.0"},{"value":"39.0"},{"value":"0.0"},{"value":"20.0"}],[{"value":"SC"},{"value":"2004"},{"value":"21.0"},{"value":"33.0"},{"value":"0.0"},{"value":"20.6"}],[{"value":"GM"},{"value":"2005"},{"value":"-14.0"},{"value":"31.0"},{"value":"0.0"},{"value":"14.4"}],[{"value":"BE"},{"value":"2006"},{"value":"-8.1"},{"value":"36.1"},{"value":"0.0"},{"value":"19.0"}],[{"value":"FI"},{"value":"2010"},{"value":"-31.6"},{"value":"32.6"},{"value":"0.0"},{"value":"17.0"}],[{"value":"AS"},{"value":"2011"},{"value":"-0.8"},{"value":"45.2"},{"value":"0.0"},{"value":"11.3"}],[{"value":"FI"},{"value":"2014"},{"value":"-28.6"},{"value":"30.3"},{"value":"0.0"},{"value":"18.0"}],[{"value":"PO"},{"value":"2013"},{"value":"-1.0"},{"value":"38.0"},{"value":"0.0"},{"value":"20.0"}],[{"value":"RS"},{"value":"2004"},{"value":"-33.0"},{"value":"27.0"},{"value":"0.0"},{"value":"11.0"}],[{"value":"EZ"},{"value":"2008"},{"value":"-10.0"},{"value":"31.0"},{"value":"0.0"},{"value":"20.6"}],[{"value":"DA"},{"value":"2006"},{"value":"-14.0"},{"value":"32.7"},{"value":"0.0"},{"value":"14.4"}],[{"value":"MY"},{"value":"2012"},{"value":"23.0"},{"value":"34.0"},{"value":"0.0"},{"value":"9.3"}],[{"value":"FI"},{"value":"2003"},{"value":"-33.0"},{"value":"29.4"},{"value":"0.0"},{"value":"14.4"}],[{"value":"MY"},{"value":"2004"},{"value":"22.0"},{"value":"36.0"},{"value":"0.0"},{"value":"11.8"}],[{"value":"CH"},{"value":"2009"},{"value":"10.0"},{"value":"33.0"},{"value":"0.0"},{"value":"12.0"}],[{"value":"IC"},{"value":"2010"},{"value":"-10.0"},{"value":"19.5"},{"value":"0.0"},{"value":"24.2"}],[{"value":"AM"},{"value":"2007"},{"value":"-24.0"},{"value":"38.0"},{"value":"0.0"},{"value":"13.0"}],[{"value":"US"},{"value":"2006"},{"value":"-43.0"},{"value":"43.6"},{"value":"0.0"},{"value":"37.0"}],[{"value":"JA"},{"value":"2011"},{"value":"-1.4"},{"value":"34.1"},{"value":"0.0"},{"value":"27.3"}],[{"value":"PO"},{"value":"2010"},{"value":"-1.6"},{"value":"38.0"},{"value":"0.0"},{"value":"21.6"}],[{"value":"BE"},{"value":"2010"},{"value":"-12.2"},{"value":"36.0"},{"value":"0.0"},{"value":"19.5"}],[{"value":"PL"},{"value":"2014"},{"value":"-15.0"},{"value":"32.0"},{"value":"0.0"},{"value":"14.9"}],[{"value":"GK"},{"value":"2008"},{"value":"-0.3"},{"value":"24.0"},{"value":"0.0"},{"value":"22.6"}],[{"value":"AS"},{"value":"2013"},{"value":"2.8"},{"value":"47.6"},{"value":"0.0"},{"value":"13.4"}],[{"value":"CA"},{"value":"2003"},{"value":"-40.1"},{"value":"35.8"},{"value":"0.0"},{"value":"27.8"}],[{"value":"NO"},{"value":"2011"},{"value":"-37.8"},{"value":"29.0"},{"value":"0.0"},{"value":"38.6"}],[{"value":"SW"},{"value":"2009"},{"value":"-38.2"},{"value":"28.9"},{"value":"0.0"},{"value":"19.0"}],[{"value":"IT"},{"value":"2005"},{"value":"-13.0"},{"value":"28.0"},{"value":"0.0"},{"value":"17.0"}],[{"value":"DA"},{"value":"2003"},{"value":"-16.0"},{"value":"30.0"},{"value":"0.0"},{"value":"23.0"}],[{"value":"EZ"},{"value":"2012"},{"value":"-22.0"},{"value":"37.3"},{"value":"0.0"},{"value":"19.0"}],[{"value":"GK"},{"value":"2005"},{"value":"-1.3"},{"value":"26.4"},{"value":"0.0"},{"value":"19.0"}],[{"value":"PL"},{"value":"2004"},{"value":"-21.0"},{"value":"32.0"},{"value":"0.0"},{"value":"16.5"}],[{"value":"JA"},{"value":"2004"},{"value":"-1.0"},{"value":"34.2"},{"value":"0.0"},{"value":"32.4"}],[{"value":"AU"},{"value":"2004"},{"value":"-14.4"},{"value":"32.5"},{"value":"0.0"},{"value":"13.4"}],[{"value":"MY"},{"value":"2006"},{"value":"3.0"},{"value":"36.0"},{"value":"0.0"},{"value":"8.7"}],[{"value":"UK"},{"value":"2007"},{"value":"-6.4"},{"value":"29.0"},{"value":"0.0"},{"value":"25.7"}],[{"value":"AU"},{"value":"2003"},{"value":"-17.6"},{"value":"37.4"},{"value":"0.0"},{"value":"22.6"}],[{"value":"DA"},{"value":"2011"},{"value":"-13.1"},{"value":"27.0"},{"value":"0.0"},{"value":"22.6"}],[{"value":"SW"},{"value":"2014"},{"value":"-34.5"},{"value":"28.9"},{"value":"1.0"},{"value":"16.0"}],[{"value":"SW"},{"value":"2010"},{"value":"-41.7"},{"value":"28.9"},{"value":"0.0"},{"value":"18.0"}],[{"value":"GK"},{"value":"2012"},{"value":"-3.0"},{"value":"26.0"},{"value":"0.0"},{"value":"33.4"}],[{"value":"NL"},{"value":"2006"},{"value":"-10.0"},{"value":"37.0"},{"value":"0.0"},{"value":"35.5"}],[{"value":"GK"},{"value":"2011"},{"value":"1.0"},{"value":"28.0"},{"value":"0.0"},{"value":"19.0"}],[{"value":"CH"},{"value":"2008"},{"value":"12.0"},{"value":"33.0"},{"value":"0.0"},{"value":"16.0"}],[{"value":"GK"},{"value":"2009"},{"value":"-3.0"},{"value":"28.0"},{"value":"0.0"},{"value":"18.5"}],[{"value":"GM"},{"value":"2008"},{"value":"-7.0"},{"value":"31.0"},{"value":"0.0"},{"value":"15.9"}],[{"value":"CA"},{"value":"2006"},{"value":"-43.0"},{"value":"35.9"},{"value":"0.0"},{"value":"31.4"}],[{"value":"IT"},{"value":"2010"},{"value":"-8.0"},{"value":"21.0"},{"value":"0.0"},{"value":"20.6"}],[{"value":"IT"},{"value":"2004"},{"value":"-7.0"},{"value":"27.0"},{"value":"0.0"},{"value":"18.5"}],[{"value":"AU"},{"value":"2009"},{"value":"-16.8"},{"value":"33.0"},{"value":"0.0"},{"value":"13.9"}],[{"value":"NL"},{"value":"2010"},{"value":"-15.0"},{"value":"35.0"},{"value":"0.0"},{"value":"28.3"}],[{"value":"AS"},{"value":"2004"},{"value":"1.6"},{"value":"44.1"},{"value":"0.0"},{"value":"14.0"}],[{"value":"IT"},{"value":"2007"},{"value":"-6.0"},{"value":"26.0"},{"value":"0.0"},{"value":"18.5"}],[{"value":"FR"},{"value":"2012"},{"value":"-16.6"},{"value":"39.0"},{"value":"0.0"},{"value":"15.9"}],[{"value":"UK"},{"value":"2008"},{"value":"-8.0"},{"value":"28.4"},{"value":"0.0"},{"value":"24.2"}],[{"value":"FR"},{"value":"2009"},{"value":"-11.1"},{"value":"40.0"},{"value":"0.0"},{"value":"19.0"}],[{"value":"GP"},{"value":"2007"},{"value":"2.4"},{"value":"3.7"},{"value":"2.6"},{"value":"6.2"}],[{"value":"UK"},{"value":"2010"},{"value":"-17.0"},{"value":"30.4"},{"value":"0.0"},{"value":"19.0"}],[{"value":"AU"},{"value":"2007"},{"value":"-10.4"},{"value":"36.0"},{"value":"0.0"},{"value":"13.4"}],[{"value":"AS"},{"value":"2010"},{"value":"0.1"},{"value":"42.2"},{"value":"0.0"},{"value":"13.4"}],[{"value":"NO"},{"value":"2004"},{"value":"-31.0"},{"value":"28.2"},{"value":"0.0"},{"value":"32.0"}],[{"value":"RS"},{"value":"2007"},{"value":"-30.5"},{"value":"31.0"},{"value":"0.0"},{"value":"21.0"}],[{"value":"RS"},{"value":"2009"},{"value":"-30.9"},{"value":"31.4"},{"value":"0.0"},{"value":"18.0"}],[{"value":"NL"},{"value":"2007"},{"value":"-10.0"},{"value":"31.0"},{"value":"0.0"},{"value":"28.8"}],[{"value":"SC"},{"value":"2005"},{"value":"19.0"},{"value":"33.2"},{"value":"0.0"},{"value":"28.3"}],[{"value":"CA"},{"value":"2007"},{"value":"-42.0"},{"value":"36.0"},{"value":"0.0"},{"value":"23.7"}],[{"value":"LU"},{"value":"2007"},{"value":"-8.0"},{"value":"31.0"},{"value":"0.0"},{"value":"17.0"}],[{"value":"FR"},{"value":"2011"},{"value":"-9.0"},{"value":"37.8"},{"value":"0.0"},{"value":"19.5"}],[{"value":"LU"},{"value":"2014"},{"value":"-10.0"},{"value":"32.1"},{"value":"0.0"},{"value":"13.4"}],[{"value":"MY"},{"value":"2005"},{"value":"22.0"},{"value":"36.0"},{"value":"0.0"},{"value":"10.3"}],[{"value":"NO"},{"value":"2010"},{"value":"-42.1"},{"value":"25.6"},{"value":"0.0"},{"value":"30.9"}],[{"value":"BE"},{"value":"2004"},{"value":"-10.2"},{"value":"32.0"},{"value":"0.0"},{"value":"25.0"}],[{"value":"SW"},{"value":"2004"},{"value":"-37.6"},{"value":"28.1"},{"value":"0.0"},{"value":"19.0"}],[{"value":"SW"},{"value":"2011"},{"value":"-41.6"},{"value":"29.9"},{"value":"0.0"},{"value":"19.0"}],[{"value":"PL"},{"value":"2012"},{"value":"-27.0"},{"value":"34.0"},{"value":"0.0"},{"value":"13.4"}],[{"value":"JA"},{"value":"2009"},{"value":"-0.2"},{"value":"35.0"},{"value":"0.0"},{"value":"26.7"}],[{"value":"AM"},{"value":"2008"},{"value":"-27.0"},{"value":"40.0"},{"value":"0.0"},{"value":"13.0"}],[{"value":"LU"},{"value":"2003"},{"value":"-13.0"},{"value":"37.4"},{"value":"0.0"},{"value":"16.5"}],[{"value":"AS"},{"value":"2005"},{"value":"2.6"},{"value":"43.4"},{"value":"0.0"},{"value":"12.9"}],[{"value":"UK"},{"value":"2013"},{"value":"-13.0"},{"value":"33.1"},{"value":"0.0"},{"value":"20.1"}],[{"value":"CH"},{"value":"2007"},{"value":"10.0"},{"value":"34.0"},{"value":"0.0"},{"value":"15.0"}],[{"value":"SW"},{"value":"2007"},{"value":"-36.7"},{"value":"29.9"},{"value":"0.0"},{"value":"19.0"}],[{"value":"AU"},{"value":"2011"},{"value":"-15.0"},{"value":"35.0"},{"value":"0.0"},{"value":"15.9"}],[{"value":"SF"},{"value":"2012"},{"value":"2.2"},{"value":"36.0"},{"value":"0.0"},{"value":"10.3"}],[{"value":"AU"},{"value":"2014"},{"value":"-11.0"},{"value":"34.0"},{"value":"0.0"},{"value":"16.5"}],[{"value":"BE"},{"value":"2014"},{"value":"-7.0"},{"value":"33.1"},{"value":"0.0"},{"value":"16.0"}],[{"value":"CA"},{"value":"2009"},{"value":"-45.0"},{"value":"35.0"},{"value":"0.0"},{"value":"20.6"}],[{"value":"IT"},{"value":"2013"},{"value":"-11.8"},{"value":"24.0"},{"value":"0.0"},{"value":"21.6"}],[{"value":"SF"},{"value":"2005"},{"value":"6.1"},{"value":"38.2"},{"value":"0.0"},{"value":"11.8"}],[{"value":"CA"},{"value":"2013"},{"value":"-44.0"},{"value":"33.8"},{"value":"0.0"},{"value":"23.1"}],[{"value":"SF"},{"value":"2010"},{"value":"3.1"},{"value":"37.8"},{"value":"0.0"},{"value":"10.3"}],[{"value":"BE"},{"value":"2003"},{"value":"-11.3"},{"value":"36.3"},{"value":"0.0"},{"value":"19.0"}],[{"value":"MY"},{"value":"2013"},{"value":"22.0"},{"value":"34.0"},{"value":"0.0"},{"value":"10.3"}],[{"value":"AS"},{"value":"2014"},{"value":"0.9"},{"value":"45.6"},{"value":"0.0"},{"value":"14.4"}],[{"value":"US"},{"value":"2013"},{"value":"-44.0"},{"value":"45.5"},{"value":"0.0"},{"value":"24.7"}],[{"value":"FI"},{"value":"2005"},{"value":"-25.0"},{"value":"28.0"},{"value":"0.0"},{"value":"13.4"}],[{"value":"SC"},{"value":"2010"},{"value":"21.0"},{"value":"32.0"},{"value":"0.0"},{"value":"28.8"}],[{"value":"JA"},{"value":"2008"},{"value":"-0.7"},{"value":"33.7"},{"value":"0.0"},{"value":"29.8"}],[{"value":"AS"},{"value":"2006"},{"value":"1.1"},{"value":"44.8"},{"value":"0.0"},{"value":"15.9"}],[{"value":"NO"},{"value":"2005"},{"value":"-34.2"},{"value":"28.2"},{"value":"0.0"},{"value":"32.4"}],[{"value":"FR"},{"value":"2006"},{"value":"-10.0"},{"value":"36.4"},{"value":"0.0"},{"value":"15.9"}],[{"value":"SF"},{"value":"2006"},{"value":"6.3"},{"value":"37.6"},{"value":"0.0"},{"value":"13.4"}],[{"value":"FI"},{"value":"2013"},{"value":"-32.7"},{"value":"29.9"},{"value":"0.0"},{"value":"20.0"}],[{"value":"SF"},{"value":"2011"},{"value":"2.3"},{"value":"34.9"},{"value":"0.0"},{"value":"12.3"}],[{"value":"AM"},{"value":"2011"},{"value":"-16.0"},{"value":"42.0"},{"value":"0.0"},{"value":"14.0"}],[{"value":"AU"},{"value":"2010"},{"value":"-13.6"},{"value":"35.0"},{"value":"0.0"},{"value":"14.9"}],[{"value":"GM"},{"value":"2012"},{"value":"-19.0"},{"value":"34.0"},{"value":"0.0"},{"value":"13.9"}],[{"value":"PO"},{"value":"2008"},{"value":"0.6"},{"value":"32.0"},{"value":"0.0"},{"value":"15.4"}],[{"value":"UK"},{"value":"2011"},{"value":"-5.2"},{"value":"32.0"},{"value":"0.0"},{"value":"26.7"}],[{"value":"JA"},{"value":"2005"},{"value":"0.2"},{"value":"33.2"},{"value":"0.0"},{"value":"31.9"}],[{"value":"LU"},{"value":"2009"},{"value":"-15.0"},{"value":"34.0"},{"value":"0.0"},{"value":"15.0"}],[{"value":"GK"},{"value":"2004"},{"value":"-1.0"},{"value":"27.0"},{"value":"0.0"},{"value":"26.0"}],[{"value":"NO"},{"value":"2008"},{"value":"-30.9"},{"value":"30.4"},{"value":"0.0"},{"value":"28.0"}],[{"value":"CA"},{"value":"2010"},{"value":"-43.2"},{"value":"34.0"},{"value":"0.0"},{"value":"25.7"}],[{"value":"US"},{"value":"2003"},{"value":"-44.0"},{"value":"41.0"},{"value":"0.0"},{"value":"35.0"}],[{"value":"FI"},{"value":"2004"},{"value":"-25.0"},{"value":"25.0"},{"value":"0.0"},{"value":"12.9"}],[{"value":"EZ"},{"value":"2003"},{"value":"-16.0"},{"value":"37.0"},{"value":"0.0"},{"value":"16.5"}],[{"value":"SF"},{"value":"2007"},{"value":"4.2"},{"value":"38.0"},{"value":"0.0"},{"value":"7.7"}],[{"value":"SF"},{"value":"2013"},{"value":"1.5"},{"value":"36.1"},{"value":"0.0"},{"value":"8.2"}],[{"value":"CH"},{"value":"2004"},{"value":"14.0"},{"value":"33.0"},{"value":"0.0"},{"value":"10.0"}],[{"value":"NL"},{"value":"2014"},{"value":"-9.0"},{"value":"35.0"},{"value":"0.0"},{"value":"27.3"}],[{"value":"RS"},{"value":"2011"},{"value":"-33.0"},{"value":"32.0"},{"value":"0.0"},{"value":"12.0"}],[{"value":"MY"},{"value":"2003"},{"value":"23.0"},{"value":"39.0"},{"value":"0.0"},{"value":"11.3"}],[{"value":"DA"},{"value":"2008"},{"value":"-9.4"},{"value":"30.4"},{"value":"0.0"},{"value":"20.6"}],[{"value":"PL"},{"value":"2006"},{"value":"-29.0"},{"value":"33.1"},{"value":"0.0"},{"value":"25.7"}],[{"value":"PL"},{"value":"2005"},{"value":"-21.0"},{"value":"33.4"},{"value":"0.0"},{"value":"20.6"}],[{"value":"US"},{"value":"2010"},{"value":"-39.4"},{"value":"44.2"},{"value":"0.0"},{"value":"26.7"}],[{"value":"GP"},{"value":"2006"},{"value":"21.8"},{"value":"32.2"},{"value":"0.0"},{"value":"18.0"}],[{"value":"AS"},{"value":"2009"},{"value":"1.8"},{"value":"44.6"},{"value":"0.0"},{"value":"17.0"}],[{"value":"PL"},{"value":"2010"},{"value":"-24.0"},{"value":"35.0"},{"value":"0.0"},{"value":"13.4"}],[{"value":"AM"},{"value":"2005"},{"value":"-19.0"},{"value":"39.0"},{"value":"0.0"},{"value":"14.0"}],[{"value":"US"},{"value":"2012"},{"value":"-49.0"},{"value":"44.7"},{"value":"0.0"},{"value":"22.6"}],[{"value":"SC"},{"value":"2011"},{"value":"20.0"},{"value":"32.0"},{"value":"0.0"},{"value":"14.0"}],[{"value":"NL"},{"value":"2011"},{"value":"-8.2"},{"value":"34.0"},{"value":"0.0"},{"value":"31.4"}],[{"value":"FI"},{"value":"2006"},{"value":"-31.0"},{"value":"27.0"},{"value":"0.0"},{"value":"12.0"}],[{"value":"AM"},{"value":"2014"},{"value":"-19.0"},{"value":"39.0"},{"value":"0.0"},{"value":"16.0"}],[{"value":"EZ"},{"value":"2009"},{"value":"-17.0"},{"value":"33.0"},{"value":"0.0"},{"value":"18.5"}],[{"value":"SC"},{"value":"2013"},{"value":"20.0"},{"value":"33.0"},{"value":"0.0"},{"value":"24.7"}],[{"value":"NL"},{"value":"2012"},{"value":"-18.4"},{"value":"35.0"},{"value":"0.0"},{"value":"28.8"}],[{"value":"EZ"},{"value":"2014"},{"value":"-15.0"},{"value":"33.0"},{"value":"0.0"},{"value":"16.5"}],[{"value":"DA"},{"value":"2012"},{"value":"-19.4"},{"value":"30.0"},{"value":"0.0"},{"value":"17.5"}],[{"value":"PL"},{"value":"2007"},{"value":"-12.0"},{"value":"35.0"},{"value":"0.0"},{"value":"18.0"}],[{"value":"US"},{"value":"2009"},{"value":"-46.0"},{"value":"41.6"},{"value":"0.0"},{"value":"31.9"}],[{"value":"EZ"},{"value":"2004"},{"value":"-20.1"},{"value":"31.2"},{"value":"0.0"},{"value":"17.0"}],[{"value":"LU"},{"value":"2013"},{"value":"-11.0"},{"value":"33.0"},{"value":"0.0"},{"value":"12.4"}],[{"value":"UK"},{"value":"2003"},{"value":"-7.2"},{"value":"37.4"},{"value":"0.0"},{"value":"22.0"}],[{"value":"PL"},{"value":"2003"},{"value":"-21.0"},{"value":"33.5"},{"value":"0.0"},{"value":"23.0"}],[{"value":"IC"},{"value":"2006"},{"value":"-11.0"},{"value":"18.0"},{"value":"0.0"},{"value":"39.0"}],[{"value":"FR"},{"value":"2010"},{"value":"-13.3"},{"value":"36.1"},{"value":"0.0"},{"value":"17.5"}],[{"value":"IT"},{"value":"2009"},{"value":"-8.0"},{"value":"25.0"},{"value":"0.0"},{"value":"20.6"}],[{"value":"IT"},{"value":"2003"},{"value":"-9.0"},{"value":"30.0"},{"value":"0.0"},{"value":"25.0"}],[{"value":"NO"},{"value":"2009"},{"value":"-35.7"},{"value":"28.4"},{"value":"0.0"},{"value":"35.0"}],[{"value":"GK"},{"value":"2013"},{"value":"-1.5"},{"value":"26.0"},{"value":"0.0"},{"value":"20.1"}],[{"value":"EZ"},{"value":"2005"},{"value":"-15.0"},{"value":"35.0"},{"value":"0.0"},{"value":"19.0"}],[{"value":"CA"},{"value":"2004"},{"value":"-44.0"},{"value":"32.2"},{"value":"0.0"},{"value":"32.4"}],[{"value":"FR"},{"value":"2007"},{"value":"-13.7"},{"value":"34.4"},{"value":"0.0"},{"value":"18.0"}],[{"value":"NO"},{"value":"2006"},{"value":"-33.6"},{"value":"29.4"},{"value":"0.0"},{"value":"31.0"}],[{"value":"NL"},{"value":"2013"},{"value":"-14.4"},{"value":"35.0"},{"value":"0.0"},{"value":"37.1"}],[{"value":"IC"},{"value":"2007"},{"value":"-10.0"},{"value":"18.0"},{"value":"0.0"},{"value":"30.9"}],[{"value":"US"},{"value":"2007"},{"value":"-45.0"},{"value":"41.7"},{"value":"0.0"},{"value":"36.0"}],[{"value":"DA"},{"value":"2007"},{"value":"-15.0"},{"value":"31.0"},{"value":"0.0"},{"value":"21.6"}],[{"value":"PO"},{"value":"2005"},{"value":"-1.7"},{"value":"38.0"},{"value":"0.0"},{"value":"14.4"}],[{"value":"CH"},{"value":"2011"},{"value":"12.0"},{"value":"34.0"},{"value":"0.0"},{"value":"16.0"}],[{"value":"AS"},{"value":"2012"},{"value":"0.1"},{"value":"43.6"},{"value":"0.0"},{"value":"13.9"}],[{"value":"GM"},{"value":"2006"},{"value":"-10.4"},{"value":"34.0"},{"value":"0.0"},{"value":"12.9"}],[{"value":"BE"},{"value":"2012"},{"value":"-17.0"},{"value":"35.0"},{"value":"0.0"},{"value":"16.0"}],[{"value":"RS"},{"value":"2010"},{"value":"-32.3"},{"value":"36.0"},{"value":"0.0"},{"value":"10.0"}],[{"value":"GM"},{"value":"2014"},{"value":"-9.0"},{"value":"31.0"},{"value":"0.0"},{"value":"13.4"}],[{"value":"GP"},{"value":"2010"},{"value":"23.8"},{"value":"31.6"},{"value":"1.0"},{"value":"11.8"}],[{"value":"JA"},{"value":"2014"},{"value":"-0.5"},{"value":"33.9"},{"value":"0.0"},{"value":"19.6"}],[{"value":"NO"},{"value":"2014"},{"value":"-35.7"},{"value":"32.0"},{"value":"0.0"},{"value":"35.5"}],[{"value":"RS"},{"value":"2013"},{"value":"-35.3"},{"value":"32.0"},{"value":"0.0"},{"value":"13.0"}],[{"value":"NL"},{"value":"2009"},{"value":"-17.9"},{"value":"34.8"},{"value":"0.0"},{"value":"27.8"}],[{"value":"JA"},{"value":"2007"},{"value":"-0.4"},{"value":"34.5"},{"value":"0.0"},{"value":"36.5"}],[{"value":"SW"},{"value":"2012"},{"value":"-42.7"},{"value":"26.3"},{"value":"0.0"},{"value":"18.0"}],[{"value":"IC"},{"value":"2008"},{"value":"-13.0"},{"value":"22.0"},{"value":"0.0"},{"value":"31.9"}],[{"value":"FR"},{"value":"2008"},{"value":"-8.0"},{"value":"34.5"},{"value":"0.0"},{"value":"18.0"}],[{"value":"CH"},{"value":"2010"},{"value":"12.0"},{"value":"34.0"},{"value":"0.0"},{"value":"20.0"}],[{"value":"UK"},{"value":"2012"},{"value":"-14.0"},{"value":"30.0"},{"value":"0.0"},{"value":"23.1"}],[{"value":"EZ"},{"value":"2010"},{"value":"-20.1"},{"value":"34.1"},{"value":"0.0"},{"value":"16.5"}],[{"value":"DA"},{"value":"2009"},{"value":"-15.0"},{"value":"32.0"},{"value":"0.0"},{"value":"20.6"}],[{"value":"DA"},{"value":"2004"},{"value":"-14.0"},{"value":"30.0"},{"value":"0.0"},{"value":"16.5"}],[{"value":"GM"},{"value":"2010"},{"value":"-13.0"},{"value":"34.0"},{"value":"0.0"},{"value":"17.0"}],[{"value":"BE"},{"value":"2005"},{"value":"-10.1"},{"value":"35.0"},{"value":"0.0"},{"value":"23.1"}],[{"value":"PO"},{"value":"2011"},{"value":"-1.0"},{"value":"33.5"},{"value":"0.0"},{"value":"15.4"}],[{"value":"NL"},{"value":"2005"},{"value":"-16.0"},{"value":"34.4"},{"value":"0.0"},{"value":"38.1"}],[{"value":"IT"},{"value":"2011"},{"value":"-5.2"},{"value":"25.0"},{"value":"0.0"},{"value":"19.5"}],[{"value":"SC"},{"value":"2008"},{"value":"20.0"},{"value":"33.0"},{"value":"0.0"},{"value":"26.2"}],[{"value":"IT"},{"value":"2006"},{"value":"-9.0"},{"value":"27.0"},{"value":"0.0"},{"value":"18.0"}],[{"value":"IC"},{"value":"2004"},{"value":"-11.7"},{"value":"27.0"},{"value":"0.0"},{"value":"32.0"}],[{"value":"EZ"},{"value":"2013"},{"value":"-19.0"},{"value":"35.0"},{"value":"0.0"},{"value":"21.6"}],[{"value":"PO"},{"value":"2014"},{"value":"-1.0"},{"value":"32.0"},{"value":"0.0"},{"value":"15.4"}],[{"value":"FR"},{"value":"2005"},{"value":"-12.4"},{"value":"37.0"},{"value":"0.0"},{"value":"15.9"}],[{"value":"CH"},{"value":"2005"},{"value":"10.0"},{"value":"33.0"},{"value":"0.0"},{"value":"26.0"}],[{"value":"IC"},{"value":"2012"},{"value":"-7.0"},{"value":"19.0"},{"value":"0.0"},{"value":"29.0"}],[{"value":"NO"},{"value":"2013"},{"value":"-35.4"},{"value":"28.0"},{"value":"0.0"},{"value":"39.1"}],[{"value":"GM"},{"value":"2011"},{"value":"-10.0"},{"value":"30.0"},{"value":"0.0"},{"value":"15.4"}],[{"value":"LU"},{"value":"2010"},{"value":"-12.0"},{"value":"35.0"},{"value":"0.0"},{"value":"17.5"}],[{"value":"MY"},{"value":"2014"},{"value":"19.0"},{"value":"36.0"},{"value":"0.0"},{"value":"9.8"}],[{"value":"PL"},{"value":"2009"},{"value":"-22.0"},{"value":"32.1"},{"value":"0.0"},{"value":"15.4"}],[{"value":"UK"},{"value":"2014"},{"value":"-6.0"},{"value":"30.4"},{"value":"0.0"},{"value":"20.6"}],[{"value":"RS"},{"value":"2014"},{"value":"-28.9"},{"value":"30.5"},{"value":"0.0"},{"value":"11.0"}],[{"value":"US"},{"value":"2014"},{"value":"-37.2"},{"value":"41.2"},{"value":"0.0"},{"value":"31.0"}],[{"value":"GM"},{"value":"2013"},{"value":"-10.0"},{"value":"32.0"},{"value":"0.0"},{"value":"14.4"}],[{"value":"SW"},{"value":"2008"},{"value":"-36.1"},{"value":"29.9"},{"value":"0.0"},{"value":"21.0"}],[{"value":"US"},{"value":"2008"},{"value":"-42.2"},{"value":"41.9"},{"value":"0.0"},{"value":"26.7"}],[{"value":"GM"},{"value":"2004"},{"value":"-10.2"},{"value":"30.0"},{"value":"0.0"},{"value":"16.5"}],[{"value":"FI"},{"value":"2011"},{"value":"-34.4"},{"value":"30.7"},{"value":"0.0"},{"value":"21.0"}],[{"value":"US"},{"value":"2011"},{"value":"-44.0"},{"value":"46.4"},{"value":"0.0"},{"value":"36.0"}],[{"value":"MY"},{"value":"2007"},{"value":"20.0"},{"value":"35.0"},{"value":"0.0"},{"value":"9.8"}],[{"value":"IC"},{"value":"2003"},{"value":"-9.0"},{"value":"20.0"},{"value":"0.0"},{"value":"30.9"}],[{"value":"SC"},{"value":"2003"},{"value":"21.0"},{"value":"33.0"},{"value":"0.0"},{"value":"23.1"}],[{"value":"US"},{"value":"2004"},{"value":"-46.0"},{"value":"39.3"},{"value":"0.0"},{"value":"28.3"}],[{"value":"AU"},{"value":"2008"},{"value":"-12.0"},{"value":"34.0"},{"value":"0.0"},{"value":"16.0"}],[{"value":"UK"},{"value":"2005"},{"value":"-8.0"},{"value":"32.4"},{"value":"0.0"},{"value":"37.0"}],[{"value":"BE"},{"value":"2008"},{"value":"-8.0"},{"value":"31.0"},{"value":"0.0"},{"value":"16.5"}],[{"value":"NO"},{"value":"2012"},{"value":"-33.0"},{"value":"24.8"},{"value":"0.0"},{"value":"39.6"}],[{"value":"IC"},{"value":"2009"},{"value":"-9.0"},{"value":"19.0"},{"value":"0.0"},{"value":"25.7"}],[{"value":"PO"},{"value":"2012"},{"value":"-2.0"},{"value":"37.0"},{"value":"0.0"},{"value":"13.9"}],[{"value":"UK"},{"value":"2004"},{"value":"-6.1"},{"value":"31.0"},{"value":"0.0"},{"value":"32.0"}],[{"value":"AM"},{"value":"2006"},{"value":"-24.0"},{"value":"41.0"},{"value":"0.0"},{"value":"13.0"}],[{"value":"BE"},{"value":"2013"},{"value":"-12.0"},{"value":"35.0"},{"value":"0.0"},{"value":"16.5"}],[{"value":"BE"},{"value":"2007"},{"value":"-8.3"},{"value":"33.0"},{"value":"0.0"},{"value":"21.1"}],[{"value":"SW"},{"value":"2005"},{"value":"-33.6"},{"value":"28.6"},{"value":"0.0"},{"value":"18.0"}],[{"value":"SW"},{"value":"2006"},{"value":"-37.7"},{"value":"29.4"},{"value":"0.0"},{"value":"17.0"}],[{"value":"AM"},{"value":"2012"},{"value":"-22.0"},{"value":"39.0"},{"value":"0.0"},{"value":"12.0"}],[{"value":"AM"},{"value":"2009"},{"value":"-20.0"},{"value":"37.0"},{"value":"0.0"},{"value":"13.0"}],[{"value":"FI"},{"value":"2007"},{"value":"-29.0"},{"value":"26.7"},{"value":"0.0"},{"value":"14.4"}],[{"value":"DA"},{"value":"2010"},{"value":"-17.4"},{"value":"31.2"},{"value":"0.0"},{"value":"14.9"}],[{"value":"LU"},{"value":"2005"},{"value":"-13.0"},{"value":"32.0"},{"value":"0.0"},{"value":"13.4"}],[{"value":"NO"},{"value":"2003"},{"value":"-30.5"},{"value":"30.0"},{"value":"0.0"},{"value":"81.0"}],[{"value":"RS"},{"value":"2006"},{"value":"-38.0"},{"value":"30.6"},{"value":"0.0"},{"value":"11.0"}],[{"value":"DA"},{"value":"2014"},{"value":"-9.0"},{"value":"30.2"},{"value":"0.0"},{"value":"17.0"}],[{"value":"RS"},{"value":"2003"},{"value":"-34.5"},{"value":"31.0"},{"value":"0.0"},{"value":"14.0"}],[{"value":"MY"},{"value":"2009"},{"value":"21.0"},{"value":"34.0"},{"value":"0.0"},{"value":"8.7"}],[{"value":"AM"},{"value":"2004"},{"value":"-16.0"},{"value":"39.0"},{"value":"0.0"},{"value":"13.0"}],[{"value":"DA"},{"value":"2005"},{"value":"-12.3"},{"value":"29.1"},{"value":"0.0"},{"value":"21.6"}],[{"value":"IT"},{"value":"2012"},{"value":"-13.0"},{"value":"27.0"},{"value":"0.0"},{"value":"18.0"}],[{"value":"NL"},{"value":"2003"},{"value":"-14.3"},{"value":"36.0"},{"value":"0.0"},{"value":"33.4"}],[{"value":"FI"},{"value":"2008"},{"value":"-23.0"},{"value":"25.7"},{"value":"0.0"},{"value":"26.0"}],[{"value":"IC"},{"value":"2013"},{"value":"-11.0"},{"value":"19.0"},{"value":"0.0"},{"value":"25.0"}],[{"value":"AS"},{"value":"2003"},{"value":"0.3"},{"value":"45.8"},{"value":"0.0"},{"value":"14.4"}],[{"value":"IT"},{"value":"2008"},{"value":"-6.2"},{"value":"23.0"},{"value":"0.0"},{"value":"16.4"}],[{"value":"GP"},{"value":"2005"},{"value":"21.1"},{"value":"33.4"},{"value":"0.0"},{"value":"29.8"}],[{"value":"SW"},{"value":"2003"},{"value":"-40.2"},{"value":"28.6"},{"value":"0.0"},{"value":"20.0"}],[{"value":"SF"},{"value":"2014"},{"value":"0.9"},{"value":"37.4"},{"value":"0.0"},{"value":"13.4"}],[{"value":"SC"},{"value":"2014"},{"value":"20.0"},{"value":"32.0"},{"value":"0.0"},{"value":"30.4"}],[{"value":"MY"},{"value":"2008"},{"value":"21.0"},{"value":"35.0"},{"value":"0.0"},{"value":"9.3"}],[{"value":"SF"},{"value":"2009"},{"value":"2.8"},{"value":"38.2"},{"value":"0.0"},{"value":"9.8"}],[{"value":"MY"},{"value":"2011"},{"value":"21.0"},{"value":"34.0"},{"value":"0.0"},{"value":"10.8"}],[{"value":"IC"},{"value":"2011"},{"value":"-14.0"},{"value":"17.2"},{"value":"0.0"},{"value":"31.9"}],[{"value":"EZ"},{"value":"2006"},{"value":"-17.0"},{"value":"34.0"},{"value":"0.0"},{"value":"18.0"}],[{"value":"CH"},{"value":"2012"},{"value":"14.0"},{"value":"34.0"},{"value":"0.0"},{"value":"22.0"}],[{"value":"CA"},{"value":"2011"},{"value":"-45.0"},{"value":"34.7"},{"value":"0.0"},{"value":"24.7"}],[{"value":"AS"},{"value":"2008"},{"value":"1.0"},{"value":"43.2"},{"value":"0.0"},{"value":"14.9"}],[{"value":"CH"},{"value":"2014"},{"value":"11.0"},{"value":"34.0"},{"value":"0.0"},{"value":"15.0"}],[{"value":"FR"},{"value":"2004"},{"value":"-7.2"},{"value":"37.0"},{"value":"0.0"},{"value":"29.0"}],[{"value":"GK"},{"value":"2010"},{"value":"-2.0"},{"value":"24.2"},{"value":"0.0"},{"value":"18.5"}],[{"value":"JA"},{"value":"2003"},{"value":"-0.7"},{"value":"34.2"},{"value":"0.0"},{"value":"21.6"}],[{"value":"LU"},{"value":"2011"},{"value":"-7.2"},{"value":"33.0"},{"value":"0.0"},{"value":"15.4"}],[{"value":"LU"},{"value":"2012"},{"value":"-15.0"},{"value":"35.0"},{"value":"0.0"},{"value":"13.9"}],[{"value":"AU"},{"value":"2005"},{"value":"-18.9"},{"value":"35.2"},{"value":"0.0"},{"value":"11.8"}],[{"value":"RS"},{"value":"2005"},{"value":"-27.0"},{"value":"29.0"},{"value":"0.0"},{"value":"12.0"}],[{"value":"AU"},{"value":"2012"},{"value":"-18.0"},{"value":"34.2"},{"value":"0.0"},{"value":"15.4"}],[{"value":"MY"},{"value":"2010"},{"value":"23.0"},{"value":"37.0"},{"value":"0.0"},{"value":"9.8"}],[{"value":"IC"},{"value":"2014"},{"value":"-7.0"},{"value":"18.0"},{"value":"0.0"},{"value":"29.3"}],[{"value":"BE"},{"value":"2009"},{"value":"-15.4"},{"value":"34.2"},{"value":"0.0"},{"value":"16.0"}],[{"value":"AU"},{"value":"2006"},{"value":"-19.4"},{"value":"34.0"},{"value":"0.0"},{"value":"12.3"}],[{"value":"GK"},{"value":"2006"},{"value":"0.0"},{"value":"30.0"},{"value":"0.0"},{"value":"18.0"}],[{"value":"JA"},{"value":"2006"},{"value":"-0.1"},{"value":"34.8"},{"value":"0.0"},{"value":"38.6"}],[{"value":"GM"},{"value":"2009"},{"value":"-18.0"},{"value":"32.0"},{"value":"0.0"},{"value":"13.0"}],[{"value":"GK"},{"value":"2014"},{"value":"2.0"},{"value":"24.0"},{"value":"0.0"},{"value":"21.1"}],[{"value":"CH"},{"value":"2013"},{"value":"13.0"},{"value":"34.0"},{"value":"0.0"},{"value":"22.0"}],[{"value":"SC"},{"value":"2007"},{"value":"22.0"},{"value":"33.0"},{"value":"0.0"},{"value":"15.4"}],[{"value":"PO"},{"value":"2009"},{"value":"-1.4"},{"value":"36.0"},{"value":"0.0"},{"value":"17.5"}]],"columnNames":[{"name":"Country","index":0,"aggr":"sum"},{"name":"Year","index":1,"aggr":"sum"},{"name":"TempMin","index":2,"aggr":"sum"},{"name":"TempMax","index":3,"aggr":"sum"},{"name":"WindMin","index":4,"aggr":"sum"},{"name":"WindMax","index":5,"aggr":"sum"}],"rows":[["RS","2008","-27.6","31.2","0.0","12.0"],["BE","2011","-6.3","35.0","0.0","15.9"],["US","2005","-49.0","43.0","0.0","33.4"],["SW","2013","-36.7","26.3","0.0","17.0"],["GM","2007","-10.0","31.0","0.0","15.9"],["GP","2004","22.5","37.6","0.0","29.8"],["GK","2003","-2.0","34.0","0.0","23.0"],["CA","2014","-43.6","35.9","0.0","26.8"],["UK","2006","-8.4","35.0","0.0","22.6"],["JA","2010","-0.2","34.0","0.0","32.9"],["AU","2013","-12.3","37.4","0.0","17.5"],["FI","2012","-34.7","29.9","0.0","17.0"],["PO","2006","-1.0","37.0","0.0","16.5"],["NO","2007","-35.0","29.0","0.0","26.0"],["GK","2007","-0.4","23.0","0.0","22.1"],["SF","2004","5.6","38.4","0.0","8.7"],["SC","2009","20.0","33.0","0.0","25.2"],["DA","2013","-16.7","33.0","0.0","24.2"],["EZ","2007","-9.0","35.2","0.0","26.2"],["PL","2011","-18.0","33.0","0.0","13.9"],["LU","2008","-7.0","31.4","0.0","14.9"],["IT","2014","-6.8","24.0","0.0","20.6"],["NL","2004","-10.1","33.0","0.0","28.3"],["PO","2004","0.0","34.0","0.0","17.0"],["SF","2008","3.3","39.8","0.0","11.3"],["AM","2013","-19.0","38.0","0.0","14.0"],["GM","2003","-15.3","36.0","0.0","16.5"],["SF","2003","5.1","39.6","0.0","7.7"],["SC","2012","21.0","36.0","0.0","26.2"],["CA","2012","-40.2","36.0","0.0","27.3"],["LU","2006","-9.0","35.3","0.0","14.9"],["IC","2005","-7.8","19.0","0.0","30.0"],["JA","2013","-0.3","34.5","0.0","38.0"],["PO","2007","-1.0","35.0","0.0","13.9"],["SC","2006","20.0","32.0","0.0","20.6"],["UK","2009","-9.0","30.2","0.0","24.2"],["FR","2014","-9.0","36.1","0.0","16.5"],["GP","2003","23.2","32.0","0.0","16.4"],["EZ","2011","-15.0","32.0","0.0","17.0"],["AS","2007","1.1","42.9","0.0","13.4"],["RS","2012","-37.0","32.0","0.0","12.0"],["FR","2013","-8.0","38.1","0.0","16.5"],["PL","2013","-18.0","37.2","0.0","16.0"],["FR","2003","-13.9","39.1","0.0","19.0"],["CA","2005","-47.0","33.2","0.0","35.5"],["LU","2004","-8.4","31.0","0.0","13.9"],["AM","2010","-11.0","41.0","0.0","14.0"],["JA","2012","-1.5","33.0","0.0","33.4"],["GP","2008","16.1","16.1","5.7","5.7"],["CA","2008","-47.0","35.0","0.0","36.5"],["PL","2008","-14.0","30.0","0.0","25.7"],["CH","2006","0.0","35.0","0.0","13.0"],["FI","2009","-25.7","26.0","0.0","18.0"],["NL","2008","-12.0","32.5","0.0","31.4"],["PO","2003","-2.0","39.0","0.0","20.0"],["SC","2004","21.0","33.0","0.0","20.6"],["GM","2005","-14.0","31.0","0.0","14.4"],["BE","2006","-8.1","36.1","0.0","19.0"],["FI","2010","-31.6","32.6","0.0","17.0"],["AS","2011","-0.8","45.2","0.0","11.3"],["FI","2014","-28.6","30.3","0.0","18.0"],["PO","2013","-1.0","38.0","0.0","20.0"],["RS","2004","-33.0","27.0","0.0","11.0"],["EZ","2008","-10.0","31.0","0.0","20.6"],["DA","2006","-14.0","32.7","0.0","14.4"],["MY","2012","23.0","34.0","0.0","9.3"],["FI","2003","-33.0","29.4","0.0","14.4"],["MY","2004","22.0","36.0","0.0","11.8"],["CH","2009","10.0","33.0","0.0","12.0"],["IC","2010","-10.0","19.5","0.0","24.2"],["AM","2007","-24.0","38.0","0.0","13.0"],["US","2006","-43.0","43.6","0.0","37.0"],["JA","2011","-1.4","34.1","0.0","27.3"],["PO","2010","-1.6","38.0","0.0","21.6"],["BE","2010","-12.2","36.0","0.0","19.5"],["PL","2014","-15.0","32.0","0.0","14.9"],["GK","2008","-0.3","24.0","0.0","22.6"],["AS","2013","2.8","47.6","0.0","13.4"],["CA","2003","-40.1","35.8","0.0","27.8"],["NO","2011","-37.8","29.0","0.0","38.6"],["SW","2009","-38.2","28.9","0.0","19.0"],["IT","2005","-13.0","28.0","0.0","17.0"],["DA","2003","-16.0","30.0","0.0","23.0"],["EZ","2012","-22.0","37.3","0.0","19.0"],["GK","2005","-1.3","26.4","0.0","19.0"],["PL","2004","-21.0","32.0","0.0","16.5"],["JA","2004","-1.0","34.2","0.0","32.4"],["AU","2004","-14.4","32.5","0.0","13.4"],["MY","2006","3.0","36.0","0.0","8.7"],["UK","2007","-6.4","29.0","0.0","25.7"],["AU","2003","-17.6","37.4","0.0","22.6"],["DA","2011","-13.1","27.0","0.0","22.6"],["SW","2014","-34.5","28.9","1.0","16.0"],["SW","2010","-41.7","28.9","0.0","18.0"],["GK","2012","-3.0","26.0","0.0","33.4"],["NL","2006","-10.0","37.0","0.0","35.5"],["GK","2011","1.0","28.0","0.0","19.0"],["CH","2008","12.0","33.0","0.0","16.0"],["GK","2009","-3.0","28.0","0.0","18.5"],["GM","2008","-7.0","31.0","0.0","15.9"],["CA","2006","-43.0","35.9","0.0","31.4"],["IT","2010","-8.0","21.0","0.0","20.6"],["IT","2004","-7.0","27.0","0.0","18.5"],["AU","2009","-16.8","33.0","0.0","13.9"],["NL","2010","-15.0","35.0","0.0","28.3"],["AS","2004","1.6","44.1","0.0","14.0"],["IT","2007","-6.0","26.0","0.0","18.5"],["FR","2012","-16.6","39.0","0.0","15.9"],["UK","2008","-8.0","28.4","0.0","24.2"],["FR","2009","-11.1","40.0","0.0","19.0"],["GP","2007","2.4","3.7","2.6","6.2"],["UK","2010","-17.0","30.4","0.0","19.0"],["AU","2007","-10.4","36.0","0.0","13.4"],["AS","2010","0.1","42.2","0.0","13.4"],["NO","2004","-31.0","28.2","0.0","32.0"],["RS","2007","-30.5","31.0","0.0","21.0"],["RS","2009","-30.9","31.4","0.0","18.0"],["NL","2007","-10.0","31.0","0.0","28.8"],["SC","2005","19.0","33.2","0.0","28.3"],["CA","2007","-42.0","36.0","0.0","23.7"],["LU","2007","-8.0","31.0","0.0","17.0"],["FR","2011","-9.0","37.8","0.0","19.5"],["LU","2014","-10.0","32.1","0.0","13.4"],["MY","2005","22.0","36.0","0.0","10.3"],["NO","2010","-42.1","25.6","0.0","30.9"],["BE","2004","-10.2","32.0","0.0","25.0"],["SW","2004","-37.6","28.1","0.0","19.0"],["SW","2011","-41.6","29.9","0.0","19.0"],["PL","2012","-27.0","34.0","0.0","13.4"],["JA","2009","-0.2","35.0","0.0","26.7"],["AM","2008","-27.0","40.0","0.0","13.0"],["LU","2003","-13.0","37.4","0.0","16.5"],["AS","2005","2.6","43.4","0.0","12.9"],["UK","2013","-13.0","33.1","0.0","20.1"],["CH","2007","10.0","34.0","0.0","15.0"],["SW","2007","-36.7","29.9","0.0","19.0"],["AU","2011","-15.0","35.0","0.0","15.9"],["SF","2012","2.2","36.0","0.0","10.3"],["AU","2014","-11.0","34.0","0.0","16.5"],["BE","2014","-7.0","33.1","0.0","16.0"],["CA","2009","-45.0","35.0","0.0","20.6"],["IT","2013","-11.8","24.0","0.0","21.6"],["SF","2005","6.1","38.2","0.0","11.8"],["CA","2013","-44.0","33.8","0.0","23.1"],["SF","2010","3.1","37.8","0.0","10.3"],["BE","2003","-11.3","36.3","0.0","19.0"],["MY","2013","22.0","34.0","0.0","10.3"],["AS","2014","0.9","45.6","0.0","14.4"],["US","2013","-44.0","45.5","0.0","24.7"],["FI","2005","-25.0","28.0","0.0","13.4"],["SC","2010","21.0","32.0","0.0","28.8"],["JA","2008","-0.7","33.7","0.0","29.8"],["AS","2006","1.1","44.8","0.0","15.9"],["NO","2005","-34.2","28.2","0.0","32.4"],["FR","2006","-10.0","36.4","0.0","15.9"],["SF","2006","6.3","37.6","0.0","13.4"],["FI","2013","-32.7","29.9","0.0","20.0"],["SF","2011","2.3","34.9","0.0","12.3"],["AM","2011","-16.0","42.0","0.0","14.0"],["AU","2010","-13.6","35.0","0.0","14.9"],["GM","2012","-19.0","34.0","0.0","13.9"],["PO","2008","0.6","32.0","0.0","15.4"],["UK","2011","-5.2","32.0","0.0","26.7"],["JA","2005","0.2","33.2","0.0","31.9"],["LU","2009","-15.0","34.0","0.0","15.0"],["GK","2004","-1.0","27.0","0.0","26.0"],["NO","2008","-30.9","30.4","0.0","28.0"],["CA","2010","-43.2","34.0","0.0","25.7"],["US","2003","-44.0","41.0","0.0","35.0"],["FI","2004","-25.0","25.0","0.0","12.9"],["EZ","2003","-16.0","37.0","0.0","16.5"],["SF","2007","4.2","38.0","0.0","7.7"],["SF","2013","1.5","36.1","0.0","8.2"],["CH","2004","14.0","33.0","0.0","10.0"],["NL","2014","-9.0","35.0","0.0","27.3"],["RS","2011","-33.0","32.0","0.0","12.0"],["MY","2003","23.0","39.0","0.0","11.3"],["DA","2008","-9.4","30.4","0.0","20.6"],["PL","2006","-29.0","33.1","0.0","25.7"],["PL","2005","-21.0","33.4","0.0","20.6"],["US","2010","-39.4","44.2","0.0","26.7"],["GP","2006","21.8","32.2","0.0","18.0"],["AS","2009","1.8","44.6","0.0","17.0"],["PL","2010","-24.0","35.0","0.0","13.4"],["AM","2005","-19.0","39.0","0.0","14.0"],["US","2012","-49.0","44.7","0.0","22.6"],["SC","2011","20.0","32.0","0.0","14.0"],["NL","2011","-8.2","34.0","0.0","31.4"],["FI","2006","-31.0","27.0","0.0","12.0"],["AM","2014","-19.0","39.0","0.0","16.0"],["EZ","2009","-17.0","33.0","0.0","18.5"],["SC","2013","20.0","33.0","0.0","24.7"],["NL","2012","-18.4","35.0","0.0","28.8"],["EZ","2014","-15.0","33.0","0.0","16.5"],["DA","2012","-19.4","30.0","0.0","17.5"],["PL","2007","-12.0","35.0","0.0","18.0"],["US","2009","-46.0","41.6","0.0","31.9"],["EZ","2004","-20.1","31.2","0.0","17.0"],["LU","2013","-11.0","33.0","0.0","12.4"],["UK","2003","-7.2","37.4","0.0","22.0"],["PL","2003","-21.0","33.5","0.0","23.0"],["IC","2006","-11.0","18.0","0.0","39.0"],["FR","2010","-13.3","36.1","0.0","17.5"],["IT","2009","-8.0","25.0","0.0","20.6"],["IT","2003","-9.0","30.0","0.0","25.0"],["NO","2009","-35.7","28.4","0.0","35.0"],["GK","2013","-1.5","26.0","0.0","20.1"],["EZ","2005","-15.0","35.0","0.0","19.0"],["CA","2004","-44.0","32.2","0.0","32.4"],["FR","2007","-13.7","34.4","0.0","18.0"],["NO","2006","-33.6","29.4","0.0","31.0"],["NL","2013","-14.4","35.0","0.0","37.1"],["IC","2007","-10.0","18.0","0.0","30.9"],["US","2007","-45.0","41.7","0.0","36.0"],["DA","2007","-15.0","31.0","0.0","21.6"],["PO","2005","-1.7","38.0","0.0","14.4"],["CH","2011","12.0","34.0","0.0","16.0"],["AS","2012","0.1","43.6","0.0","13.9"],["GM","2006","-10.4","34.0","0.0","12.9"],["BE","2012","-17.0","35.0","0.0","16.0"],["RS","2010","-32.3","36.0","0.0","10.0"],["GM","2014","-9.0","31.0","0.0","13.4"],["GP","2010","23.8","31.6","1.0","11.8"],["JA","2014","-0.5","33.9","0.0","19.6"],["NO","2014","-35.7","32.0","0.0","35.5"],["RS","2013","-35.3","32.0","0.0","13.0"],["NL","2009","-17.9","34.8","0.0","27.8"],["JA","2007","-0.4","34.5","0.0","36.5"],["SW","2012","-42.7","26.3","0.0","18.0"],["IC","2008","-13.0","22.0","0.0","31.9"],["FR","2008","-8.0","34.5","0.0","18.0"],["CH","2010","12.0","34.0","0.0","20.0"],["UK","2012","-14.0","30.0","0.0","23.1"],["EZ","2010","-20.1","34.1","0.0","16.5"],["DA","2009","-15.0","32.0","0.0","20.6"],["DA","2004","-14.0","30.0","0.0","16.5"],["GM","2010","-13.0","34.0","0.0","17.0"],["BE","2005","-10.1","35.0","0.0","23.1"],["PO","2011","-1.0","33.5","0.0","15.4"],["NL","2005","-16.0","34.4","0.0","38.1"],["IT","2011","-5.2","25.0","0.0","19.5"],["SC","2008","20.0","33.0","0.0","26.2"],["IT","2006","-9.0","27.0","0.0","18.0"],["IC","2004","-11.7","27.0","0.0","32.0"],["EZ","2013","-19.0","35.0","0.0","21.6"],["PO","2014","-1.0","32.0","0.0","15.4"],["FR","2005","-12.4","37.0","0.0","15.9"],["CH","2005","10.0","33.0","0.0","26.0"],["IC","2012","-7.0","19.0","0.0","29.0"],["NO","2013","-35.4","28.0","0.0","39.1"],["GM","2011","-10.0","30.0","0.0","15.4"],["LU","2010","-12.0","35.0","0.0","17.5"],["MY","2014","19.0","36.0","0.0","9.8"],["PL","2009","-22.0","32.1","0.0","15.4"],["UK","2014","-6.0","30.4","0.0","20.6"],["RS","2014","-28.9","30.5","0.0","11.0"],["US","2014","-37.2","41.2","0.0","31.0"],["GM","2013","-10.0","32.0","0.0","14.4"],["SW","2008","-36.1","29.9","0.0","21.0"],["US","2008","-42.2","41.9","0.0","26.7"],["GM","2004","-10.2","30.0","0.0","16.5"],["FI","2011","-34.4","30.7","0.0","21.0"],["US","2011","-44.0","46.4","0.0","36.0"],["MY","2007","20.0","35.0","0.0","9.8"],["IC","2003","-9.0","20.0","0.0","30.9"],["SC","2003","21.0","33.0","0.0","23.1"],["US","2004","-46.0","39.3","0.0","28.3"],["AU","2008","-12.0","34.0","0.0","16.0"],["UK","2005","-8.0","32.4","0.0","37.0"],["BE","2008","-8.0","31.0","0.0","16.5"],["NO","2012","-33.0","24.8","0.0","39.6"],["IC","2009","-9.0","19.0","0.0","25.7"],["PO","2012","-2.0","37.0","0.0","13.9"],["UK","2004","-6.1","31.0","0.0","32.0"],["AM","2006","-24.0","41.0","0.0","13.0"],["BE","2013","-12.0","35.0","0.0","16.5"],["BE","2007","-8.3","33.0","0.0","21.1"],["SW","2005","-33.6","28.6","0.0","18.0"],["SW","2006","-37.7","29.4","0.0","17.0"],["AM","2012","-22.0","39.0","0.0","12.0"],["AM","2009","-20.0","37.0","0.0","13.0"],["FI","2007","-29.0","26.7","0.0","14.4"],["DA","2010","-17.4","31.2","0.0","14.9"],["LU","2005","-13.0","32.0","0.0","13.4"],["NO","2003","-30.5","30.0","0.0","81.0"],["RS","2006","-38.0","30.6","0.0","11.0"],["DA","2014","-9.0","30.2","0.0","17.0"],["RS","2003","-34.5","31.0","0.0","14.0"],["MY","2009","21.0","34.0","0.0","8.7"],["AM","2004","-16.0","39.0","0.0","13.0"],["DA","2005","-12.3","29.1","0.0","21.6"],["IT","2012","-13.0","27.0","0.0","18.0"],["NL","2003","-14.3","36.0","0.0","33.4"],["FI","2008","-23.0","25.7","0.0","26.0"],["IC","2013","-11.0","19.0","0.0","25.0"],["AS","2003","0.3","45.8","0.0","14.4"],["IT","2008","-6.2","23.0","0.0","16.4"],["GP","2005","21.1","33.4","0.0","29.8"],["SW","2003","-40.2","28.6","0.0","20.0"],["SF","2014","0.9","37.4","0.0","13.4"],["SC","2014","20.0","32.0","0.0","30.4"],["MY","2008","21.0","35.0","0.0","9.3"],["SF","2009","2.8","38.2","0.0","9.8"],["MY","2011","21.0","34.0","0.0","10.8"],["IC","2011","-14.0","17.2","0.0","31.9"],["EZ","2006","-17.0","34.0","0.0","18.0"],["CH","2012","14.0","34.0","0.0","22.0"],["CA","2011","-45.0","34.7","0.0","24.7"],["AS","2008","1.0","43.2","0.0","14.9"],["CH","2014","11.0","34.0","0.0","15.0"],["FR","2004","-7.2","37.0","0.0","29.0"],["GK","2010","-2.0","24.2","0.0","18.5"],["JA","2003","-0.7","34.2","0.0","21.6"],["LU","2011","-7.2","33.0","0.0","15.4"],["LU","2012","-15.0","35.0","0.0","13.9"],["AU","2005","-18.9","35.2","0.0","11.8"],["RS","2005","-27.0","29.0","0.0","12.0"],["AU","2012","-18.0","34.2","0.0","15.4"],["MY","2010","23.0","37.0","0.0","9.8"],["IC","2014","-7.0","18.0","0.0","29.3"],["BE","2009","-15.4","34.2","0.0","16.0"],["AU","2006","-19.4","34.0","0.0","12.3"],["GK","2006","0.0","30.0","0.0","18.0"],["JA","2006","-0.1","34.8","0.0","38.6"],["GM","2009","-18.0","32.0","0.0","13.0"],["GK","2014","2.0","24.0","0.0","21.1"],["CH","2013","13.0","34.0","0.0","22.0"],["SC","2007","22.0","33.0","0.0","15.4"],["PO","2009","-1.4","36.0","0.0","17.5"]]},"dateCreated":"Jun 17, 2016 7:24:21 PM","status":"FINISHED","progressUpdateIntervalMs":500,"$$hashKey":"object:2420","dateFinished":"Jun 17, 2016 7:39:42 PM","dateStarted":"Jun 17, 2016 7:39:23 PM","focus":true},{"dateUpdated":"Jun 17, 2016 7:24:21 PM","config":{"colWidth":12,"graph":{"mode":"table","height":300,"optionOpen":false,"keys":[],"values":[],"groups":[],"scatter":{}},"enabled":true},"settings":{"params":{},"forms":{}},"jobName":"paragraph_1466191461778_-669355394","id":"20160617-192421_1829518011","dateCreated":"Jun 17, 2016 7:24:21 PM","status":"READY","errorMessage":"","progressUpdateIntervalMs":500,"$$hashKey":"object:2421"}],"name":"Weather Data Analysis with Broadcast Variable Solution","id":"2BPAFFP5V","angularObjects":{"2B44YVSN1":[],"2AJXGMUUJ":[],"2AK8P7CPX":[],"2AM1YV5CU":[],"2AKK3QQXU":[],"2ANGGHHMQ":[]},"config":{"looknfeel":"default"},"info":{}}