<?xml version="1.0"?>
<!-- All fields in this configuration file are manadatory for successful execution of the Sqoop job -->
<python>
	<sysrec code="sqoop">
		<connection_url>jdbc:mysql:</connection_url> <!-- Oracle database connection url -->
		<credentials_path>/home/cloudera/param/credentials_scd2.txt</credentials_path> <!-- MySql databse user password file with complete path-->
		<field_delimiter>,</field_delimiter> <!-- Output formatting argument which describes how the data will be written to HDFS -->
		<source_table>scd2_src_member</source_table> <!-- MySql source table name -->
		<source_db>sourcedb</source_db> <!-- MySql source schema name -->
		<hive_db>hivedb</hive_db> <!-- Hive target schema name -->
		<hive_staging_table>scd2_stage_member</hive_staging_table> <!-- Hive staging table name -->
		<hive_script>/home/cloudera/script/sequential_load_scd2.hql</hive_script> <!-- InitialLoad to be run just once for just dumping data after this change the script name with "sequential_load_scd2.hql" for data operations to be performed -->
		<hive_main_table>scd2_member</hive_main_table> <!-- Hive target table name -->
		<log_path>/home/cloudera/log</log_path> <!-- Log directory path -->
		<db_conn_id>sqoop_import_app</db_conn_id> <!-- Application name -->
	</sysrec>
</python>
