﻿{"paragraphs":[{"text":"%md\n# Word Count Revisited\n\nSo lt's recreate a word count for Alice in Wonderland using the Spark RDD API. We need to perform the following steps:\n1. Load the source file as text data using the `textFile` method of the Spark context\n2. Split every line into multiple words\n3. Remove empty words\n4. Add a count of 1 to every word, so the RDD contains tuples `(word,1)`\n5. Sum up the word counts per word in the resulting PairRDD from the previous step\n6. Sort the result in descending order by the word frequencies\n7. Create a nice TSV (tab separated values) representation of every entry `word\\tcount`\n8. Save the result somewhere in HDFS (maybe `/user/zeppelin/alice_counts`) using `saveAsTextFile`","dateUpdated":"2017-02-18T12:59:23+0000","config":{"colWidth":12,"editorMode":"ace/mode/markdown","editorHide":true,"graph":{"mode":"table","height":300,"optionOpen":false,"keys":[],"values":[],"groups":[],"scatter":{}},"enabled":true},"settings":{"params":{},"forms":{}},"jobName":"paragraph_1487422763513_1202817652","id":"20170130-221734_229219199","result":{"code":"SUCCESS","type":"HTML","msg":"<h1>Word Count Revisited</h1>\n<p>So lt's recreate a word count for Alice in Wonderland using the Spark RDD API. We need to perform the following steps:</p>\n<ol>\n<li>Load the source file as text data using the <code>textFile</code> method of the Spark context</li>\n<li>Split every line into multiple words</li>\n<li>Remove empty words</li>\n<li>Add a count of 1 to every word, so the RDD contains tuples <code>(word,1)</code></li>\n<li>Sum up the word counts per word in the resulting PairRDD from the previous step</li>\n<li>Sort the result in descending order by the word frequencies</li>\n<li>Create a nice TSV (tab separated values) representation of every entry <code>word\\tcount</code></li>\n<li>Save the result somewhere in HDFS (maybe <code>/user/zeppelin/alice_counts</code>) using <code>saveAsTextFile</code></li>\n</ol>\n"},"dateCreated":"2017-02-18T12:59:23+0000","status":"READY","errorMessage":"","progressUpdateIntervalMs":500,"$$hashKey":"object:3062"},{"text":"val text = sc.textFile(\"s3://dimajix-training/data/alice\")\nval words = text.flatMap(_.split(\" \"))\n    .filter(_ != \"\")\n    .map(x => (x,1))\n    .reduceByKey(_ + _)\n    .sortBy(_._2, ascending=false)\n    .map({ case (k,v) => k + '\\t' + v.toString() })\n    \nwords.saveAsTextFile(\"/user/zeppelin/alice_counts\")","dateUpdated":"2017-02-18T12:59:23+0000","config":{"colWidth":12,"graph":{"mode":"table","height":300,"optionOpen":false,"keys":[],"values":[],"groups":[],"scatter":{}},"enabled":true},"settings":{"params":{},"forms":{}},"jobName":"paragraph_1487422763513_1202817652","id":"20170130-221747_308746184","dateCreated":"2017-02-18T12:59:23+0000","status":"READY","errorMessage":"","progressUpdateIntervalMs":500,"$$hashKey":"object:3063"},{"text":"%md\n## Let's peek inside the result\nIn order to look into the resulting file in HDFS, we need to resort to the shell tools for HDFS.","dateUpdated":"2017-02-18T12:59:23+0000","config":{"colWidth":12,"editorMode":"ace/mode/markdown","editorHide":true,"graph":{"mode":"table","height":300,"optionOpen":false,"keys":[],"values":[],"groups":[],"scatter":{}},"enabled":true},"settings":{"params":{},"forms":{}},"jobName":"paragraph_1487422763513_1202817652","id":"20170130-221810_265200548","result":{"code":"SUCCESS","type":"HTML","msg":"<h2>Let's peek inside the result</h2>\n<p>In order to look into the resulting file in HDFS, we need to resort to the shell tools for HDFS.</p>\n"},"dateCreated":"2017-02-18T12:59:23+0000","status":"READY","errorMessage":"","progressUpdateIntervalMs":500,"$$hashKey":"object:3064"},{"text":"%sh\nhdfs dfs -getmerge /user/zeppelin/alice_counts /tmp/alice_counts.txt\ncat /tmp/alice_counts.txt | head -n20\n","dateUpdated":"2017-02-18T12:59:23+0000","config":{"colWidth":12,"graph":{"mode":"table","height":300,"optionOpen":false,"keys":[],"values":[],"groups":[],"scatter":{}},"enabled":true},"settings":{"params":{},"forms":{}},"jobName":"paragraph_1487422763513_1202817652","id":"20170130-221759_788343263","dateCreated":"2017-02-18T12:59:23+0000","status":"READY","errorMessage":"","progressUpdateIntervalMs":500,"$$hashKey":"object:3065"}],"name":"WordCount - Solution","id":"2CBK9BGWX","angularObjects":{"2BRWU4WXC:shared_process":[],"2AM1YV5CU:shared_process":[],"2AJXGMUUJ:shared_process":[],"2ANGGHHMQ:shared_process":[],"2AKK3QQXU:shared_process":[]},"config":{"looknfeel":"default"},"info":{}}