<?xml version="1.0"?>
<!-- All fields in this configuration file are manadatory for successful execution of the Sqoop job -->
<python>
	<sysrec code="sqoop">
		<connection_url>jdbc:mysql:</connection_url> <!-- MySql database connection url -->
		<credentials_path>/home/cloudera/param/credentials_scd1.txt</credentials_path> <!-- MySql database user password file path -->
		<hbase_cf_name>cf1</hbase_cf_name> <!-- Hbase column family name-->
		<source_table>cdc_src_member</source_table> <!-- MySql source table name -->
		<source_db>sourcedb</source_db> <!-- MySql source schema name -->
		<hive_db>hivedb</hive_db> <!-- Hive target schema name -->
		<db_conn_id>sqoop_import_app</db_conn_id> <!-- Application name -->
		<hive_table>cdc_member</hive_table> <!-- Hive Target table name -->
		<log_path>/home/cloudera/log</log_path> <!-- Log directory path -->
		<hbase_table>cdc_member_hbase</hbase_table> <!-- Hbase table name linked to hive table-->
	</sysrec>
</python>
