driverId,name,ssn,location,tim
10,George Vetticaden,621011971,244-4532 Nulla Rd.,1491200612
11,Jamie Engesser,262112338,366-4125 Ac Street,1491200612
12,Paul Coddin,198041975,Ap #622-957 Risus. Street,1491200612
13,Joe Niemiec,139907145,2071 Hendrerit. Ave,1491200612
14,Adis Cesir,820812209,Ap #810-1228 In St.,1491200612
15,Rohit Bakshi,239005227,648-5681 Dui- Rd.,1491200612
16,Tom McCuch,363303105,P.O. Box 313- 962 Parturient Rd.,1491200612
17,Eric Mizell,123808238,P.O. Box 579- 2191 Gravida. Street,1491200612
18,Grant Liu,171010151,Ap #928-3159 Vestibulum Av.,1491200612
19,Ajay Singh,160005158,592-9430 Nonummy Avenue,1491200612
20,Chris Harris,921812303,883-2691 Proin Avenue,1491200612