﻿{"paragraphs":[{"text":"%md\n# Approximating Pi\n\n1. Generate Numbers 1 to n\n2. For each number, generate random x and y coordinates for points in the unit square using \n            scala.util.Random.nextFloat()\n3. If (x,y) lies in quater circle, count 1, otherwise 0\n4. Count all hits of circle\n5. Estimate Pi/4 from ratio of hits to total number of points ","dateUpdated":"2017-02-27T07:06:34-0800","config":{"enabled":true,"graph":{"mode":"table","height":300,"optionOpen":false,"keys":[],"values":[],"groups":[],"scatter":{}},"editorMode":"ace/mode/markdown","editorHide":true,"colWidth":12},"settings":{"params":{},"forms":{}},"jobName":"paragraph_1488207890940_711698545","id":"20170130-092330_1718926486","result":{"code":"SUCCESS","type":"HTML","msg":"<h1>Approximating Pi</h1>\n<ol>\n<li>Generate Numbers 1 to n</li>\n<li>For each number, generate random x and y coordinates for points in the unit square using<pre><code>    scala.util.Random.nextFloat()\n</code></pre>\n</li>\n<li>If (x,y) lies in quater circle, count 1, otherwise 0</li>\n<li>Count all hits of circle</li>\n<li>Estimate Pi/4 from ratio of hits to total number of points</li>\n</ol>\n"},"dateCreated":"2017-02-27T07:04:50-0800","status":"FINISHED","progressUpdateIntervalMs":500,"$$hashKey":"object:31011","dateFinished":"2017-02-27T07:06:28-0800","dateStarted":"2017-02-27T07:06:27-0800","focus":true},{"text":"val n = 1000000\nval numbers = 1 to n\nval hits = numbers.view.map(x => {\n    val x = scala.util.Random.nextFloat()\n    val y = scala.util.Random.nextFloat()\n    if (x*x + y*y <= 1) 1 else 0\n}).reduce(_ + _) \n\nval pi = 4 * hits / n.toFloat","dateUpdated":"2017-02-27T07:04:50-0800","config":{"enabled":true,"graph":{"mode":"table","height":300,"optionOpen":false,"keys":[],"values":[],"groups":[],"scatter":{}},"editorMode":"ace/mode/scala","colWidth":12},"settings":{"params":{},"forms":{}},"jobName":"paragraph_1488207890940_711698545","id":"20170130-092358_1947059550","dateCreated":"2017-02-27T07:04:50-0800","status":"READY","errorMessage":"","progressUpdateIntervalMs":500,"$$hashKey":"object:31012"}],"name":"Approximating Pi Solution","id":"2CA1PMKX9","angularObjects":{"2C73P7NJN:shared_process":[],"2C7KU6EWG:shared_process":[],"2C8H7AG7Q:shared_process":[],"2CANY5QMM:shared_process":[],"2C7YM9SBT:shared_process":[],"2CAHZM5EW:shared_process":[],"2CA194TC4:shared_process":[],"2C85Z5A3J:shared_process":[],"2C77BBC6M:shared_process":[],"2C9T8R64M:shared_process":[],"2C82H3SUX:shared_process":[],"2C7W1UTSM:shared_process":[],"2C99CAHNC:shared_process":[],"2C7VKNJZ3:shared_process":[],"2C7MNAP62:shared_process":[],"2C8SJ4SC1:shared_process":[],"2C8273BS9:shared_process":[],"2CA9V89Q3:shared_process":[]},"config":{"looknfeel":"default"},"info":{}}