﻿{"paragraphs":[{"text":"%md\n# Approximating Pi\n\n1. Generate Numbers 1 to n\n2. For each number, generate random x and y coordinates for points in the unit square using \n            scala.util.Random.nextFloat()\n3. If (x,y) lies in quater circle, count 1, otherwise 0\n4. Count all hits of circle\n5. Estimate Pi/4 from ratio of hits to total number of points ","dateUpdated":"2018-06-14T09:50:45+0000","config":{"editorMode":"ace/mode/markdown","colWidth":12,"editorHide":true,"results":[{"graph":{"mode":"table","height":300,"optionOpen":false,"keys":[],"values":[],"groups":[],"scatter":{}}}],"enabled":true,"editorSetting":{}},"settings":{"params":{},"forms":{}},"results":{"code":"SUCCESS","msg":[{"type":"HTML","data":"<h1>Approximating Pi</h1>\n<ol>\n<li>Generate Numbers 1 to n</li>\n<li>For each number, generate random x and y coordinates for points in the unit square using<pre><code>    scala.util.Random.nextFloat()\n</code></pre>\n</li>\n<li>If (x,y) lies in quater circle, count 1, otherwise 0</li>\n<li>Count all hits of circle</li>\n<li>Estimate Pi/4 from ratio of hits to total number of points</li>\n</ol>\n"}]},"apps":[],"jobName":"paragraph_1528969845554_-1725907841","id":"20170130-092330_1718926486","dateCreated":"2018-06-14T09:50:45+0000","status":"READY","errorMessage":"","progressUpdateIntervalMs":500,"focus":true,"$$hashKey":"object:16759"},{"text":"val n = 10000\nval numbers = 1 to n\n// YOUR CODE","dateUpdated":"2018-07-02T11:44:53+0000","config":{"editorMode":"ace/mode/scala","colWidth":12,"enabled":true,"graph":{"mode":"table","height":300,"optionOpen":false,"keys":[],"values":[],"groups":[],"scatter":{}},"results":{},"editorSetting":{"language":"scala","editOnDblClick":false}},"settings":{"params":{},"forms":{}},"apps":[],"jobName":"paragraph_1528969845556_-1728216334","id":"20170130-092358_1947059550","dateCreated":"2018-06-14T09:50:45+0000","status":"READY","errorMessage":"","progressUpdateIntervalMs":500,"$$hashKey":"object:16760"}],"name":"Approximating Pi Exercise","id":"2DFHG9919","angularObjects":{"2D8DSN3N4:shared_process":[],"2D7W55G1J:shared_process":[],"2DA3X6UGN:shared_process":[],"2D9HTU14T:shared_process":[],"2DBA6X8JB:shared_process":[],"2DBSCZXK2:shared_process":[],"2D9M853BP:shared_process":[],"2DAXFQ4X2:shared_process":[],"2DB3TEGGU:shared_process":[]},"config":{"looknfeel":"default","personalizedMode":"false"},"info":{}}