﻿{"paragraphs":[{"text":"%md\n# Load Station Data\n\nNow we load the station meta data using traditional SparkSQL DataFrame methods. Since the meta data is stored as a simple CSV, this should be simple. Nevertheless we will explicitly specify a schema, since we do not want to rely on the automatic type inference from Spark.\n","dateUpdated":"2018-04-11T06:07:08+0000","config":{"editorSetting":{},"colWidth":12,"editorMode":"ace/mode/markdown","editorHide":true,"results":[{"graph":{"mode":"table","height":300,"optionOpen":false,"keys":[],"values":[],"groups":[],"scatter":{}}}],"enabled":true},"settings":{"params":{},"forms":{}},"results":{"code":"SUCCESS","msg":[{"type":"HTML","data":"<h1>Load Station Data</h1>\n<p>Now we load the station meta data using traditional SparkSQL DataFrame methods. Since the meta data is stored as a simple CSV, this should be simple. Nevertheless we will explicitly specify a schema, since we do not want to rely on the automatic type inference from Spark.</p>\n"}]},"apps":[],"jobName":"paragraph_1523426828811_1216241828","id":"20170109-022408_398981917","dateCreated":"2018-04-11T06:07:08+0000","status":"READY","errorMessage":"","progressUpdateIntervalMs":500,"focus":true,"$$hashKey":"object:5253"},{"text":"import org.apache.spark.sql.types.StructType\nimport org.apache.spark.sql.types.StructField\nimport org.apache.spark.sql.types.StringType\nimport org.apache.spark.sql.types.FloatType\nimport org.apache.spark.sql.types.DateType\n\ndef extractFloat = udf((v:String) => if (v != null) v.toFloat else None, FloatType)\n\nval isdSchema = StructType(\n        StructField(\"usaf\", StringType) ::\n        StructField(\"wban\", StringType) ::\n        StructField(\"name\", StringType) ::\n        StructField(\"country\", StringType) ::\n        StructField(\"state\", StringType) ::\n        StructField(\"icao\", StringType) ::\n        StructField(\"latitude\", StringType) ::\n        StructField(\"longitude\", StringType) ::\n        StructField(\"elevation\", StringType) ::\n        StructField(\"date_begin\", DateType) ::\n        StructField(\"date_end\", DateType) ::\n        Nil\n    )\nval isd = sqlContext.read\n    .option(\"header\",\"true\")\n    .option(\"dateFormat\",\"yyyyMMdd\")\n    .schema(isdSchema)\n    .csv(\"s3://dimajix-training/data/weather/isd-history\")\n    .withColumn(\"latitude\", extractFloat($\"latitude\"))\n    .withColumn(\"longitude\", extractFloat($\"longitude\"))\n    .withColumn(\"elevation\", extractFloat($\"elevation\"))\n    \n\nz.show(isd.limit(10))","dateUpdated":"2018-04-11T06:07:08+0000","config":{"editorSetting":{"language":"scala","editOnDblClick":false},"colWidth":12,"editorMode":"ace/mode/scala","results":{},"graph":{"mode":"table","height":300,"optionOpen":false,"keys":[],"values":[],"groups":[],"scatter":{}},"enabled":true},"settings":{"params":{},"forms":{}},"apps":[],"jobName":"paragraph_1523426828812_1214318084","id":"20170109-022420_197453754","dateCreated":"2018-04-11T06:07:08+0000","status":"READY","errorMessage":"","progressUpdateIntervalMs":500,"$$hashKey":"object:5254"},{"text":"isd.printSchema()","dateUpdated":"2018-04-11T06:07:08+0000","config":{"editorSetting":{"language":"scala","editOnDblClick":false},"colWidth":12,"editorMode":"ace/mode/scala","results":{},"graph":{"mode":"table","height":300,"optionOpen":false,"keys":[],"values":[],"groups":[],"scatter":{}},"enabled":true},"settings":{"params":{},"forms":{}},"apps":[],"jobName":"paragraph_1523426828813_1213933335","id":"20170109-022449_34670710","dateCreated":"2018-04-11T06:07:08+0000","status":"READY","errorMessage":"","progressUpdateIntervalMs":500,"$$hashKey":"object:5255"},{"text":"%md\n# Spark Structured Streaming","dateUpdated":"2018-04-11T06:07:08+0000","config":{"editorSetting":{},"colWidth":12,"editorMode":"ace/mode/markdown","editorHide":true,"results":[{"graph":{"mode":"table","height":300,"optionOpen":false,"keys":[],"values":[],"groups":[],"scatter":{}}}],"enabled":true},"settings":{"params":{},"forms":{}},"results":{"code":"SUCCESS","msg":[{"type":"HTML","data":"<h1>Spark Structured Streaming</h1>\n"}]},"apps":[],"jobName":"paragraph_1523426828813_1213933335","id":"20170109-022507_1035657177","dateCreated":"2018-04-11T06:07:08+0000","status":"READY","errorMessage":"","progressUpdateIntervalMs":500,"$$hashKey":"object:5256"},{"text":"%md\n# 1. Connect to data source\n\nFirst you need to run the netcat program, for example via\n\n    spark-training/utils/pynetcat.py -I1 -B10 -P9977 < weather_sample.txt\n\nThen we connect to the raw data socket as the datasource by using the `DataStreamReader` API via `spark.readStream`. We need to specify the options `host`, `port` and we need to use the format `socket` for connecting to the data source. The socket will stream weather data samples in raw format, i.e. one record per line.","dateUpdated":"2018-04-11T06:07:08+0000","config":{"editorSetting":{},"colWidth":12,"editorMode":"ace/mode/markdown","editorHide":true,"results":[{"graph":{"mode":"table","height":300,"optionOpen":false,"keys":[],"values":[],"groups":[],"scatter":{}}}],"enabled":true},"settings":{"params":{},"forms":{}},"results":{"code":"SUCCESS","msg":[{"type":"HTML","data":"<h1>1. Connect to data source</h1>\n<p>First you need to run the netcat program, for example via</p>\n<pre><code>spark-training/utils/pynetcat.py -I1 -B10 -P9977 &lt; weather_sample.txt\n</code></pre>\n<p>Then we connect to the raw data socket as the datasource by using the <code>DataStreamReader</code> API via <code>spark.readStream</code>. We need to specify the options <code>host</code>, <code>port</code> and we need to use the format <code>socket</code> for connecting to the data source. The socket will stream weather data samples in raw format, i.e. one record per line.</p>\n"}]},"apps":[],"jobName":"paragraph_1523426828813_1213933335","id":"20170109-022532_52613486","dateCreated":"2018-04-11T06:07:08+0000","status":"READY","errorMessage":"","progressUpdateIntervalMs":500,"$$hashKey":"object:5257"},{"text":"// Fill in the correct AWS VPC address of your master host\nval master = \"kku.training.dimajix-aws.net\"\n\n// Connect to raw text stream socket using the DataStreamReader API via spark.readStream. You need to specify the options `host`, `port` and you need to use the format `socket`\nval lines = ... // YOUR CODE HERE\n","dateUpdated":"2018-04-11T06:07:08+0000","config":{"editorSetting":{"language":"scala","editOnDblClick":false},"colWidth":12,"editorMode":"ace/mode/scala","results":{},"graph":{"mode":"table","height":300,"optionOpen":false,"keys":[],"values":[],"groups":[],"scatter":{}},"enabled":true},"settings":{"params":{},"forms":{}},"apps":[],"jobName":"paragraph_1523426828814_1215087582","id":"20170109-022559_819187627","dateCreated":"2018-04-11T06:07:08+0000","status":"READY","errorMessage":"","progressUpdateIntervalMs":500,"$$hashKey":"object:5258"},{"text":"%md\n## 2. Extract Weather Data\n\nWe need to extract the weather data from the raw string. This can be done using SparkSQL methods. Since this is a rather time-consuming data-fiddling task, you can simply use the code as-is.","dateUpdated":"2018-04-11T06:07:08+0000","config":{"editorSetting":{},"colWidth":12,"editorMode":"ace/mode/markdown","editorHide":true,"results":[{"graph":{"mode":"table","height":300,"optionOpen":false,"keys":[],"values":[],"groups":[],"scatter":{}}}],"enabled":true},"settings":{"params":{},"forms":{}},"results":{"code":"SUCCESS","msg":[{"type":"HTML","data":"<h2>2. Extract Weather Data</h2>\n<p>We need to extract the weather data from the raw string. This can be done using SparkSQL methods. Since this is a rather time-consuming data-fiddling task, you can simply use the code as-is.</p>\n"}]},"apps":[],"jobName":"paragraph_1523426828814_1215087582","id":"20170109-023945_1454623182","dateCreated":"2018-04-11T06:07:08+0000","status":"READY","errorMessage":"","progressUpdateIntervalMs":500,"$$hashKey":"object:5259"},{"text":"import org.apache.spark.sql.types.IntegerType\nimport org.apache.spark.sql.types.FloatType\n\nval weather = lines\n    .withColumn(\"date\", lines(\"value\").substr(16,8))\n    .withColumn(\"time\", lines(\"value\").substr(24,4))\n    .withColumn(\"usaf\", lines(\"value\").substr(5,6))\n    .withColumn(\"wban\", lines(\"value\").substr(11,5))\n    .withColumn(\"air_temperature_quality\", lines(\"value\").substr(93,1).cast(IntegerType))\n    .withColumn(\"air_temperature\", lines(\"value\").substr(88,5).cast(FloatType)/10.0)\n    .withColumn(\"wind_speed_quality\", lines(\"value\").substr(70,1).cast(IntegerType))\n    .withColumn(\"wind_speed\", lines(\"value\").substr(66,4).cast(FloatType)/10.0)\n","dateUpdated":"2018-04-11T06:07:08+0000","config":{"editorSetting":{"language":"scala","editOnDblClick":false},"colWidth":12,"editorMode":"ace/mode/scala","results":{},"graph":{"mode":"table","height":300,"optionOpen":false,"keys":[],"values":[],"groups":[],"scatter":{}},"enabled":true},"settings":{"params":{},"forms":{}},"apps":[],"jobName":"paragraph_1523426828814_1215087582","id":"20170109-022624_1297431457","dateCreated":"2018-04-11T06:07:08+0000","status":"READY","errorMessage":"","progressUpdateIntervalMs":500,"$$hashKey":"object:5260"},{"text":"%md\n## 3. Peek inside Stream\n\nOne nice thing about structured streaming is that it is super easy to peek inside a stream. You need to perform the following steps:\n1. Create a `DataStreamWriter` object using the `writeStream` method of your DataFrame.\n2. Set the format to `console`\n3. Set the output mode to `append`\n4. Specify a `checkPointLocation` on HDFS (ok, this is not trivial, so it is in the code below)\n5. Start the continuous query via `start`","dateUpdated":"2018-04-11T06:07:08+0000","config":{"editorSetting":{},"colWidth":12,"editorMode":"ace/mode/markdown","editorHide":true,"results":[{"graph":{"mode":"table","height":300,"optionOpen":false,"keys":[],"values":[],"groups":[],"scatter":{}}}],"enabled":true},"settings":{"params":{},"forms":{}},"results":{"code":"SUCCESS","msg":[{"type":"HTML","data":"<h2>3. Peek inside Stream</h2>\n<p>One nice thing about structured streaming is that it is super easy to peek inside a stream. You need to perform the following steps:</p>\n<ol>\n<li>Create a <code>DataStreamWriter</code> object using the <code>writeStream</code> method of your DataFrame.</li>\n<li>Set the format to <code>console</code></li>\n<li>Set the output mode to <code>append</code></li>\n<li>Specify a <code>checkPointLocation</code> on HDFS (ok, this is not trivial, so it is in the code below)</li>\n<li>Start the continuous query via <code>start</code></li>\n</ol>\n"}]},"apps":[],"jobName":"paragraph_1523426828815_1214702833","id":"20170109-024025_443642059","dateCreated":"2018-04-11T06:07:08+0000","status":"READY","errorMessage":"","progressUpdateIntervalMs":500,"$$hashKey":"object:5261"},{"text":"val query = ... // YOUR CODE HERE\n    ...\n    .option(\"checkpointLocation\", \"/tmp/zeppelin/checkpoint-print\")\n    ...","dateUpdated":"2018-04-11T06:07:08+0000","config":{"editorSetting":{"language":"scala","editOnDblClick":false},"colWidth":12,"editorMode":"ace/mode/scala","results":{},"graph":{"mode":"table","height":300,"optionOpen":false,"keys":[],"values":[],"groups":[],"scatter":{}},"enabled":true},"settings":{"params":{},"forms":{}},"apps":[],"jobName":"paragraph_1523426828815_1214702833","id":"20170109-023319_1896648636","dateCreated":"2018-04-11T06:07:08+0000","status":"READY","errorMessage":"","progressUpdateIntervalMs":500,"$$hashKey":"object:5262"},{"text":"%md\n### 3.1 Stopping the Query\n\nIn contrast to the RDD API, we can simply stop an individual query instead of a whole StreamingContext by simply calling the `stop` method on the query object. This makes working with streams much easier.","dateUpdated":"2018-04-11T06:07:08+0000","config":{"editorSetting":{},"colWidth":12,"editorMode":"ace/mode/markdown","editorHide":true,"results":[{"graph":{"mode":"table","height":300,"optionOpen":false,"keys":[],"values":[],"groups":[],"scatter":{}}}],"enabled":true},"settings":{"params":{},"forms":{}},"results":{"code":"SUCCESS","msg":[{"type":"HTML","data":"<h3>3.1 Stopping the Query</h3>\n<p>In contrast to the RDD API, we can simply stop an individual query instead of a whole StreamingContext by simply calling the <code>stop</code> method on the query object. This makes working with streams much easier.</p>\n"}]},"apps":[],"jobName":"paragraph_1523426828815_1214702833","id":"20170218-144954_1651121593","dateCreated":"2018-04-11T06:07:08+0000","status":"READY","errorMessage":"","progressUpdateIntervalMs":500,"$$hashKey":"object:5263"},{"text":"// YOUR CODE HERE","dateUpdated":"2018-04-11T06:07:08+0000","config":{"colWidth":12,"editorMode":"ace/mode/scala","results":[],"enabled":true,"editorSetting":{"language":"scala","editOnDblClick":false}},"settings":{"params":{},"forms":{}},"results":{"code":"SUCCESS","msg":[]},"apps":[],"jobName":"paragraph_1523426828815_1214702833","id":"20170109-023447_927715135","dateCreated":"2018-04-11T06:07:08+0000","status":"READY","errorMessage":"","progressUpdateIntervalMs":500,"$$hashKey":"object:5264"},{"text":"%md\n## 4. Perform Calculation\n\nAgain we perform a grouped aggregation of some metrics. We are inetersted in the following metrics, grouped by country and year:\n\n* Minimum air temperature\n* Maximum air temperature\n* Minimum wind speed\n* Maximum wind speed\n\nAgain we need to evaulate the \"quality\" fields of the incoming data to decide if the correspong wind speed or air temeprature is valid.","dateUpdated":"2018-04-11T06:07:08+0000","config":{"editorSetting":{},"colWidth":12,"editorMode":"ace/mode/markdown","editorHide":true,"results":[{"graph":{"mode":"table","height":300,"optionOpen":false,"keys":[],"values":[],"groups":[],"scatter":{}}}],"enabled":true},"settings":{"params":{},"forms":{}},"results":{"code":"SUCCESS","msg":[{"type":"HTML","data":"<h2>4. Perform Calculation</h2>\n<p>Again we perform a grouped aggregation of some metrics. We are inetersted in the following metrics, grouped by country and year:</p>\n<ul>\n<li>Minimum air temperature</li>\n<li>Maximum air temperature</li>\n<li>Minimum wind speed</li>\n<li>Maximum wind speed</li>\n</ul>\n<p>Again we need to evaulate the &ldquo;quality&rdquo; fields of the incoming data to decide if the correspong wind speed or air temeprature is valid.</p>\n"}]},"apps":[],"jobName":"paragraph_1523426828816_1225091053","id":"20170109-023458_107574560","dateCreated":"2018-04-11T06:07:08+0000","status":"READY","errorMessage":"","progressUpdateIntervalMs":500,"$$hashKey":"object:5265"},{"text":"// Create a broadcast version of the station list. This seems to make sense specifically for streaming\nval stations = broadcast(isd)\n\nval aggregated_weather = ...\n    // 1. Join weather data with station data on columns 'usaf' and 'wban'\n\n    // 2. Extract year from date column (first four letters), store it in a new column called 'year'\n\n    // 4. Group by country (from isd) and year (from above)\n\n    // 5. Perform aggregations of min/max of temperature and wind speed. Again pay attention to quality flags!\n","dateUpdated":"2018-04-11T06:07:08+0000","config":{"colWidth":12,"editorMode":"ace/mode/scala","results":[{"graph":{"mode":"table","height":300,"optionOpen":false,"keys":[],"values":[],"groups":[],"scatter":{}}}],"enabled":true,"editorSetting":{"language":"scala","editOnDblClick":false}},"settings":{"params":{},"forms":{}},"results":{"code":"SUCCESS","msg":[{"type":"TEXT","data":"\nstations: org.apache.spark.sql.Dataset[org.apache.spark.sql.Row] = [usaf: string, wban: string ... 9 more fields]\n\naggregated_weather: org.apache.spark.sql.DataFrame = [country: string, year: string ... 4 more fields]\n"}]},"apps":[],"jobName":"paragraph_1523426828816_1225091053","id":"20170109-024107_164598352","dateCreated":"2018-04-11T06:07:08+0000","status":"READY","errorMessage":"","progressUpdateIntervalMs":500,"$$hashKey":"object:5266"},{"text":"%md\n### 4.1 Peek Inside\n\nThis is not what we really want at the end, but let's try to peek inside the infinite streaming table. This is achieved by the same steps as above:\n\n1. Create a DataStreamWriter object using the writeStream method of your DataFrame `aggregated_weather`.\n2. Set the format to `console`\n3. Set the output mode to `append` (aggregations do not support `append`)\n4. Specify a checkPointLocation on HDFS (ok, this is not trivial, so it is in the code below)\n5. Start the continuous query via `start`","dateUpdated":"2018-04-11T06:07:08+0000","config":{"editorSetting":{},"colWidth":12,"editorMode":"ace/mode/markdown","editorHide":true,"results":[{"graph":{"mode":"table","height":300,"optionOpen":false,"keys":[],"values":[],"groups":[],"scatter":{}}}],"enabled":true},"settings":{"params":{},"forms":{}},"results":{"code":"SUCCESS","msg":[{"type":"HTML","data":"<h3>4.1 Peek Inside</h3>\n<p>This is not what we really want at the end, but let's try to peek inside the infinite streaming table. This is achieved by the same steps as above:</p>\n<ol>\n<li>Create a DataStreamWriter object using the writeStream method of your DataFrame <code>aggregated_weather</code>.</li>\n<li>Set the format to <code>console</code></li>\n<li>Set the output mode to <code>append</code> (aggregations do not support <code>append</code>)</li>\n<li>Specify a checkPointLocation on HDFS (ok, this is not trivial, so it is in the code below)</li>\n<li>Start the continuous query via <code>start</code></li>\n</ol>\n"}]},"apps":[],"jobName":"paragraph_1523426828816_1225091053","id":"20170218-153633_1699313591","dateCreated":"2018-04-11T06:07:08+0000","status":"READY","errorMessage":"","progressUpdateIntervalMs":500,"$$hashKey":"object:5267"},{"text":"val consoleQuery = // YOUR CODE HERE\n    ...\n    .option(\"checkpointLocation\", \"/tmp/zeppelin/checkpoint-agg\")\n    ...","dateUpdated":"2018-04-11T06:07:08+0000","config":{"editorSetting":{"language":"scala","editOnDblClick":false},"colWidth":12,"editorMode":"ace/mode/scala","results":{},"graph":{"mode":"table","height":300,"optionOpen":false,"keys":[],"values":[],"groups":[],"scatter":{}},"enabled":true},"settings":{"params":{},"forms":{}},"apps":[],"jobName":"paragraph_1523426828816_1225091053","id":"20170109-024151_139400986","dateCreated":"2018-04-11T06:07:08+0000","status":"READY","errorMessage":"","progressUpdateIntervalMs":500,"$$hashKey":"object:5268"},{"text":"// Stop the query again\n// YOUR CODE HERE","dateUpdated":"2018-04-11T06:07:08+0000","config":{"colWidth":12,"editorMode":"ace/mode/scala","results":[],"enabled":true,"editorSetting":{"language":"scala","editOnDblClick":false}},"settings":{"params":{},"forms":{}},"results":{"code":"SUCCESS","msg":[]},"apps":[],"jobName":"paragraph_1523426828817_1224706304","id":"20170109-024445_883855935","dateCreated":"2018-04-11T06:07:08+0000","status":"READY","errorMessage":"","progressUpdateIntervalMs":500,"$$hashKey":"object:5269"},{"text":"%md\n## 5. Create live Table\n\nWe can also use a \"memory\" output, which is a queryable live table. In order to do so, we again create a new table, but this time with format `memory` and an explicit query name `aggregated_weather`. Using a `memory` output will create a dynamic table in memory (only `complete` output supported right now), which can be queried using SQL.\n\n1. Create a DataStreamWriter object using the writeStream method of your DataFrame `aggregated_weather`.\n2. Set the format to `memory`\n3. Set the output mode to `complete`\n4. Set the query name to `aggregated_weather`\n5. Specify a checkPointLocation on HDFS (ok, this is not trivial, so it is in the code below)\n6. Start the continuous query via `start`","dateUpdated":"2018-04-11T06:07:08+0000","config":{"editorSetting":{},"colWidth":12,"editorMode":"ace/mode/markdown","editorHide":true,"results":[{"graph":{"mode":"table","height":300,"optionOpen":false,"keys":[],"values":[],"groups":[],"scatter":{}}}],"enabled":true},"settings":{"params":{},"forms":{}},"results":{"code":"SUCCESS","msg":[{"type":"HTML","data":"<h2>5. Create live Table</h2>\n<p>We can also use a &ldquo;memory&rdquo; output, which is a queryable live table. In order to do so, we again create a new table, but this time with format <code>memory</code> and an explicit query name <code>aggregated_weather</code>. Using a <code>memory</code> output will create a dynamic table in memory (only <code>complete</code> output supported right now), which can be queried using SQL.</p>\n<ol>\n<li>Create a DataStreamWriter object using the writeStream method of your DataFrame <code>aggregated_weather</code>.</li>\n<li>Set the format to <code>memory</code></li>\n<li>Set the output mode to <code>complete</code></li>\n<li>Set the query name to <code>aggregated_weather</code></li>\n<li>Specify a checkPointLocation on HDFS (ok, this is not trivial, so it is in the code below)</li>\n<li>Start the continuous query via <code>start</code></li>\n</ol>\n"}]},"apps":[],"jobName":"paragraph_1523426828817_1224706304","id":"20170109-043321_2106212152","dateCreated":"2018-04-11T06:07:08+0000","status":"READY","errorMessage":"","progressUpdateIntervalMs":500,"$$hashKey":"object:5270"},{"text":"val tableQuery = ... // YOUR CODE HERE\n    ...\n    .option(\"checkpointLocation\", \"/tmp/zeppelin/checkpoint-table\")\n    ...\n    .start()","dateUpdated":"2018-04-11T06:07:08+0000","config":{"editorSetting":{"language":"scala","editOnDblClick":false},"colWidth":12,"editorMode":"ace/mode/scala","results":{},"graph":{"mode":"table","height":300,"optionOpen":false,"keys":[],"values":[],"groups":[],"scatter":{}},"enabled":true},"settings":{"params":{},"forms":{}},"apps":[],"jobName":"paragraph_1523426828817_1224706304","id":"20170109-024536_1643682762","dateCreated":"2018-04-11T06:07:08+0000","status":"READY","errorMessage":"","progressUpdateIntervalMs":500,"$$hashKey":"object:5271"},{"text":"%sql\nselect * from aggregated_weather","dateUpdated":"2018-04-11T06:07:08+0000","config":{"editorSetting":{"language":"sql","editOnDblClick":false},"colWidth":12,"editorMode":"ace/mode/sql","results":{},"graph":{"mode":"table","height":300,"optionOpen":false,"keys":[{"name":"country","index":0,"aggr":"sum"}],"values":[{"name":"year","index":1,"aggr":"sum"}],"groups":[],"scatter":{"xAxis":{"name":"country","index":0,"aggr":"sum"},"yAxis":{"name":"year","index":1,"aggr":"sum"}}},"enabled":true},"settings":{"params":{},"forms":{}},"apps":[],"jobName":"paragraph_1523426828817_1224706304","id":"20170109-043226_2033527472","dateCreated":"2018-04-11T06:07:08+0000","status":"READY","errorMessage":"","progressUpdateIntervalMs":500,"$$hashKey":"object:5272"},{"text":"// Stop the query again\ntableQuery.stop()","dateUpdated":"2018-04-11T06:07:08+0000","config":{"colWidth":12,"editorMode":"ace/mode/scala","results":[],"enabled":true,"editorSetting":{"language":"scala","editOnDblClick":false}},"settings":{"params":{},"forms":{}},"results":{"code":"SUCCESS","msg":[]},"apps":[],"jobName":"paragraph_1523426828818_1225860551","id":"20170109-043235_704854873","dateCreated":"2018-04-11T06:07:08+0000","status":"READY","errorMessage":"","progressUpdateIntervalMs":500,"$$hashKey":"object:5273"},{"text":"%md\n# 6. SQL Output\n\nWe also like to persist the aggregated data into a SQL Database (MySQL in this case). The database will have the following schema:\n\n* country - String\n* year - String\n* temp_min - Float\n* temp_axn - Float\n* wind_min - Float\n* wind_max - Float\n\nPrimary key is `country` and `year`. \n\nIn order to perform this task, we will implement a `JDBCSink` for writing streaming results into a MySQL Database.","dateUpdated":"2018-04-11T06:07:38+0000","config":{"editorSetting":{"language":"markdown","editOnDblClick":true},"colWidth":12,"editorMode":"ace/mode/markdown","results":{},"graph":{"mode":"table","height":300,"optionOpen":false,"keys":[],"values":[],"groups":[],"scatter":{}},"enabled":true,"editorHide":true,"tableHide":false},"settings":{"params":{},"forms":{}},"apps":[],"jobName":"paragraph_1523426828818_1225860551","id":"20170109-043303_576621974","dateCreated":"2018-04-11T06:07:08+0000","status":"FINISHED","progressUpdateIntervalMs":500,"$$hashKey":"object:5274","user":"anonymous","dateFinished":"2018-04-11T06:07:38+0000","dateStarted":"2018-04-11T06:07:38+0000","results":{"code":"SUCCESS","msg":[{"type":"HTML","data":"<div class=\"markdown-body\">\n<h1>6. SQL Output</h1>\n<p>We also like to persist the aggregated data into a SQL Database (MySQL in this case). The database will have the following schema:</p>\n<ul>\n  <li>country - String</li>\n  <li>year - String</li>\n  <li>temp_min - Float</li>\n  <li>temp_axn - Float</li>\n  <li>wind_min - Float</li>\n  <li>wind_max - Float</li>\n</ul>\n<p>Primary key is <code>country</code> and <code>year</code>. </p>\n<p>In order to perform this task, we will implement a <code>JDBCSink</code> for writing streaming results into a MySQL Database.</p>\n</div>"}]}},{"text":"%md\n## 6.1 Implement JDBCSink\n\nFirst we implement the JDBCSink. The sink will receive one record at a time and has to write it into the MySQL databae. You have to adjust the `process` method, such that the required fields are extracted correctly from your SQL Row.\n","user":"anonymous","dateUpdated":"2018-04-11T06:07:56+0000","config":{"colWidth":12,"enabled":true,"results":{},"editorSetting":{"language":"scala","editOnDblClick":false},"editorMode":"ace/mode/scala","editorHide":true},"settings":{"params":{},"forms":{}},"apps":[],"jobName":"paragraph_1523426858675_468906223","id":"20180411-060738_1018959265","dateCreated":"2018-04-11T06:07:38+0000","status":"FINISHED","progressUpdateIntervalMs":500,"focus":true,"$$hashKey":"object:6576","dateFinished":"2018-04-11T06:07:54+0000","dateStarted":"2018-04-11T06:07:54+0000","results":{"code":"SUCCESS","msg":[{"type":"HTML","data":"<div class=\"markdown-body\">\n<h2>6.1 Implement JDBCSink</h2>\n<p>First we implement the JDBCSink. The sink will receive one record at a time and has to write it into the MySQL databae. You have to adjust the <code>process</code> method, such that the required fields are extracted correctly from your SQL Row.</p>\n</div>"}]}},{"text":"class JDBCSink(url: String, user:String, pwd:String) extends org.apache.spark.sql.ForeachWriter[org.apache.spark.sql.Row] {\n    val driver = \"com.mysql.cj.jdbc.Driver\"\n\n    @transient var connection:java.sql.Connection = _\n    @transient var statement:java.sql.Statement = _\n\n    def open(partitionId: Long, version: Long):Boolean = {\n        Class.forName(driver)\n        connection = java.sql.DriverManager.getConnection(url, user, pwd)\n        statement = connection.createStatement\n        true\n    }\n\n    def process(value: org.apache.spark.sql.Row): Unit = { \n        try {\n            val country = // YOUR CODE HERE\n            val year = // YOUR CODE HERE\n            val min_temp = // YOUR CODE HERE\n            val max_temp = // YOUR CODE HERE\n            val min_wind = // YOUR CODE HERE\n            val max_wind = // YOUR CODE HERE\n            statement.executeUpdate(s\"\"\"\n                INSERT INTO weather_minmax(county, year, min_temp, max_temp, min_wind, max_wind) \n                VALUES ('$country','$year',$min_temp, $max_temp, $min_wind, $max_wind) \n                ON DUPLICATE KEY UPDATE min_temp=$min_temp, max_temp=$max_temp,min_wind=$min_wind,max_wind=$max_wind;\"\"\"\n            )\n        }\n        catch {\n            case t:Throwable =>\n        }\n    }\n\n    def close(errorOrNull:Throwable):Unit = {\n        connection.close\n        connection = null\n        statement = null\n    }\n}\n","user":"anonymous","dateUpdated":"2018-04-11T06:08:41+0000","config":{"colWidth":12,"enabled":true,"results":{},"editorSetting":{"language":"scala","editOnDblClick":false},"editorMode":"ace/mode/scala"},"settings":{"params":{},"forms":{}},"apps":[],"jobName":"paragraph_1523426874379_-1389030892","id":"20180411-060754_1414799259","dateCreated":"2018-04-11T06:07:54+0000","status":"READY","progressUpdateIntervalMs":500,"focus":true,"$$hashKey":"object:6650"},{"user":"anonymous","config":{"colWidth":12,"enabled":true,"results":{},"editorSetting":{"language":"scala","editOnDblClick":false},"editorMode":"ace/mode/scala"},"settings":{"params":{},"forms":{}},"apps":[],"jobName":"paragraph_1523426929112_942840247","id":"20180411-060849_871559019","dateCreated":"2018-04-11T06:08:49+0000","status":"READY","progressUpdateIntervalMs":500,"focus":true,"$$hashKey":"object:6722","text":"val url = \"jdbc:mysql://YOUR-CLUSTER-NODE-HERE/training\"\nval user = \"user\"\nval pwd = \"user\"\n\nval sink = new JDBCSink(url, user, pwd)","dateUpdated":"2018-04-11T06:09:06+0000"},{"user":"anonymous","config":{"colWidth":12,"enabled":true,"results":{},"editorSetting":{"language":"markdown","editOnDblClick":true},"editorMode":"ace/mode/markdown","editorHide":true,"tableHide":false},"settings":{"params":{},"forms":{}},"apps":[],"jobName":"paragraph_1523426946548_-1470674280","id":"20180411-060906_1178671131","dateCreated":"2018-04-11T06:09:06+0000","status":"FINISHED","progressUpdateIntervalMs":500,"focus":true,"$$hashKey":"object:6778","text":"%md\n## 6.2 Create Target Table\n\nIn order to store the results in MySQL, we need to create an appropriate table in MySQL. We use shell commands for that.","dateUpdated":"2018-04-11T06:09:19+0000","dateFinished":"2018-04-11T06:09:19+0000","dateStarted":"2018-04-11T06:09:19+0000","results":{"code":"SUCCESS","msg":[{"type":"HTML","data":"<div class=\"markdown-body\">\n<h2>6.2 Create Target Table</h2>\n<p>In order to store the results in MySQL, we need to create an appropriate table in MySQL. We use shell commands for that.</p>\n</div>"}]}},{"text":"%sh\nmysql --user=user --password=user -e \"CREATE TABLE IF NOT EXISTS training.weather_minmax (country VARCHAR(8) NOT NULL, year VARCHAR(4) NOT NULL, min_temp FLOAT, max_temp FLOAT, min_wind FLOAT, max_wind FLOAT, PRIMARY KEY (country, year))\"","user":"anonymous","dateUpdated":"2018-04-11T06:09:29+0000","config":{"colWidth":12,"enabled":true,"results":{},"editorSetting":{"language":"sh","editOnDblClick":false},"editorMode":"ace/mode/sh"},"settings":{"params":{},"forms":{}},"apps":[],"jobName":"paragraph_1523426959027_979422040","id":"20180411-060919_943106383","dateCreated":"2018-04-11T06:09:19+0000","status":"READY","progressUpdateIntervalMs":500,"focus":true,"$$hashKey":"object:6835"},{"text":"%md\n## 6.3 Run Streaming Query\n\nFinally we need to set up an appropriate Streaming query and write its results into the database. We will reuse the query `aggreagated_weather` from above, but configure a different sink.\n","user":"anonymous","dateUpdated":"2018-04-11T06:09:42+0000","config":{"colWidth":12,"enabled":true,"results":{},"editorSetting":{"language":"markdown","editOnDblClick":true},"editorMode":"ace/mode/markdown","editorHide":true,"tableHide":false},"settings":{"params":{},"forms":{}},"apps":[],"jobName":"paragraph_1523426970062_-1938498294","id":"20180411-060930_1346959511","dateCreated":"2018-04-11T06:09:30+0000","status":"FINISHED","progressUpdateIntervalMs":500,"focus":true,"$$hashKey":"object:6908","dateFinished":"2018-04-11T06:09:42+0000","dateStarted":"2018-04-11T06:09:42+0000","results":{"code":"SUCCESS","msg":[{"type":"HTML","data":"<div class=\"markdown-body\">\n<h2>6.3 Run Streaming Query</h2>\n<p>Finally we need to set up an appropriate Streaming query and write its results into the database. We will reuse the query <code>aggreagated_weather</code> from above, but configure a different sink.</p>\n</div>"}]}},{"text":"import org.apache.spark.sql.streaming.ProcessingTime\n\nval query = // YOUR CODE HERE\n","user":"anonymous","dateUpdated":"2018-04-11T06:10:07+0000","config":{"colWidth":12,"enabled":true,"results":{},"editorSetting":{"language":"scala","editOnDblClick":false},"editorMode":"ace/mode/scala"},"settings":{"params":{},"forms":{}},"apps":[],"jobName":"paragraph_1523426982835_606246256","id":"20180411-060942_832647410","dateCreated":"2018-04-11T06:09:42+0000","status":"READY","progressUpdateIntervalMs":500,"focus":true,"$$hashKey":"object:6965"},{"user":"anonymous","config":{"colWidth":12,"enabled":true,"results":{},"editorSetting":{"language":"scala","editOnDblClick":false},"editorMode":"ace/mode/scala"},"settings":{"params":{},"forms":{}},"apps":[],"jobName":"paragraph_1523427010484_1309059903","id":"20180411-061010_1325052378","dateCreated":"2018-04-11T06:10:10+0000","status":"READY","progressUpdateIntervalMs":500,"focus":true,"$$hashKey":"object:7038","text":"query.stop()","dateUpdated":"2018-04-11T06:10:16+0000"}],"name":"Weather Structured Streaming - Exercise","id":"2DAFHV2WN","angularObjects":{"2D8DSN3N4:shared_process":[],"2D7W55G1J:shared_process":[],"2DA3X6UGN:shared_process":[],"2D9HTU14T:shared_process":[],"2DBA6X8JB:shared_process":[],"2DBSCZXK2:shared_process":[],"2D9M853BP:shared_process":[],"2DAXFQ4X2:shared_process":[],"2DB3TEGGU:shared_process":[]},"config":{"looknfeel":"default","personalizedMode":"false"},"info":{}}