order_id,order_date,order_priority,order_quantity,sales,discount,ship_mode,profit,unit_price,shipping_cost,customer_name,province,region,customer_segment,product_category,product_sub_category,product_name,product_container,product_base_margin,ship_date
1,10/13/2010,Low,6,261.54,0.04,Regular Air,-213.25,38.94,35,Muhammed MacIntyre,Telangana,Hyderabad,Small Business,Furniture,Storage & Organization,Eldon Base for stackable storage shelf platinum,Large Box,0.8,10/20/2010
2,10/1/2012,High,49,10123.02,0.07,Delivery Truck,457.81,208.16,68.02,Barry French,Maharashtra,Ahmednagar,Consumer,Office Supplies,Appliances,"1.7 Cubic Foot Compact ""Cube"" Office Refrigerators",Jumbo Drum,0.58,10/2/2012
3,10/1/2012,High,27,244.57,0.01,Regular Air,46.71,8.69,2.99,Barry French,Telangana,Hyderabad,Consumer,Office Supplies,Binders and Binder Accessories,Cardinal Slant-D� Ring Binder Heavy Gauge Vinyl,Small Box,0.39,10/3/2012
4,7/10/2011,High,30,4965.7595,0.08,Delivery Truck,1198.97,195.99,3.99,Clay Rozendal,Telangana,Hyderabad,Corporate,Technology,Telephones and Communication,R380,Small Box,0.58,7/12/2011
5,8/28/2010,Not Specified,19,394.27,0.08,Express Air,30.94,21.78,5.94,Carlos Soltero,Maharashtra,Ahmednagar,Consumer,Office Supplies,Appliances,Holmes HEPA Air Purifier,Medium Box,0.5,8/30/2010
6,8/28/2010,Not Specified,21,146.69,0.05,Regular Air,4.43,6.64,4.95,Carlos Soltero,AP,Vizag,Consumer,Furniture,Office Furnishings,G.E. Longer-Life Indoor Recessed Floodlight Bulbs,Small Pack,0.37,8/30/2010
7,6/17/2011,High,12,93.54,0.03,Regular Air,-54.04,7.3,7.72,Carl Jackson,Telangana,Hyderabad,Corporate,,Binders and Binder Accessories,Angle-D Binders with Locking Rings Label Holders,Small Box,0.38,6/17/2011
8,6/17/2011,High,22,905.08,0.09,Delivery Truck,127.7,42.76,6.22,Carl Jackson,Maharashtra,Pune,Corporate,Furniture,Storage & Organization,SAFCO Mobile Desk Side File Wire Frame,Small Box,0.4,6/18/2011
9,3/24/2011,High,21,2781.82,0.07,Express Air,-695.26,138.14,35,Monica Federle,Maharashtra,Pune,Corporate,Office Supplies,Storage & Organization,SAFCO Commercial Wire Shelving Black,Large Box,0.35,3/25/2011
10,2/26/2010,Low,44,228.41,0.07,Regular Air,-226.36,4.98,8.33,Dorothy Badders,AP,Vizag,Home Office,,Paper,Xerox 198,Small Box,0.38,2/26/2010
11,11/23/2010,Medium,45,196.85,0.01,Regular Air,-166.85,4.28,6.18,Neola Schneider,Telangana,Hyderabad,Home Office,Office Supplies,Paper,Xerox 1980,Small Box,0.35,11/24/2010
12,11/23/2010,Medium,32,124.56,0.04,Delivery Truck,-14.33,3.95,2,Neola Schneider,AP,Vizag,Home Office,Office Supplies,Rubber Bands,Advantus Map Pennant Flags and Round Head Tacks,Wrap Bag,0.51,11/24/2010
13,6/8/2012,Not Specified,32,716.84,0,Express Air,134.72,21.78,5.94,Carlos Daly,Telangana,Hyderabad,Home Office,Office Supplies,Appliances,Holmes HEPA Air Purifier,Medium Box,0.5,6/9/2012
14,6/8/2012,Not Specified,31,1474.33,0.04,Regular Air,114.46,47.98,3.61,Carlos Daly,Telangana,Hyderabad,Home Office,Technology,Computer Peripherals,DS/HD IBM Formatted Diskettes 200/Pack - Staples,Small Pack,0.71,6/10/2012
15,8/4/2012,Not Specified,15,80.61,0.02,Regular Air,-4.72,5.28,2.99,Claudia Miner,Telangana,Hyderabad,Small Business,Office Supplies,Binders and Binder Accessories,"Wilson Jones 1"" Hanging DublLock� Ring Binders",Small Box,0.37,8/4/2012
16,5/30/2011,Medium,46,1815.49,0.03,Express Air,782.91,39.89,3.04,Neola Schneider,Maharashtra,Pune,Home Office,Furniture,Office Furnishings,Ultra Commercial Grade Dual Valve Door Closer,Wrap Bag,0.53,5/31/2011
17,11/25/2009,Not Specified,16,248.26,0.07,Regular Air,93.8,15.74,1.39,Allen Rosenblatt,AP,Vizag,Small Business,Office Supplies,Envelopes,"#10-4 1/8"" x 9 1/2"" Premium Diagonal Seam Envelopes",Small Box,0.4,11/26/2009
18,2/14/2012,Critical,44,4462.23,0.04,Delivery Truck,440.72,100.98,26.22,Sylvia Foulston,AP,Vizag,Home Office,Furniture,Bookcases,Hon 4-Shelf Metal Bookcases,Jumbo Box,0.6,2/16/2012
19,2/14/2012,Critical,11,663.784,0.25,Express Air,-481.04,71.37,69,Sylvia Foulston,Telangana,Hyderabad,Small Business,Furniture,Tables,Lesro Sheffield Collection Coffee Table End Table Center Table Corner Table,Large Box,0.68,2/16/2012
