[
{
  "pk": 4, 
  "model": "desktop.document2", 
  "fields": {
    "search": "CREATE DATABASE IF NOT EXISTS training", 
    "uuid": "3254dde2-41ce-41b1-f7df-54f6d9a24c26", 
    "extra": "", 
    "type": "notebook", 
    "description": "", 
    "is_history": false, 
    "parent_directory": [
      "56c39bf1-d5e0-4f7b-84ca-8f001bb07230", 
      1, 
      false
    ], 
    "is_managed": false, 
    "last_modified": "2017-08-04T02:15:58", 
    "version": 1, 
    "owner": [
      "hadoop"
    ], 
    "dependencies": [], 
    "data": "{\"parentSavedQueryUuid\": null, \"historyFilter\": \"\", \"description\": \"\", \"sessions\": [{\"type\": \"hive\", \"properties\": [{\"multiple\": true, \"defaultValue\": [], \"value\": [], \"nice_name\": \"Files\", \"key\": \"files\", \"help_text\": \"Add one or more files, jars, or archives to the list of resources.\", \"type\": \"hdfs-files\"}, {\"multiple\": true, \"defaultValue\": [], \"value\": [], \"nice_name\": \"Functions\", \"key\": \"functions\", \"help_text\": \"Add one or more registered UDFs (requires function name and fully-qualified class name).\", \"type\": \"functions\"}, {\"multiple\": true, \"defaultValue\": [], \"value\": [], \"nice_name\": \"Settings\", \"key\": \"settings\", \"help_text\": \"Hive and Hadoop configuration properties.\", \"type\": \"settings\", \"options\": [\"hive.map.aggr\", \"hive.exec.compress.output\", \"hive.exec.parallel\", \"hive.execution.engine\", \"mapreduce.job.queuename\"]}], \"id\": 1}], \"updateHistoryFailed\": false, \"loadingHistory\": true, \"schedulerViewModel\": null, \"retryModalCancel\": null, \"schedulerViewModelIsLoaded\": false, \"isBatchable\": true, \"isHistory\": false, \"id\": 4, \"snippets\": [{\"executingBlockingOperation\": null, \"chartSorting\": \"none\", \"wasBatchExecuted\": false, \"chartLimits\": [5, 10, 25, 50, 100], \"chartX\": null, \"previousChartOptions\": {\"chartTimelineType\": \"bar\", \"chartSorting\": \"none\", \"chartLimit\": null, \"chartMapHeat\": null, \"chartMapType\": \"marker\", \"chartX\": null, \"chartYMulti\": [], \"chartScatterSize\": null, \"chartScope\": \"world\", \"chartMapLabel\": null, \"chartScatterGroup\": null, \"chartYSingle\": null, \"chartXPivot\": null}, \"queriesFilterVisible\": false, \"isOptimizing\": false, \"associatedDocumentLoading\": true, \"showChart\": false, \"isResultSettingsVisible\": false, \"chartScope\": \"world\", \"statement_raw\": \"CREATE DATABASE IF NOT EXISTS training;\", \"result\": {\"statement_id\": 0, \"isMetaFilterVisible\": false, \"meta\": [], \"logLines\": 0, \"id\": \"37c788ed-ad22-4ef5-5967-902c1a7c7354\", \"logs\": \"\", \"statements_count\": 1, \"rows\": \"0\", \"hasSomeResults\": false, \"filteredMetaChecked\": true, \"hasMore\": false, \"filteredMeta\": [], \"type\": \"table\", \"handle\": {\"log_context\": null, \"statements_count\": 1, \"end\": {\"column\": 37, \"row\": 0}, \"statement_id\": 0, \"has_more_statements\": false, \"start\": {\"column\": 0, \"row\": 0}, \"secret\": \"HVK/JOdLSCuzVqDJEQ6i4A==\\n\", \"has_result_set\": false, \"session_guid\": \"kxfApRoUR4C68UiqRytolw==\\n\", \"statement\": \"CREATE DATABASE IF NOT EXISTS training\", \"operation_type\": 0, \"modified_row_count\": null, \"guid\": \"CoDUwxfEQ5CCteAikMO59w==\\n\", \"previous_statement_hash\": \"359bfb0fc815b64adafb8d68f31dcb8dcc2ae9127ee9ecc6c9f416d0\"}, \"metaFilter\": \"\", \"explanation\": \"\", \"statement_range\": {\"start\": {\"column\": 0, \"row\": 0}, \"end\": {\"column\": 0, \"row\": 0}}, \"startTime\": \"2017-08-04T09:13:09.198Z\", \"data\": [], \"executionTime\": 0, \"fetchedOnce\": false, \"hasResultset\": false, \"endTime\": \"2017-08-04T09:13:09.198Z\"}, \"pinnedContextTabs\": [], \"chartType\": \"bars\", \"viewSettings\": {\"sqlDialect\": true, \"placeHolder\": \"Example: SELECT * FROM tablename, or press CTRL + space\"}, \"chartScatterGroup\": null, \"loadingQueries\": false, \"hasDataForChart\": false, \"id\": \"4a20950f-c823-d746-0d8f-eb8b806e635e\", \"ddlNotification\": 0.6347118740676936, \"compatibilityTarget\": \"\", \"errors\": [], \"chartXPivot\": null, \"aceSize\": 100, \"statusForButtons\": \"executed\", \"chartMapLabel\": null, \"chartData\": [], \"lastExecuted\": 1501837989194, \"queriesHasErrors\": false, \"showLogs\": false, \"errorsKlass\": \"results hive alert alert-error\", \"isReady\": true, \"statement\": \"CREATE DATABASE IF NOT EXISTS training;\", \"progress\": 0, \"type\": \"hive\", \"variables\": [], \"status\": \"available\", \"currentQueryTab\": \"queryHistory\", \"jobs\": [], \"suggestion\": \"\", \"chartMapType\": \"marker\", \"warnings\": [], \"statementType\": \"text\", \"queriesFilter\": \"\", \"variableNames\": [], \"resultsKlass\": \"results hive\", \"queriesCurrentPage\": 1, \"isCanceling\": false, \"queriesTotalPages\": 1, \"formatEnabled\": true, \"chartYMulti\": [], \"dbSelectionVisible\": false, \"delayedDDLNotification\": 0.6347118740676936, \"showGrid\": true, \"properties\": {\"files\": [], \"functions\": [], \"arguments\": [], \"settings\": []}, \"isFetchingData\": false, \"chartTimelineType\": \"bar\", \"chartLimit\": null, \"chartMapHeat\": null, \"name\": \"\", \"database\": null, \"statementTypes\": [\"text\", \"file\", \"document\"], \"hasSuggestion\": false, \"complexityCheckActive\": true, \"externalStatementLoaded\": false, \"chartScatterSize\": null, \"compatibilityCheckActive\": true, \"associatedDocumentUuid\": null, \"isBatchable\": true, \"chartYSingle\": null, \"isSqlDialect\": true, \"statementPath\": \"\", \"is_redacted\": false, \"showLongOperationWarning\": false, \"settingsVisible\": false, \"checkStatusTimeout\": null, \"isLoading\": false}, {\"executingBlockingOperation\": null, \"chartSorting\": \"none\", \"wasBatchExecuted\": false, \"chartLimits\": [5, 10, 25, 50, 100], \"chartX\": null, \"previousChartOptions\": {\"chartTimelineType\": \"bar\", \"chartSorting\": \"none\", \"chartLimit\": null, \"chartMapHeat\": null, \"chartMapType\": \"marker\", \"chartX\": null, \"chartYMulti\": [], \"chartScatterSize\": null, \"chartScope\": \"world\", \"chartMapLabel\": null, \"chartScatterGroup\": null, \"chartYSingle\": null, \"chartXPivot\": null}, \"queriesFilterVisible\": false, \"isOptimizing\": false, \"associatedDocumentLoading\": true, \"showChart\": false, \"isResultSettingsVisible\": false, \"chartScope\": \"world\", \"statement_raw\": \"CREATE EXTERNAL TABLE IF NOT EXISTS training.weather_raw(\\n    data STRING\\n)\\nPARTITIONED BY(year STRING)\\nSTORED AS TEXTFILE;\\n\", \"result\": {\"statement_id\": 0, \"isMetaFilterVisible\": false, \"meta\": [], \"logLines\": 0, \"id\": \"fb101037-be8a-b210-cd84-9685d488658e\", \"logs\": \"\", \"statements_count\": 1, \"rows\": \"0\", \"hasSomeResults\": false, \"filteredMetaChecked\": true, \"hasMore\": false, \"filteredMeta\": [], \"type\": \"table\", \"handle\": {\"log_context\": null, \"statements_count\": 1, \"end\": {\"column\": 121, \"row\": 0}, \"statement_id\": 0, \"has_more_statements\": false, \"start\": {\"column\": 0, \"row\": 0}, \"secret\": \"j12n+dPgRViDJKB29JZvNQ==\\n\", \"has_result_set\": false, \"session_guid\": \"kxfApRoUR4C68UiqRytolw==\\n\", \"statement\": \"CREATE EXTERNAL TABLE IF NOT EXISTS training.weather_raw(\\n    data STRING\\n)\\nPARTITIONED BY(year STRING)\\nSTORED AS TEXTFILE\", \"operation_type\": 0, \"modified_row_count\": null, \"guid\": \"R1PlFKwsQWikms9W2vOhLg==\\n\", \"previous_statement_hash\": \"f2016b7ee6bd20f7844c08a22576199805e31f5e023bf4550202f59b\"}, \"metaFilter\": \"\", \"explanation\": \"\", \"statement_range\": {\"start\": {\"column\": 0, \"row\": 0}, \"end\": {\"column\": 0, \"row\": 0}}, \"startTime\": \"2017-08-04T09:13:58.577Z\", \"data\": [], \"executionTime\": 0, \"fetchedOnce\": false, \"hasResultset\": false, \"endTime\": \"2017-08-04T09:13:58.577Z\"}, \"pinnedContextTabs\": [], \"chartType\": \"bars\", \"viewSettings\": {\"sqlDialect\": true, \"placeHolder\": \"Example: SELECT * FROM tablename, or press CTRL + space\"}, \"chartScatterGroup\": null, \"loadingQueries\": false, \"hasDataForChart\": false, \"id\": \"42068c93-22e4-a494-56ac-e320da9b931d\", \"ddlNotification\": 0.6490922702281992, \"compatibilityTarget\": \"\", \"errors\": [], \"chartXPivot\": null, \"aceSize\": 100, \"statusForButtons\": \"executed\", \"chartMapLabel\": null, \"chartData\": [], \"lastExecuted\": 1501838038572, \"queriesHasErrors\": false, \"showLogs\": false, \"errorsKlass\": \"results hive alert alert-error\", \"isReady\": true, \"statement\": \"CREATE EXTERNAL TABLE IF NOT EXISTS training.weather_raw(\\n    data STRING\\n)\\nPARTITIONED BY(year STRING)\\nSTORED AS TEXTFILE;\\n\", \"progress\": 0, \"type\": \"hive\", \"variables\": [], \"status\": \"available\", \"currentQueryTab\": \"queryHistory\", \"jobs\": [], \"suggestion\": \"\", \"chartMapType\": \"marker\", \"warnings\": [], \"statementType\": \"text\", \"queriesFilter\": \"\", \"variableNames\": [], \"resultsKlass\": \"results hive\", \"queriesCurrentPage\": 1, \"isCanceling\": false, \"queriesTotalPages\": 1, \"formatEnabled\": true, \"chartYMulti\": [], \"dbSelectionVisible\": false, \"delayedDDLNotification\": 0.6490922702281992, \"showGrid\": true, \"properties\": {\"files\": [], \"functions\": [], \"arguments\": [], \"settings\": []}, \"isFetchingData\": false, \"chartTimelineType\": \"bar\", \"chartLimit\": null, \"chartMapHeat\": null, \"name\": \"\", \"database\": null, \"statementTypes\": [\"text\", \"file\", \"document\"], \"hasSuggestion\": false, \"complexityCheckActive\": true, \"externalStatementLoaded\": false, \"chartScatterSize\": null, \"compatibilityCheckActive\": true, \"associatedDocumentUuid\": null, \"isBatchable\": true, \"chartYSingle\": null, \"isSqlDialect\": true, \"statementPath\": \"\", \"is_redacted\": false, \"showLongOperationWarning\": false, \"settingsVisible\": false, \"checkStatusTimeout\": null, \"isLoading\": false}, {\"executingBlockingOperation\": null, \"chartSorting\": \"none\", \"wasBatchExecuted\": false, \"chartLimits\": [5, 10, 25, 50, 100], \"chartX\": null, \"previousChartOptions\": {\"chartTimelineType\": \"bar\", \"chartSorting\": \"none\", \"chartLimit\": null, \"chartMapHeat\": null, \"chartMapType\": \"marker\", \"chartX\": null, \"chartYMulti\": [], \"chartScatterSize\": null, \"chartScope\": \"world\", \"chartMapLabel\": null, \"chartScatterGroup\": null, \"chartYSingle\": null, \"chartXPivot\": null}, \"queriesFilterVisible\": false, \"isOptimizing\": false, \"associatedDocumentLoading\": true, \"showChart\": false, \"isResultSettingsVisible\": false, \"chartScope\": \"world\", \"statement_raw\": \"ALTER TABLE training.weather_raw ADD PARTITION(year=2004) LOCATION 's3://dimajix-training/data/weather/2004';\\nALTER TABLE training.weather_raw ADD PARTITION(year=2005) LOCATION 's3://dimajix-training/data/weather/2005';\\nALTER TABLE training.weather_raw ADD PARTITION(year=2006) LOCATION 's3://dimajix-training/data/weather/2006';\\nALTER TABLE training.weather_raw ADD PARTITION(year=2007) LOCATION 's3://dimajix-training/data/weather/2007';\\nALTER TABLE training.weather_raw ADD PARTITION(year=2008) LOCATION 's3://dimajix-training/data/weather/2008';\\nALTER TABLE training.weather_raw ADD PARTITION(year=2009) LOCATION 's3://dimajix-training/data/weather/2009';\\nALTER TABLE training.weather_raw ADD PARTITION(year=2010) LOCATION 's3://dimajix-training/data/weather/2010';\\nALTER TABLE training.weather_raw ADD PARTITION(year=2011) LOCATION 's3://dimajix-training/data/weather/2011';\\nALTER TABLE training.weather_raw ADD PARTITION(year=2012) LOCATION 's3://dimajix-training/data/weather/2012';\\nALTER TABLE training.weather_raw ADD PARTITION(year=2013) LOCATION 's3://dimajix-training/data/weather/2013';\\nALTER TABLE training.weather_raw ADD PARTITION(year=2014) LOCATION 's3://dimajix-training/data/weather/2014';\\n\", \"result\": {\"statement_id\": 10, \"isMetaFilterVisible\": false, \"meta\": [], \"logLines\": 0, \"id\": \"7444f355-126a-5a5b-0cae-03b877488f4d\", \"logs\": \"\", \"statements_count\": 11, \"rows\": \"0\", \"hasSomeResults\": false, \"filteredMetaChecked\": true, \"hasMore\": false, \"filteredMeta\": [], \"type\": \"table\", \"handle\": {\"log_context\": null, \"statements_count\": 11, \"end\": {\"column\": 108, \"row\": 10}, \"statement_id\": 10, \"has_more_statements\": false, \"start\": {\"column\": 0, \"row\": 10}, \"secret\": \"Uz8CX1RKSf6cdB1g5wRQ9w==\\n\", \"has_result_set\": false, \"session_guid\": \"kxfApRoUR4C68UiqRytolw==\\n\", \"statement\": \"ALTER TABLE training.weather_raw ADD PARTITION(year=2014) LOCATION 's3://dimajix-training/data/weather/2014'\", \"operation_type\": 0, \"modified_row_count\": null, \"guid\": \"aMd30kdnQXqDNQYTRoAKvQ==\\n\", \"previous_statement_hash\": \"fa7d13ba54e65e52c08946805b2c8f5cf13b9bc92618d44d4672805a\"}, \"metaFilter\": \"\", \"explanation\": \"\", \"statement_range\": {\"start\": {\"column\": 0, \"row\": 10}, \"end\": {\"column\": 108, \"row\": 10}}, \"startTime\": \"2017-08-04T09:14:36.921Z\", \"data\": [], \"executionTime\": 0, \"fetchedOnce\": false, \"hasResultset\": false, \"endTime\": \"2017-08-04T09:14:36.921Z\"}, \"pinnedContextTabs\": [], \"chartType\": \"bars\", \"viewSettings\": {\"sqlDialect\": true, \"placeHolder\": \"Example: SELECT * FROM tablename, or press CTRL + space\"}, \"chartScatterGroup\": null, \"loadingQueries\": false, \"hasDataForChart\": false, \"id\": \"291d345c-700f-6a84-ded7-f74467f189fe\", \"ddlNotification\": 0.767721548269488, \"compatibilityTarget\": \"\", \"errors\": [], \"chartXPivot\": null, \"aceSize\": 100, \"statusForButtons\": \"executed\", \"chartMapLabel\": null, \"chartData\": [], \"lastExecuted\": 1501838076917, \"queriesHasErrors\": false, \"showLogs\": false, \"errorsKlass\": \"results hive alert alert-error\", \"isReady\": true, \"statement\": \"ALTER TABLE training.weather_raw ADD PARTITION(year=2004) LOCATION 's3://dimajix-training/data/weather/2004';\\nALTER TABLE training.weather_raw ADD PARTITION(year=2005) LOCATION 's3://dimajix-training/data/weather/2005';\\nALTER TABLE training.weather_raw ADD PARTITION(year=2006) LOCATION 's3://dimajix-training/data/weather/2006';\\nALTER TABLE training.weather_raw ADD PARTITION(year=2007) LOCATION 's3://dimajix-training/data/weather/2007';\\nALTER TABLE training.weather_raw ADD PARTITION(year=2008) LOCATION 's3://dimajix-training/data/weather/2008';\\nALTER TABLE training.weather_raw ADD PARTITION(year=2009) LOCATION 's3://dimajix-training/data/weather/2009';\\nALTER TABLE training.weather_raw ADD PARTITION(year=2010) LOCATION 's3://dimajix-training/data/weather/2010';\\nALTER TABLE training.weather_raw ADD PARTITION(year=2011) LOCATION 's3://dimajix-training/data/weather/2011';\\nALTER TABLE training.weather_raw ADD PARTITION(year=2012) LOCATION 's3://dimajix-training/data/weather/2012';\\nALTER TABLE training.weather_raw ADD PARTITION(year=2013) LOCATION 's3://dimajix-training/data/weather/2013';\\nALTER TABLE training.weather_raw ADD PARTITION(year=2014) LOCATION 's3://dimajix-training/data/weather/2014';\\n\", \"progress\": 0, \"type\": \"hive\", \"variables\": [], \"status\": \"available\", \"currentQueryTab\": \"queryHistory\", \"jobs\": [], \"suggestion\": \"\", \"chartMapType\": \"marker\", \"warnings\": [], \"statementType\": \"text\", \"queriesFilter\": \"\", \"variableNames\": [], \"resultsKlass\": \"results hive\", \"queriesCurrentPage\": 1, \"isCanceling\": false, \"queriesTotalPages\": 1, \"formatEnabled\": true, \"chartYMulti\": [], \"dbSelectionVisible\": false, \"delayedDDLNotification\": 0.767721548269488, \"showGrid\": true, \"properties\": {\"files\": [], \"functions\": [], \"arguments\": [], \"settings\": []}, \"isFetchingData\": false, \"chartTimelineType\": \"bar\", \"chartLimit\": null, \"chartMapHeat\": null, \"name\": \"\", \"database\": null, \"statementTypes\": [\"text\", \"file\", \"document\"], \"hasSuggestion\": false, \"complexityCheckActive\": true, \"externalStatementLoaded\": false, \"chartScatterSize\": null, \"compatibilityCheckActive\": true, \"associatedDocumentUuid\": null, \"isBatchable\": true, \"chartYSingle\": null, \"isSqlDialect\": true, \"statementPath\": \"\", \"is_redacted\": false, \"showLongOperationWarning\": false, \"settingsVisible\": false, \"checkStatusTimeout\": null, \"isLoading\": false}, {\"executingBlockingOperation\": null, \"chartSorting\": \"none\", \"wasBatchExecuted\": false, \"chartLimits\": [5, 10, 25, 50, 100], \"chartX\": null, \"previousChartOptions\": {\"chartTimelineType\": \"bar\", \"chartSorting\": \"none\", \"chartLimit\": null, \"chartMapHeat\": null, \"chartMapType\": \"marker\", \"chartX\": null, \"chartYMulti\": [], \"chartScatterSize\": null, \"chartScope\": \"world\", \"chartMapLabel\": null, \"chartScatterGroup\": null, \"chartYSingle\": null, \"chartXPivot\": null}, \"queriesFilterVisible\": false, \"isOptimizing\": false, \"associatedDocumentLoading\": true, \"showChart\": false, \"isResultSettingsVisible\": false, \"chartScope\": \"world\", \"statement_raw\": \"CREATE VIEW training.weather AS\\n    SELECT \\n        year,\\n        SUBSTR(`data`,5,6) AS `usaf`,\\n        SUBSTR(`data`,11,5) AS `wban`, \\n        SUBSTR(`data`,16,8) AS `date`, \\n        SUBSTR(`data`,24,4) AS `time`,\\n        SUBSTR(`data`,42,5) AS report_type,\\n        SUBSTR(`data`,61,3) AS wind_direction, \\n        SUBSTR(`data`,64,1) AS wind_direction_qual, \\n        SUBSTR(`data`,65,1) AS wind_observation, \\n        CAST(SUBSTR(`data`,66,4) AS FLOAT)/10 AS wind_speed,\\n        SUBSTR(`data`,70,1) AS wind_speed_qual,\\n        CAST(SUBSTR(`data`,88,5) AS FLOAT)/10 AS air_temperature, \\n        SUBSTR(`data`,93,1) AS air_temperature_qual \\n    FROM training.weather_raw;\\n\", \"result\": {\"statement_id\": 0, \"isMetaFilterVisible\": false, \"meta\": [], \"logLines\": 0, \"id\": \"568e1c46-be31-9cc8-2890-0e7742a90a4c\", \"logs\": \"\", \"statements_count\": 1, \"rows\": \"0\", \"hasSomeResults\": false, \"filteredMetaChecked\": true, \"hasMore\": false, \"filteredMeta\": [], \"type\": \"table\", \"handle\": {\"log_context\": null, \"statements_count\": 1, \"end\": {\"column\": 667, \"row\": 0}, \"statement_id\": 0, \"has_more_statements\": false, \"start\": {\"column\": 0, \"row\": 0}, \"secret\": \"XZWzKiAAT4yByn46N3zTBw==\\n\", \"has_result_set\": false, \"session_guid\": \"kxfApRoUR4C68UiqRytolw==\\n\", \"statement\": \"CREATE VIEW training.weather AS\\n    SELECT \\n        year,\\n        SUBSTR(`data`,5,6) AS `usaf`,\\n        SUBSTR(`data`,11,5) AS `wban`, \\n        SUBSTR(`data`,16,8) AS `date`, \\n        SUBSTR(`data`,24,4) AS `time`,\\n        SUBSTR(`data`,42,5) AS report_type,\\n        SUBSTR(`data`,61,3) AS wind_direction, \\n        SUBSTR(`data`,64,1) AS wind_direction_qual, \\n        SUBSTR(`data`,65,1) AS wind_observation, \\n        CAST(SUBSTR(`data`,66,4) AS FLOAT)/10 AS wind_speed,\\n        SUBSTR(`data`,70,1) AS wind_speed_qual,\\n        CAST(SUBSTR(`data`,88,5) AS FLOAT)/10 AS air_temperature, \\n        SUBSTR(`data`,93,1) AS air_temperature_qual \\n    FROM training.weather_raw\", \"operation_type\": 0, \"modified_row_count\": null, \"guid\": \"yfW4sNoZRE67yUw8xkz82A==\\n\", \"previous_statement_hash\": \"be5a533e44bc19f24b69b58e84785d282218fbbcb9cf4c1aac618153\"}, \"metaFilter\": \"\", \"explanation\": \"\", \"statement_range\": {\"start\": {\"column\": 0, \"row\": 0}, \"end\": {\"column\": 0, \"row\": 0}}, \"startTime\": \"2017-08-04T09:14:52.329Z\", \"data\": [], \"executionTime\": 0, \"fetchedOnce\": false, \"hasResultset\": false, \"endTime\": \"2017-08-04T09:14:52.329Z\"}, \"pinnedContextTabs\": [], \"chartType\": \"bars\", \"viewSettings\": {\"sqlDialect\": true, \"placeHolder\": \"Example: SELECT * FROM tablename, or press CTRL + space\"}, \"chartScatterGroup\": null, \"loadingQueries\": false, \"hasDataForChart\": false, \"id\": \"c92d9253-10c3-4452-8217-7b97c00a1196\", \"ddlNotification\": 0.09449868789427862, \"compatibilityTarget\": \"\", \"errors\": [], \"chartXPivot\": null, \"aceSize\": 100, \"statusForButtons\": \"executed\", \"chartMapLabel\": null, \"chartData\": [], \"lastExecuted\": 1501838092327, \"queriesHasErrors\": false, \"showLogs\": false, \"errorsKlass\": \"results hive alert alert-error\", \"isReady\": true, \"statement\": \"CREATE VIEW training.weather AS\\n    SELECT \\n        year,\\n        SUBSTR(`data`,5,6) AS `usaf`,\\n        SUBSTR(`data`,11,5) AS `wban`, \\n        SUBSTR(`data`,16,8) AS `date`, \\n        SUBSTR(`data`,24,4) AS `time`,\\n        SUBSTR(`data`,42,5) AS report_type,\\n        SUBSTR(`data`,61,3) AS wind_direction, \\n        SUBSTR(`data`,64,1) AS wind_direction_qual, \\n        SUBSTR(`data`,65,1) AS wind_observation, \\n        CAST(SUBSTR(`data`,66,4) AS FLOAT)/10 AS wind_speed,\\n        SUBSTR(`data`,70,1) AS wind_speed_qual,\\n        CAST(SUBSTR(`data`,88,5) AS FLOAT)/10 AS air_temperature, \\n        SUBSTR(`data`,93,1) AS air_temperature_qual \\n    FROM training.weather_raw;\\n\", \"progress\": 0, \"type\": \"hive\", \"variables\": [], \"status\": \"available\", \"currentQueryTab\": \"queryHistory\", \"jobs\": [], \"suggestion\": \"\", \"chartMapType\": \"marker\", \"warnings\": [], \"statementType\": \"text\", \"queriesFilter\": \"\", \"variableNames\": [], \"resultsKlass\": \"results hive\", \"queriesCurrentPage\": 1, \"isCanceling\": false, \"queriesTotalPages\": 1, \"formatEnabled\": true, \"chartYMulti\": [], \"dbSelectionVisible\": false, \"delayedDDLNotification\": 0.09449868789427862, \"showGrid\": true, \"properties\": {\"files\": [], \"functions\": [], \"arguments\": [], \"settings\": []}, \"isFetchingData\": false, \"chartTimelineType\": \"bar\", \"chartLimit\": null, \"chartMapHeat\": null, \"name\": \"\", \"database\": null, \"statementTypes\": [\"text\", \"file\", \"document\"], \"hasSuggestion\": false, \"complexityCheckActive\": true, \"externalStatementLoaded\": false, \"chartScatterSize\": null, \"compatibilityCheckActive\": true, \"associatedDocumentUuid\": null, \"isBatchable\": true, \"chartYSingle\": null, \"isSqlDialect\": true, \"statementPath\": \"\", \"is_redacted\": false, \"showLongOperationWarning\": false, \"settingsVisible\": false, \"checkStatusTimeout\": null, \"isLoading\": false}, {\"executingBlockingOperation\": null, \"chartSorting\": \"none\", \"wasBatchExecuted\": false, \"chartLimits\": [5, 10, 25, 50, 100], \"chartX\": \"weather.year\", \"previousChartOptions\": {\"chartTimelineType\": \"bar\", \"chartSorting\": \"none\", \"chartLimit\": null, \"chartMapHeat\": null, \"chartMapType\": \"marker\", \"chartX\": null, \"chartYMulti\": [], \"chartScatterSize\": null, \"chartScope\": \"world\", \"chartMapLabel\": null, \"chartScatterGroup\": null, \"chartYSingle\": null, \"chartXPivot\": null}, \"queriesFilterVisible\": false, \"isOptimizing\": false, \"associatedDocumentLoading\": true, \"showChart\": false, \"isResultSettingsVisible\": false, \"chartScope\": \"world\", \"statement_raw\": \"SELECT * FROM training.weather LIMIT 10;\\n\", \"result\": {\"statement_id\": 0, \"isMetaFilterVisible\": false, \"meta\": [], \"logLines\": 0, \"id\": \"77aab00d-e45b-32bb-0c11-13471d4df4e1\", \"logs\": \"\", \"statements_count\": 1, \"rows\": \"10\", \"hasSomeResults\": true, \"filteredMetaChecked\": true, \"hasMore\": false, \"filteredMeta\": [{\"comment\": null, \"checked\": true, \"name\": \"weather.year\", \"originalIndex\": 1, \"cssClass\": \"sort-string\", \"type\": \"STRING_TYPE\"}, {\"comment\": null, \"checked\": true, \"name\": \"weather.usaf\", \"originalIndex\": 2, \"cssClass\": \"sort-string\", \"type\": \"STRING_TYPE\"}, {\"comment\": null, \"checked\": true, \"name\": \"weather.wban\", \"originalIndex\": 3, \"cssClass\": \"sort-string\", \"type\": \"STRING_TYPE\"}, {\"comment\": null, \"checked\": true, \"name\": \"weather.date\", \"originalIndex\": 4, \"cssClass\": \"sort-string\", \"type\": \"STRING_TYPE\"}, {\"comment\": null, \"checked\": true, \"name\": \"weather.time\", \"originalIndex\": 5, \"cssClass\": \"sort-string\", \"type\": \"STRING_TYPE\"}, {\"comment\": null, \"checked\": true, \"name\": \"weather.report_type\", \"originalIndex\": 6, \"cssClass\": \"sort-string\", \"type\": \"STRING_TYPE\"}, {\"comment\": null, \"checked\": true, \"name\": \"weather.wind_direction\", \"originalIndex\": 7, \"cssClass\": \"sort-string\", \"type\": \"STRING_TYPE\"}, {\"comment\": null, \"checked\": true, \"name\": \"weather.wind_direction_qual\", \"originalIndex\": 8, \"cssClass\": \"sort-string\", \"type\": \"STRING_TYPE\"}, {\"comment\": null, \"checked\": true, \"name\": \"weather.wind_observation\", \"originalIndex\": 9, \"cssClass\": \"sort-string\", \"type\": \"STRING_TYPE\"}, {\"comment\": null, \"checked\": true, \"name\": \"weather.wind_speed\", \"originalIndex\": 10, \"cssClass\": \"sort-numeric\", \"type\": \"DOUBLE_TYPE\"}, {\"comment\": null, \"checked\": true, \"name\": \"weather.wind_speed_qual\", \"originalIndex\": 11, \"cssClass\": \"sort-string\", \"type\": \"STRING_TYPE\"}, {\"comment\": null, \"checked\": true, \"name\": \"weather.air_temperature\", \"originalIndex\": 12, \"cssClass\": \"sort-numeric\", \"type\": \"DOUBLE_TYPE\"}, {\"comment\": null, \"checked\": true, \"name\": \"weather.air_temperature_qual\", \"originalIndex\": 13, \"cssClass\": \"sort-string\", \"type\": \"STRING_TYPE\"}], \"type\": \"table\", \"handle\": {\"log_context\": null, \"statements_count\": 1, \"end\": {\"column\": 38, \"row\": 0}, \"statement_id\": 0, \"has_more_statements\": false, \"start\": {\"column\": 0, \"row\": 0}, \"secret\": \"urtbq/LlRHOkxsr4UEHNaw==\\n\", \"has_result_set\": true, \"session_guid\": \"kxfApRoUR4C68UiqRytolw==\\n\", \"statement\": \"SELECT * FROM training.weather LIMIT 10\", \"operation_type\": 0, \"modified_row_count\": null, \"guid\": \"0KkI8tPFTjqIuSrFPr3PMQ==\\n\", \"previous_statement_hash\": \"4f99ae22f8aef904172fe73f79451792bfd058b534c3033bc5bc47b6\"}, \"metaFilter\": \"\", \"explanation\": \"\", \"statement_range\": {\"start\": {\"column\": 0, \"row\": 0}, \"end\": {\"column\": 0, \"row\": 0}}, \"startTime\": \"2017-08-04T09:15:09.049Z\", \"data\": [], \"executionTime\": 1, \"fetchedOnce\": false, \"hasResultset\": true, \"endTime\": \"2017-08-04T09:15:09.050Z\"}, \"pinnedContextTabs\": [], \"chartXPivot\": null, \"viewSettings\": {\"sqlDialect\": true, \"placeHolder\": \"Example: SELECT * FROM tablename, or press CTRL + space\"}, \"chartScatterGroup\": null, \"loadingQueries\": false, \"hasDataForChart\": true, \"id\": \"a47e0fe5-d6fc-4355-8dad-8e7e3b7ab8db\", \"showLongOperationWarning\": false, \"compatibilityTarget\": \"\", \"errors\": [], \"chartMapHeat\": null, \"aceSize\": 100, \"statusForButtons\": \"executed\", \"chartMapLabel\": null, \"chartData\": [], \"lastExecuted\": 1501838109045, \"queriesHasErrors\": false, \"showLogs\": false, \"errorsKlass\": \"results hive alert alert-error\", \"isReady\": true, \"statement\": \"SELECT * FROM training.weather LIMIT 10;\\n\", \"progress\": 0, \"type\": \"hive\", \"variables\": [], \"status\": \"available\", \"currentQueryTab\": \"queryResults\", \"jobs\": [], \"suggestion\": \"\", \"chartMapType\": \"marker\", \"warnings\": [], \"statementType\": \"text\", \"queriesFilter\": \"\", \"variableNames\": [], \"resultsKlass\": \"results hive\", \"queriesCurrentPage\": 1, \"isCanceling\": false, \"queriesTotalPages\": 1, \"formatEnabled\": true, \"chartYMulti\": [\"weather.air_temperature\"], \"dbSelectionVisible\": false, \"chartType\": \"bars\", \"showGrid\": true, \"properties\": {\"files\": [], \"functions\": [], \"arguments\": [], \"settings\": []}, \"isFetchingData\": false, \"chartTimelineType\": \"bar\", \"chartLimit\": null, \"name\": \"\", \"database\": null, \"statementTypes\": [\"text\", \"file\", \"document\"], \"hasSuggestion\": false, \"complexityCheckActive\": true, \"externalStatementLoaded\": false, \"chartScatterSize\": null, \"compatibilityCheckActive\": true, \"associatedDocumentUuid\": null, \"isBatchable\": true, \"chartYSingle\": null, \"isSqlDialect\": true, \"statementPath\": \"\", \"is_redacted\": false, \"settingsVisible\": false, \"checkStatusTimeout\": null, \"isLoading\": false}, {\"executingBlockingOperation\": null, \"chartSorting\": \"none\", \"wasBatchExecuted\": false, \"chartLimits\": [5, 10, 25, 50, 100], \"chartX\": null, \"previousChartOptions\": {\"chartTimelineType\": \"bar\", \"chartSorting\": \"none\", \"chartLimit\": null, \"chartMapHeat\": null, \"chartMapType\": \"marker\", \"chartX\": null, \"chartYMulti\": [], \"chartScatterSize\": null, \"chartScope\": \"world\", \"chartMapLabel\": null, \"chartScatterGroup\": null, \"chartYSingle\": null, \"chartXPivot\": null}, \"queriesFilterVisible\": false, \"isOptimizing\": false, \"associatedDocumentLoading\": true, \"showChart\": false, \"isResultSettingsVisible\": false, \"chartScope\": \"world\", \"statement_raw\": \"CREATE EXTERNAL TABLE training.stations(\\n    usaf STRING,\\n    wban STRING,\\n    name STRING,\\n    country STRING,\\n    state STRING,\\n    icao STRING,\\n    latitude FLOAT,\\n    longitude FLOAT,\\n    elevation FLOAT,\\n    date_begin STRING,\\n    date_end STRING) \\nROW FORMAT SERDE 'org.apache.hadoop.hive.serde2.OpenCSVSerde'\\nWITH SERDEPROPERTIES (\\n   \\\"separatorChar\\\" = \\\",\\\",\\n   \\\"quoteChar\\\"     = \\\"\\\\\\\"\\\",\\n   \\\"escapeChar\\\"    = \\\"\\\\\\\\\\\"\\n)\\nSTORED AS TEXTFILE\\nLOCATION 's3://dimajix-training/data/weather/isd-history'\\nTBLPROPERTIES (\\\"skip.header.line.count\\\"=\\\"1\\\");\\n\\n\", \"result\": {\"statement_id\": 0, \"isMetaFilterVisible\": false, \"meta\": [], \"logLines\": 0, \"id\": \"ed2a214c-bdd7-d6aa-38e9-d490151689c7\", \"logs\": \"\", \"statements_count\": 1, \"rows\": \"0\", \"hasSomeResults\": false, \"filteredMetaChecked\": true, \"hasMore\": false, \"filteredMeta\": [], \"type\": \"table\", \"handle\": {\"log_context\": null, \"statements_count\": 1, \"end\": {\"column\": 540, \"row\": 0}, \"statement_id\": 0, \"has_more_statements\": false, \"start\": {\"column\": 0, \"row\": 0}, \"secret\": \"bw2T93rVSbeXXJ/h4YTiZA==\\n\", \"has_result_set\": false, \"session_guid\": \"kxfApRoUR4C68UiqRytolw==\\n\", \"statement\": \"CREATE EXTERNAL TABLE training.stations(\\n    usaf STRING,\\n    wban STRING,\\n    name STRING,\\n    country STRING,\\n    state STRING,\\n    icao STRING,\\n    latitude FLOAT,\\n    longitude FLOAT,\\n    elevation FLOAT,\\n    date_begin STRING,\\n    date_end STRING) \\nROW FORMAT SERDE 'org.apache.hadoop.hive.serde2.OpenCSVSerde'\\nWITH SERDEPROPERTIES (\\n   \\\"separatorChar\\\" = \\\",\\\",\\n   \\\"quoteChar\\\"     = \\\"\\\\\\\"\\\",\\n   \\\"escapeChar\\\"    = \\\"\\\\\\\\\\\"\\n)\\nSTORED AS TEXTFILE\\nLOCATION 's3://dimajix-training/data/weather/isd-history'\\nTBLPROPERTIES (\\\"skip.header.line.count\\\"=\\\"1\\\")\", \"operation_type\": 0, \"modified_row_count\": null, \"guid\": \"nU0iY8POSE6QDqwlI9i0Qg==\\n\", \"previous_statement_hash\": \"414c551d7f019ead4cca46973be24d2f334edf17323d6c0538233bf3\"}, \"metaFilter\": \"\", \"explanation\": \"\", \"statement_range\": {\"start\": {\"column\": 0, \"row\": 0}, \"end\": {\"column\": 0, \"row\": 0}}, \"startTime\": \"2017-08-04T09:15:34.328Z\", \"data\": [], \"executionTime\": 0, \"fetchedOnce\": false, \"hasResultset\": false, \"endTime\": \"2017-08-04T09:15:34.328Z\"}, \"pinnedContextTabs\": [], \"chartType\": \"bars\", \"viewSettings\": {\"sqlDialect\": true, \"placeHolder\": \"Example: SELECT * FROM tablename, or press CTRL + space\"}, \"chartScatterGroup\": null, \"loadingQueries\": false, \"hasDataForChart\": false, \"id\": \"12648d82-9814-a2c8-991a-9694b62d9853\", \"ddlNotification\": 0.980709282723641, \"compatibilityTarget\": \"\", \"errors\": [], \"chartXPivot\": null, \"aceSize\": 100, \"statusForButtons\": \"executed\", \"chartMapLabel\": null, \"chartData\": [], \"lastExecuted\": 1501838134326, \"queriesHasErrors\": false, \"showLogs\": false, \"errorsKlass\": \"results hive alert alert-error\", \"isReady\": true, \"statement\": \"CREATE EXTERNAL TABLE training.stations(\\n    usaf STRING,\\n    wban STRING,\\n    name STRING,\\n    country STRING,\\n    state STRING,\\n    icao STRING,\\n    latitude FLOAT,\\n    longitude FLOAT,\\n    elevation FLOAT,\\n    date_begin STRING,\\n    date_end STRING) \\nROW FORMAT SERDE 'org.apache.hadoop.hive.serde2.OpenCSVSerde'\\nWITH SERDEPROPERTIES (\\n   \\\"separatorChar\\\" = \\\",\\\",\\n   \\\"quoteChar\\\"     = \\\"\\\\\\\"\\\",\\n   \\\"escapeChar\\\"    = \\\"\\\\\\\\\\\"\\n)\\nSTORED AS TEXTFILE\\nLOCATION 's3://dimajix-training/data/weather/isd-history'\\nTBLPROPERTIES (\\\"skip.header.line.count\\\"=\\\"1\\\");\\n\\n\", \"progress\": 0, \"type\": \"hive\", \"variables\": [], \"status\": \"available\", \"currentQueryTab\": \"queryHistory\", \"jobs\": [], \"suggestion\": \"\", \"chartMapType\": \"marker\", \"warnings\": [], \"statementType\": \"text\", \"queriesFilter\": \"\", \"variableNames\": [], \"resultsKlass\": \"results hive\", \"queriesCurrentPage\": 1, \"isCanceling\": false, \"queriesTotalPages\": 1, \"formatEnabled\": true, \"chartYMulti\": [], \"dbSelectionVisible\": false, \"delayedDDLNotification\": 0.980709282723641, \"showGrid\": true, \"properties\": {\"files\": [], \"functions\": [], \"arguments\": [], \"settings\": []}, \"isFetchingData\": false, \"chartTimelineType\": \"bar\", \"chartLimit\": null, \"chartMapHeat\": null, \"name\": \"\", \"database\": null, \"statementTypes\": [\"text\", \"file\", \"document\"], \"hasSuggestion\": false, \"complexityCheckActive\": true, \"externalStatementLoaded\": false, \"chartScatterSize\": null, \"compatibilityCheckActive\": true, \"associatedDocumentUuid\": null, \"isBatchable\": true, \"chartYSingle\": null, \"isSqlDialect\": true, \"statementPath\": \"\", \"is_redacted\": false, \"showLongOperationWarning\": false, \"settingsVisible\": false, \"checkStatusTimeout\": null, \"isLoading\": false}, {\"executingBlockingOperation\": null, \"chartSorting\": \"none\", \"wasBatchExecuted\": false, \"chartLimits\": [5, 10, 25, 50, 100], \"chartX\": null, \"previousChartOptions\": {}, \"queriesFilterVisible\": false, \"isOptimizing\": false, \"associatedDocumentLoading\": true, \"showChart\": false, \"isResultSettingsVisible\": false, \"chartScope\": \"world\", \"statement_raw\": \"\", \"result\": {\"statement_id\": 0, \"isMetaFilterVisible\": false, \"meta\": [], \"logLines\": 0, \"id\": \"cfbbd766-f4ae-977e-3f05-b57320d22eb8\", \"logs\": \"\", \"statements_count\": 1, \"rows\": null, \"hasSomeResults\": false, \"filteredMetaChecked\": true, \"hasMore\": false, \"filteredMeta\": [], \"type\": \"table\", \"handle\": {}, \"metaFilter\": \"\", \"explanation\": \"\", \"statement_range\": {\"start\": {\"column\": 0, \"row\": 0}, \"end\": {\"column\": 0, \"row\": 0}}, \"startTime\": \"2017-08-04T09:15:35.067Z\", \"data\": [], \"previous_statement_hash\": null, \"executionTime\": 0, \"fetchedOnce\": false, \"hasResultset\": true, \"endTime\": \"2017-08-04T09:15:35.067Z\"}, \"pinnedContextTabs\": [], \"chartXPivot\": null, \"viewSettings\": {\"sqlDialect\": true, \"placeHolder\": \"Example: SELECT * FROM tablename, or press CTRL + space\"}, \"chartScatterGroup\": null, \"loadingQueries\": false, \"hasDataForChart\": false, \"id\": \"3ae9fcf7-92a8-fb9d-5d3f-e09b4485db9a\", \"showLongOperationWarning\": false, \"compatibilityTarget\": \"\", \"errors\": [], \"chartMapHeat\": null, \"aceSize\": 100, \"statusForButtons\": \"executed\", \"chartMapLabel\": null, \"chartData\": [], \"lastExecuted\": 0, \"queriesHasErrors\": false, \"showLogs\": false, \"errorsKlass\": \"results hive alert alert-error\", \"isReady\": false, \"statement\": \"\", \"progress\": 0, \"type\": \"hive\", \"variables\": [], \"status\": \"failed\", \"currentQueryTab\": \"queryHistory\", \"jobs\": [], \"suggestion\": \"\", \"chartMapType\": \"marker\", \"warnings\": [], \"statementType\": \"text\", \"queriesFilter\": \"\", \"variableNames\": [], \"resultsKlass\": \"results hive\", \"queriesCurrentPage\": 1, \"isCanceling\": false, \"queriesTotalPages\": 1, \"formatEnabled\": true, \"chartYMulti\": [], \"dbSelectionVisible\": false, \"chartType\": \"bars\", \"showGrid\": true, \"properties\": {\"files\": [], \"functions\": [], \"arguments\": [], \"settings\": []}, \"isFetchingData\": false, \"chartTimelineType\": \"bar\", \"chartLimit\": null, \"name\": \"\", \"database\": null, \"statementTypes\": [\"text\", \"file\", \"document\"], \"hasSuggestion\": false, \"complexityCheckActive\": true, \"externalStatementLoaded\": false, \"chartScatterSize\": null, \"compatibilityCheckActive\": true, \"associatedDocumentUuid\": null, \"isBatchable\": true, \"chartYSingle\": null, \"isSqlDialect\": true, \"statementPath\": \"\", \"is_redacted\": false, \"settingsVisible\": false, \"checkStatusTimeout\": null, \"isLoading\": false}], \"name\": \"Weather Preparations Hue\", \"coordinatorUuid\": null, \"uuid\": \"3254dde2-41ce-41b1-f7df-54f6d9a24c26\", \"creatingSessionLocks\": [], \"onSuccessUrl\": null, \"directoryUuid\": \"\", \"historyFilterVisible\": false, \"loadingScheduler\": false, \"retryModalConfirm\": null, \"viewSchedulerId\": \"\", \"selectedSnippet\": \"hive\", \"type\": \"notebook\", \"isSaved\": true, \"unloaded\": false, \"dependentsCoordinator\": []}", 
    "name": "Weather Preparations Hue"
  }
}
]
