[
{
  "pk": 4, 
  "model": "desktop.document2", 
  "fields": {
    "search": "CREATE DATABASE weather", 
    "uuid": "aaf1f0f5-85b9-b65d-fe45-6b731b7181a9", 
    "extra": "", 
    "type": "notebook", 
    "description": "", 
    "is_history": false, 
    "parent_directory": [
      "8c08c744-e4d4-4959-99d3-9448edf1a142", 
      1, 
      false
    ], 
    "is_managed": false, 
    "last_modified": "2017-08-02T06:29:12", 
    "version": 1, 
    "owner": [
      "hadoop"
    ], 
    "dependencies": [], 
    "data": "{\"parentSavedQueryUuid\": null, \"historyFilter\": \"\", \"description\": \"\", \"sessions\": [{\"type\": \"hive\", \"properties\": [{\"multiple\": true, \"defaultValue\": [], \"value\": [], \"nice_name\": \"Files\", \"key\": \"files\", \"help_text\": \"Add one or more files, jars, or archives to the list of resources.\", \"type\": \"hdfs-files\"}, {\"multiple\": true, \"defaultValue\": [], \"value\": [], \"nice_name\": \"Functions\", \"key\": \"functions\", \"help_text\": \"Add one or more registered UDFs (requires function name and fully-qualified class name).\", \"type\": \"functions\"}, {\"multiple\": true, \"defaultValue\": [], \"value\": [], \"nice_name\": \"Settings\", \"key\": \"settings\", \"help_text\": \"Hive and Hadoop configuration properties.\", \"type\": \"settings\", \"options\": [\"hive.map.aggr\", \"hive.exec.compress.output\", \"hive.exec.parallel\", \"hive.execution.engine\", \"mapreduce.job.queuename\"]}], \"id\": 1}], \"updateHistoryFailed\": false, \"loadingHistory\": true, \"schedulerViewModel\": null, \"retryModalCancel\": null, \"schedulerViewModelIsLoaded\": false, \"isBatchable\": true, \"isHistory\": false, \"id\": 4, \"snippets\": [{\"executingBlockingOperation\": null, \"chartSorting\": \"none\", \"wasBatchExecuted\": false, \"chartLimits\": [5, 10, 25, 50, 100], \"chartX\": null, \"previousChartOptions\": {\"chartTimelineType\": \"bar\", \"chartSorting\": \"none\", \"chartLimit\": null, \"chartMapHeat\": null, \"chartMapType\": \"marker\", \"chartX\": null, \"chartYMulti\": [], \"chartScatterSize\": null, \"chartScope\": \"world\", \"chartMapLabel\": null, \"chartScatterGroup\": null, \"chartYSingle\": null, \"chartXPivot\": null}, \"queriesFilterVisible\": false, \"isOptimizing\": false, \"associatedDocumentLoading\": true, \"showChart\": false, \"isResultSettingsVisible\": false, \"chartScope\": \"world\", \"statement_raw\": \"CREATE DATABASE weather;\", \"result\": {\"statement_id\": 0, \"isMetaFilterVisible\": false, \"meta\": [], \"logLines\": 0, \"id\": \"8d7140f5-25f8-dccd-3776-28731379fc67\", \"logs\": \"\", \"statements_count\": 1, \"rows\": \"0\", \"hasSomeResults\": false, \"filteredMetaChecked\": true, \"hasMore\": false, \"filteredMeta\": [], \"type\": \"table\", \"handle\": {\"log_context\": null, \"statements_count\": 1, \"end\": {\"column\": 22, \"row\": 0}, \"statement_id\": 0, \"has_more_statements\": false, \"start\": {\"column\": 0, \"row\": 0}, \"secret\": \"SUMBmxB1QOaFw6w1hYY9eQ==\\n\", \"has_result_set\": false, \"session_guid\": \"s7PoRhALShGB4TPkKjruEA==\\n\", \"statement\": \"CREATE DATABASE weather\", \"operation_type\": 0, \"modified_row_count\": null, \"guid\": \"S+dr5nIuTDyP9Ht9DG5rog==\\n\", \"previous_statement_hash\": \"c32f169344f164a24c2e825d281e7d877aa5b2d3e0710d8ad9a90f11\"}, \"metaFilter\": \"\", \"explanation\": \"\", \"statement_range\": {\"start\": {\"column\": 0, \"row\": 0}, \"end\": {\"column\": 0, \"row\": 0}}, \"startTime\": \"2017-08-02T12:23:57.963Z\", \"data\": [], \"executionTime\": 0, \"fetchedOnce\": false, \"hasResultset\": false, \"endTime\": \"2017-08-02T12:23:57.963Z\"}, \"pinnedContextTabs\": [], \"chartType\": \"bars\", \"viewSettings\": {\"sqlDialect\": true, \"placeHolder\": \"Example: SELECT * FROM tablename, or press CTRL + space\"}, \"chartScatterGroup\": null, \"loadingQueries\": false, \"hasDataForChart\": false, \"id\": \"7f91bd5a-d2ae-f0d0-0354-6e5422991322\", \"ddlNotification\": 0.20317464469179658, \"compatibilityTarget\": \"\", \"errors\": [], \"chartXPivot\": null, \"aceSize\": 100, \"statusForButtons\": \"executed\", \"chartMapLabel\": null, \"chartData\": [], \"lastExecuted\": 1501676637960, \"queriesHasErrors\": false, \"showLogs\": false, \"errorsKlass\": \"results hive alert alert-error\", \"isReady\": true, \"statement\": \"CREATE DATABASE weather;\", \"progress\": 0, \"type\": \"hive\", \"variables\": [], \"status\": \"available\", \"currentQueryTab\": \"queryHistory\", \"jobs\": [], \"suggestion\": \"\", \"chartMapType\": \"marker\", \"warnings\": [], \"statementType\": \"text\", \"queriesFilter\": \"\", \"variableNames\": [], \"resultsKlass\": \"results hive\", \"queriesCurrentPage\": 1, \"isCanceling\": false, \"queriesTotalPages\": 1, \"formatEnabled\": true, \"chartYMulti\": [], \"dbSelectionVisible\": false, \"delayedDDLNotification\": 0.20317464469179658, \"showGrid\": true, \"properties\": {\"files\": [], \"functions\": [], \"arguments\": [], \"settings\": []}, \"isFetchingData\": false, \"chartTimelineType\": \"bar\", \"chartLimit\": null, \"chartMapHeat\": null, \"name\": \"\", \"database\": \"default\", \"statementTypes\": [\"text\", \"file\", \"document\"], \"hasSuggestion\": false, \"complexityCheckActive\": true, \"externalStatementLoaded\": false, \"chartScatterSize\": null, \"compatibilityCheckActive\": true, \"associatedDocumentUuid\": null, \"isBatchable\": true, \"chartYSingle\": null, \"isSqlDialect\": true, \"statementPath\": \"\", \"is_redacted\": false, \"showLongOperationWarning\": false, \"settingsVisible\": false, \"checkStatusTimeout\": null, \"isLoading\": false}, {\"executingBlockingOperation\": null, \"chartSorting\": \"none\", \"wasBatchExecuted\": false, \"chartLimits\": [5, 10, 25, 50, 100], \"chartX\": null, \"previousChartOptions\": {\"chartTimelineType\": \"bar\", \"chartSorting\": \"none\", \"chartLimit\": null, \"chartMapHeat\": null, \"chartMapType\": \"marker\", \"chartX\": null, \"chartYMulti\": [], \"chartScatterSize\": null, \"chartScope\": \"world\", \"chartMapLabel\": null, \"chartScatterGroup\": null, \"chartYSingle\": null, \"chartXPivot\": null}, \"queriesFilterVisible\": false, \"isOptimizing\": false, \"associatedDocumentLoading\": true, \"showChart\": false, \"isResultSettingsVisible\": false, \"chartScope\": \"world\", \"statement_raw\": \"CREATE EXTERNAL TABLE weather.weather_2011(\\n    data STRING\\n)\\nSTORED AS TEXTFILE\\nLOCATION 's3://dimajix-training/data/weather/2011';\", \"result\": {\"statement_id\": 0, \"isMetaFilterVisible\": false, \"meta\": [], \"logLines\": 0, \"id\": \"e0ccb4a2-a4d5-e6ce-d636-638f05e170a7\", \"logs\": \"\", \"statements_count\": 1, \"rows\": \"0\", \"hasSomeResults\": false, \"filteredMetaChecked\": true, \"hasMore\": false, \"filteredMeta\": [], \"type\": \"table\", \"handle\": {\"log_context\": null, \"statements_count\": 1, \"end\": {\"column\": 130, \"row\": 0}, \"statement_id\": 0, \"has_more_statements\": false, \"start\": {\"column\": 0, \"row\": 0}, \"secret\": \"3CNY3j7vSziU5ImVFPEVgg==\\n\", \"has_result_set\": false, \"session_guid\": \"s7PoRhALShGB4TPkKjruEA==\\n\", \"statement\": \"CREATE EXTERNAL TABLE weather.weather_2011(\\n    data STRING\\n)\\nSTORED AS TEXTFILE\\nLOCATION 's3://dimajix-training/data/weather/2011'\", \"operation_type\": 0, \"modified_row_count\": null, \"guid\": \"uSRBvV3OS6KWr4Ua9qlLVQ==\\n\", \"previous_statement_hash\": \"82203b5d5e0e28ffa937f2edbecff6a411950955a2722f20b19a653d\"}, \"metaFilter\": \"\", \"explanation\": \"\", \"statement_range\": {\"start\": {\"column\": 0, \"row\": 0}, \"end\": {\"column\": 0, \"row\": 0}}, \"startTime\": \"2017-08-02T12:33:01.078Z\", \"data\": [], \"executionTime\": 0, \"fetchedOnce\": false, \"hasResultset\": false, \"endTime\": \"2017-08-02T12:33:01.078Z\"}, \"pinnedContextTabs\": [], \"chartType\": \"bars\", \"viewSettings\": {\"sqlDialect\": true, \"placeHolder\": \"Example: SELECT * FROM tablename, or press CTRL + space\"}, \"chartScatterGroup\": null, \"loadingQueries\": false, \"hasDataForChart\": false, \"id\": \"e9d43af1-ddc8-c131-9cc6-27522d1b76a5\", \"ddlNotification\": 0.5397543353400418, \"compatibilityTarget\": \"\", \"errors\": [], \"chartXPivot\": null, \"aceSize\": 100, \"statusForButtons\": \"executed\", \"chartMapLabel\": null, \"chartData\": [], \"lastExecuted\": 1501677181075, \"queriesHasErrors\": false, \"showLogs\": false, \"errorsKlass\": \"results hive alert alert-error\", \"isReady\": true, \"statement\": \"data STRIN\", \"progress\": 0, \"type\": \"hive\", \"variables\": [], \"status\": \"available\", \"currentQueryTab\": \"queryHistory\", \"jobs\": [], \"suggestion\": \"\", \"chartMapType\": \"marker\", \"warnings\": [], \"statementType\": \"text\", \"queriesFilter\": \"\", \"variableNames\": [], \"resultsKlass\": \"results hive\", \"queriesCurrentPage\": 1, \"isCanceling\": false, \"queriesTotalPages\": 1, \"formatEnabled\": true, \"chartYMulti\": [], \"dbSelectionVisible\": false, \"delayedDDLNotification\": 0.5397543353400418, \"showGrid\": true, \"properties\": {\"files\": [], \"functions\": [], \"arguments\": [], \"settings\": []}, \"isFetchingData\": false, \"chartTimelineType\": \"bar\", \"chartLimit\": null, \"chartMapHeat\": null, \"name\": \"\", \"database\": \"default\", \"statementTypes\": [\"text\", \"file\", \"document\"], \"hasSuggestion\": false, \"complexityCheckActive\": true, \"externalStatementLoaded\": false, \"chartScatterSize\": null, \"compatibilityCheckActive\": true, \"associatedDocumentUuid\": null, \"isBatchable\": true, \"chartYSingle\": null, \"isSqlDialect\": true, \"statementPath\": \"\", \"is_redacted\": false, \"showLongOperationWarning\": false, \"settingsVisible\": false, \"checkStatusTimeout\": null, \"isLoading\": false}, {\"executingBlockingOperation\": null, \"chartSorting\": \"none\", \"wasBatchExecuted\": false, \"chartLimits\": [5, 10, 25, 50, 100], \"chartX\": \"weather_2011.data\", \"previousChartOptions\": {\"chartTimelineType\": \"bar\", \"chartSorting\": \"none\", \"chartLimit\": null, \"chartMapHeat\": null, \"chartMapType\": \"marker\", \"chartX\": null, \"chartYMulti\": [], \"chartScatterSize\": null, \"chartScope\": \"world\", \"chartMapLabel\": null, \"chartScatterGroup\": null, \"chartYSingle\": null, \"chartXPivot\": null}, \"queriesFilterVisible\": false, \"isOptimizing\": false, \"associatedDocumentLoading\": true, \"showChart\": false, \"isResultSettingsVisible\": false, \"chartScope\": \"world\", \"statement_raw\": \"SELECT * \\nFROM weather.weather_2011 \\nLIMIT 10\", \"result\": {\"statement_id\": 0, \"isMetaFilterVisible\": false, \"meta\": [], \"logLines\": 0, \"id\": \"571f03e8-88b5-b8d2-e695-5914092c20b1\", \"logs\": \"\", \"statements_count\": 1, \"rows\": \"10\", \"hasSomeResults\": true, \"filteredMetaChecked\": true, \"hasMore\": false, \"filteredMeta\": [{\"comment\": null, \"checked\": true, \"name\": \"weather_2011.data\", \"originalIndex\": 1, \"cssClass\": \"sort-string\", \"type\": \"STRING_TYPE\"}], \"type\": \"table\", \"handle\": {\"log_context\": null, \"statements_count\": 1, \"end\": {\"column\": 44, \"row\": 0}, \"statement_id\": 0, \"has_more_statements\": false, \"start\": {\"column\": 0, \"row\": 0}, \"secret\": \"sMONBsjmTw6gbcabh7Szug==\\n\", \"has_result_set\": true, \"session_guid\": \"s7PoRhALShGB4TPkKjruEA==\\n\", \"statement\": \"SELECT * \\nFROM weather.weather_2011 \\nLIMIT 10\", \"operation_type\": 0, \"modified_row_count\": null, \"guid\": \"UEn4d+LBTrSBNwOAv1Ag2g==\\n\", \"previous_statement_hash\": \"efac45cc160473f83904bdb3374da5dbb04000c756ac2c3defa0e0d4\"}, \"metaFilter\": \"\", \"explanation\": \"\", \"statement_range\": {\"start\": {\"column\": 0, \"row\": 0}, \"end\": {\"column\": 0, \"row\": 0}}, \"startTime\": \"2017-08-02T12:34:53.588Z\", \"data\": [], \"executionTime\": 0, \"fetchedOnce\": false, \"hasResultset\": true, \"endTime\": \"2017-08-02T12:34:53.588Z\"}, \"pinnedContextTabs\": [], \"chartXPivot\": null, \"viewSettings\": {\"sqlDialect\": true, \"placeHolder\": \"Example: SELECT * FROM tablename, or press CTRL + space\"}, \"chartScatterGroup\": null, \"loadingQueries\": false, \"hasDataForChart\": false, \"id\": \"55705441-6897-0545-72ce-d9d22e6dd872\", \"showLongOperationWarning\": false, \"compatibilityTarget\": \"\", \"errors\": [], \"chartMapHeat\": null, \"aceSize\": 100, \"statusForButtons\": \"executed\", \"chartMapLabel\": null, \"chartData\": [], \"lastExecuted\": 1501677293584, \"queriesHasErrors\": false, \"showLogs\": false, \"errorsKlass\": \"results hive alert alert-error\", \"isReady\": true, \"statement\": \"SELECT * \\nFROM weather.weather_2011 \\nLIMIT 10\", \"progress\": 0, \"type\": \"hive\", \"variables\": [], \"status\": \"available\", \"currentQueryTab\": \"queryResults\", \"jobs\": [], \"suggestion\": \"\", \"chartMapType\": \"marker\", \"warnings\": [], \"statementType\": \"text\", \"queriesFilter\": \"\", \"variableNames\": [], \"resultsKlass\": \"results hive\", \"queriesCurrentPage\": 1, \"isCanceling\": false, \"queriesTotalPages\": 1, \"formatEnabled\": true, \"chartYMulti\": [], \"dbSelectionVisible\": false, \"chartType\": \"bars\", \"showGrid\": true, \"properties\": {\"files\": [], \"functions\": [], \"arguments\": [], \"settings\": []}, \"isFetchingData\": false, \"chartTimelineType\": \"bar\", \"chartLimit\": null, \"name\": \"\", \"database\": \"default\", \"statementTypes\": [\"text\", \"file\", \"document\"], \"hasSuggestion\": false, \"complexityCheckActive\": true, \"externalStatementLoaded\": false, \"chartScatterSize\": null, \"compatibilityCheckActive\": true, \"associatedDocumentUuid\": null, \"isBatchable\": true, \"chartYSingle\": null, \"isSqlDialect\": true, \"statementPath\": \"\", \"is_redacted\": false, \"settingsVisible\": false, \"checkStatusTimeout\": null, \"isLoading\": false}, {\"executingBlockingOperation\": null, \"chartSorting\": \"none\", \"wasBatchExecuted\": false, \"chartLimits\": [5, 10, 25, 50, 100], \"chartX\": \"uasf\", \"previousChartOptions\": {\"chartTimelineType\": \"bar\", \"chartSorting\": \"none\", \"chartLimit\": null, \"chartMapHeat\": null, \"chartMapType\": \"marker\", \"chartX\": null, \"chartYMulti\": [], \"chartScatterSize\": null, \"chartScope\": \"world\", \"chartMapLabel\": null, \"chartScatterGroup\": null, \"chartYSingle\": null, \"chartXPivot\": null}, \"queriesFilterVisible\": false, \"isOptimizing\": false, \"associatedDocumentLoading\": true, \"showChart\": false, \"isResultSettingsVisible\": false, \"chartScope\": \"world\", \"statement_raw\": \"SELECT\\n    SUBSTR(data,5,6) AS uasf,\\n    SUBSTR(data,11,5) AS wban,\\n    SUBSTR(data,16,8) AS mdate,\\n    SUBSTR(data,24,4) AS mtime,\\n    SUBSTR(data,88,5) AS air_temperature,\\n    SUBSTR(data,93,1) AS air_temperature_qual\\nFROM weather.weather_2011\\nLIMIT 10;\", \"result\": {\"statement_id\": 0, \"isMetaFilterVisible\": false, \"meta\": [], \"logLines\": 0, \"id\": \"9a64e379-5bcc-9fd5-d759-69cf31f2d066\", \"logs\": \"\", \"statements_count\": 1, \"rows\": \"10\", \"hasSomeResults\": true, \"filteredMetaChecked\": true, \"hasMore\": false, \"filteredMeta\": [{\"comment\": null, \"checked\": true, \"name\": \"uasf\", \"originalIndex\": 1, \"cssClass\": \"sort-string\", \"type\": \"STRING_TYPE\"}, {\"comment\": null, \"checked\": true, \"name\": \"wban\", \"originalIndex\": 2, \"cssClass\": \"sort-string\", \"type\": \"STRING_TYPE\"}, {\"comment\": null, \"checked\": true, \"name\": \"mdate\", \"originalIndex\": 3, \"cssClass\": \"sort-string\", \"type\": \"STRING_TYPE\"}, {\"comment\": null, \"checked\": true, \"name\": \"mtime\", \"originalIndex\": 4, \"cssClass\": \"sort-string\", \"type\": \"STRING_TYPE\"}, {\"comment\": null, \"checked\": true, \"name\": \"air_temperature\", \"originalIndex\": 5, \"cssClass\": \"sort-string\", \"type\": \"STRING_TYPE\"}, {\"comment\": null, \"checked\": true, \"name\": \"air_temperature_qual\", \"originalIndex\": 6, \"cssClass\": \"sort-string\", \"type\": \"STRING_TYPE\"}], \"type\": \"table\", \"handle\": {\"log_context\": null, \"statements_count\": 1, \"end\": {\"column\": 253, \"row\": 0}, \"statement_id\": 0, \"has_more_statements\": false, \"start\": {\"column\": 0, \"row\": 0}, \"secret\": \"aCwbg/dERG+V/Z6VQbQaiA==\\n\", \"has_result_set\": true, \"session_guid\": \"s7PoRhALShGB4TPkKjruEA==\\n\", \"statement\": \"SELECT\\n    SUBSTR(data,5,6) AS uasf,\\n    SUBSTR(data,11,5) AS wban,\\n    SUBSTR(data,16,8) AS mdate,\\n    SUBSTR(data,24,4) AS mtime,\\n    SUBSTR(data,88,5) AS air_temperature,\\n    SUBSTR(data,93,1) AS air_temperature_qual\\nFROM weather.weather_2011\\nLIMIT 10\", \"operation_type\": 0, \"modified_row_count\": null, \"guid\": \"FkLTfeN0QreQ9GPdN9AERw==\\n\", \"previous_statement_hash\": \"862e9c15bd23c9285a18f0ed0cb7fdeeb5c4b7b2b9f01d41b2d92208\"}, \"metaFilter\": \"\", \"explanation\": \"\", \"statement_range\": {\"start\": {\"column\": 0, \"row\": 0}, \"end\": {\"column\": 0, \"row\": 0}}, \"startTime\": \"2017-08-02T12:39:13.616Z\", \"data\": [], \"executionTime\": 0, \"fetchedOnce\": false, \"hasResultset\": true, \"endTime\": \"2017-08-02T12:39:13.616Z\"}, \"pinnedContextTabs\": [], \"chartXPivot\": null, \"viewSettings\": {\"sqlDialect\": true, \"placeHolder\": \"Example: SELECT * FROM tablename, or press CTRL + space\"}, \"chartScatterGroup\": null, \"loadingQueries\": false, \"hasDataForChart\": false, \"id\": \"47b54e70-e5c0-c4ef-7271-8694ea65ce29\", \"showLongOperationWarning\": false, \"compatibilityTarget\": \"\", \"errors\": [], \"chartMapHeat\": null, \"aceSize\": 100, \"statusForButtons\": \"executed\", \"chartMapLabel\": null, \"chartData\": [], \"lastExecuted\": 1501677553614, \"queriesHasErrors\": false, \"showLogs\": false, \"errorsKlass\": \"results hive alert alert-error\", \"isReady\": true, \"statement\": \"SELECT\\n    SUBSTR(data,5,6) AS uasf,\\n    SUBSTR(data,11,5) AS wban,\\n    SUBSTR(data,16,8) AS mdate,\\n    SUBSTR(data,24,4) AS mtime,\\n    SUBSTR(data,88,5) AS air_temperature,\\n    SUBSTR(data,93,1) AS air_temperature_qual\\nFROM weather.weather_2011\\nLIMIT 10;\", \"progress\": 0, \"type\": \"hive\", \"variables\": [], \"status\": \"available\", \"currentQueryTab\": \"queryResults\", \"jobs\": [], \"suggestion\": \"\", \"chartMapType\": \"marker\", \"warnings\": [], \"statementType\": \"text\", \"queriesFilter\": \"\", \"variableNames\": [], \"resultsKlass\": \"results hive\", \"queriesCurrentPage\": 1, \"isCanceling\": false, \"queriesTotalPages\": 1, \"formatEnabled\": true, \"chartYMulti\": [], \"dbSelectionVisible\": false, \"chartType\": \"bars\", \"showGrid\": true, \"properties\": {\"files\": [], \"functions\": [], \"arguments\": [], \"settings\": []}, \"isFetchingData\": false, \"chartTimelineType\": \"bar\", \"chartLimit\": null, \"name\": \"\", \"database\": \"default\", \"statementTypes\": [\"text\", \"file\", \"document\"], \"hasSuggestion\": false, \"complexityCheckActive\": true, \"externalStatementLoaded\": false, \"chartScatterSize\": null, \"compatibilityCheckActive\": true, \"associatedDocumentUuid\": null, \"isBatchable\": true, \"chartYSingle\": null, \"isSqlDialect\": true, \"statementPath\": \"\", \"is_redacted\": false, \"settingsVisible\": false, \"checkStatusTimeout\": null, \"isLoading\": false}, {\"executingBlockingOperation\": null, \"chartSorting\": \"none\", \"wasBatchExecuted\": false, \"chartLimits\": [5, 10, 25, 50, 100], \"chartX\": null, \"previousChartOptions\": {\"chartTimelineType\": \"bar\", \"chartSorting\": \"none\", \"chartLimit\": null, \"chartMapHeat\": null, \"chartMapType\": \"marker\", \"chartX\": null, \"chartYMulti\": [], \"chartScatterSize\": null, \"chartScope\": \"world\", \"chartMapLabel\": null, \"chartScatterGroup\": null, \"chartYSingle\": null, \"chartXPivot\": null}, \"queriesFilterVisible\": false, \"isOptimizing\": false, \"associatedDocumentLoading\": true, \"showChart\": false, \"isResultSettingsVisible\": false, \"chartScope\": \"world\", \"statement_raw\": \"CREATE EXTERNAL TABLE weather.weather_raw(\\n    data STRING\\n)\\nPARTITIONED BY(year STRING)\\nSTORED AS TEXTFILE\", \"result\": {\"statement_id\": 0, \"isMetaFilterVisible\": false, \"meta\": [], \"logLines\": 0, \"id\": \"cad4f7ba-acb0-0e89-75b8-6f51d401ff0c\", \"logs\": \"\", \"statements_count\": 1, \"rows\": \"0\", \"hasSomeResults\": false, \"filteredMetaChecked\": true, \"hasMore\": false, \"filteredMeta\": [], \"type\": \"table\", \"handle\": {\"log_context\": null, \"statements_count\": 1, \"end\": {\"column\": 106, \"row\": 0}, \"statement_id\": 0, \"has_more_statements\": false, \"start\": {\"column\": 0, \"row\": 0}, \"secret\": \"G9O6xCZhSj+F17Bu1jV0fQ==\\n\", \"has_result_set\": false, \"session_guid\": \"s7PoRhALShGB4TPkKjruEA==\\n\", \"statement\": \"CREATE EXTERNAL TABLE weather.weather_raw(\\n    data STRING\\n)\\nPARTITIONED BY(year STRING)\\nSTORED AS TEXTFILE\", \"operation_type\": 0, \"modified_row_count\": null, \"guid\": \"Vk/9FhUsSyqfMO9gYR2flA==\\n\", \"previous_statement_hash\": \"74f84d6e21c17f7d2ba2395679d87069786a071001a8b4e71ac2eeda\"}, \"metaFilter\": \"\", \"explanation\": \"\", \"statement_range\": {\"start\": {\"column\": 0, \"row\": 0}, \"end\": {\"column\": 0, \"row\": 0}}, \"startTime\": \"2017-08-02T12:44:46.196Z\", \"data\": [], \"executionTime\": 0, \"fetchedOnce\": false, \"hasResultset\": false, \"endTime\": \"2017-08-02T12:44:46.196Z\"}, \"pinnedContextTabs\": [], \"chartType\": \"bars\", \"viewSettings\": {\"sqlDialect\": true, \"placeHolder\": \"Example: SELECT * FROM tablename, or press CTRL + space\"}, \"chartScatterGroup\": null, \"loadingQueries\": false, \"hasDataForChart\": false, \"id\": \"9c1eaaee-344a-620d-6327-f9867306fc7f\", \"ddlNotification\": 0.14183828620305106, \"compatibilityTarget\": \"\", \"errors\": [], \"chartXPivot\": null, \"aceSize\": 100, \"statusForButtons\": \"executed\", \"chartMapLabel\": null, \"chartData\": [], \"lastExecuted\": 1501677886193, \"queriesHasErrors\": false, \"showLogs\": false, \"errorsKlass\": \"results hive alert alert-error\", \"isReady\": true, \"statement\": \"CREATE EXTERNAL TABLE weather.weather_raw(\\n    data STRING\\n)\\nPARTITIONED BY(year STRING)\\nSTORED AS TEXTFILE\", \"progress\": 0, \"type\": \"hive\", \"variables\": [], \"status\": \"available\", \"currentQueryTab\": \"queryHistory\", \"jobs\": [], \"suggestion\": \"\", \"chartMapType\": \"marker\", \"warnings\": [], \"statementType\": \"text\", \"queriesFilter\": \"\", \"variableNames\": [], \"resultsKlass\": \"results hive\", \"queriesCurrentPage\": 1, \"isCanceling\": false, \"queriesTotalPages\": 1, \"formatEnabled\": true, \"chartYMulti\": [], \"dbSelectionVisible\": false, \"delayedDDLNotification\": 0.14183828620305106, \"showGrid\": true, \"properties\": {\"files\": [], \"functions\": [], \"arguments\": [], \"settings\": []}, \"isFetchingData\": false, \"chartTimelineType\": \"bar\", \"chartLimit\": null, \"chartMapHeat\": null, \"name\": \"\", \"database\": \"default\", \"statementTypes\": [\"text\", \"file\", \"document\"], \"hasSuggestion\": false, \"complexityCheckActive\": true, \"externalStatementLoaded\": false, \"chartScatterSize\": null, \"compatibilityCheckActive\": true, \"associatedDocumentUuid\": null, \"isBatchable\": true, \"chartYSingle\": null, \"isSqlDialect\": true, \"statementPath\": \"\", \"is_redacted\": false, \"showLongOperationWarning\": false, \"settingsVisible\": false, \"checkStatusTimeout\": null, \"isLoading\": false}, {\"executingBlockingOperation\": null, \"chartSorting\": \"none\", \"wasBatchExecuted\": false, \"chartLimits\": [5, 10, 25, 50, 100], \"chartX\": \"weather_raw.data\", \"previousChartOptions\": {\"chartTimelineType\": \"bar\", \"chartSorting\": \"none\", \"chartLimit\": null, \"chartMapHeat\": null, \"chartMapType\": \"marker\", \"chartX\": null, \"chartYMulti\": [], \"chartScatterSize\": null, \"chartScope\": \"world\", \"chartMapLabel\": null, \"chartScatterGroup\": null, \"chartYSingle\": null, \"chartXPivot\": null}, \"queriesFilterVisible\": false, \"isOptimizing\": false, \"associatedDocumentLoading\": true, \"showChart\": false, \"isResultSettingsVisible\": false, \"chartScope\": \"world\", \"statement_raw\": \"SELECT * FROM weather.weather_raw\", \"result\": {\"statement_id\": 0, \"isMetaFilterVisible\": false, \"meta\": [], \"logLines\": 0, \"id\": \"283b1fd9-8e33-c69d-69ce-fb92a37ea343\", \"logs\": \"\", \"statements_count\": 1, \"rows\": \"0\", \"hasSomeResults\": false, \"filteredMetaChecked\": true, \"hasMore\": false, \"filteredMeta\": [{\"comment\": null, \"checked\": true, \"name\": \"weather_raw.data\", \"originalIndex\": 1, \"cssClass\": \"sort-string\", \"type\": \"STRING_TYPE\"}, {\"comment\": null, \"checked\": true, \"name\": \"weather_raw.year\", \"originalIndex\": 2, \"cssClass\": \"sort-string\", \"type\": \"STRING_TYPE\"}], \"type\": \"table\", \"handle\": {\"log_context\": null, \"statements_count\": 1, \"end\": {\"column\": 32, \"row\": 0}, \"statement_id\": 0, \"has_more_statements\": false, \"start\": {\"column\": 0, \"row\": 0}, \"secret\": \"X9SoGn4LRyiLLesh6mbuQQ==\\n\", \"has_result_set\": true, \"session_guid\": \"s7PoRhALShGB4TPkKjruEA==\\n\", \"statement\": \"SELECT * FROM weather.weather_raw\", \"operation_type\": 0, \"modified_row_count\": null, \"guid\": \"Xc52us5bQqa0e+K2306sZw==\\n\", \"previous_statement_hash\": \"c4cc8cb98fe9755232925d979e19d6abb5726306ab51920b9d9ced1a\"}, \"metaFilter\": \"\", \"explanation\": \"\", \"statement_range\": {\"start\": {\"column\": 0, \"row\": 0}, \"end\": {\"column\": 0, \"row\": 0}}, \"startTime\": \"2017-08-02T12:45:14.045Z\", \"data\": [], \"executionTime\": 0, \"fetchedOnce\": false, \"hasResultset\": true, \"endTime\": \"2017-08-02T12:45:14.045Z\"}, \"pinnedContextTabs\": [], \"chartXPivot\": null, \"viewSettings\": {\"sqlDialect\": true, \"placeHolder\": \"Example: SELECT * FROM tablename, or press CTRL + space\"}, \"chartScatterGroup\": null, \"loadingQueries\": false, \"hasDataForChart\": false, \"id\": \"3d45d03d-2dbf-45e0-cca4-70ce5598090f\", \"showLongOperationWarning\": false, \"compatibilityTarget\": \"\", \"errors\": [], \"chartMapHeat\": null, \"aceSize\": 100, \"statusForButtons\": \"executed\", \"chartMapLabel\": null, \"chartData\": [], \"lastExecuted\": 1501677914042, \"queriesHasErrors\": false, \"showLogs\": false, \"errorsKlass\": \"results hive alert alert-error\", \"isReady\": true, \"statement\": \"SELECT * FROM weather.weather_raw\", \"progress\": 0, \"type\": \"hive\", \"variables\": [], \"status\": \"available\", \"currentQueryTab\": \"queryHistory\", \"jobs\": [], \"suggestion\": \"\", \"chartMapType\": \"marker\", \"warnings\": [], \"statementType\": \"text\", \"queriesFilter\": \"\", \"variableNames\": [], \"resultsKlass\": \"results hive\", \"queriesCurrentPage\": 1, \"isCanceling\": false, \"queriesTotalPages\": 1, \"formatEnabled\": true, \"chartYMulti\": [], \"dbSelectionVisible\": false, \"chartType\": \"bars\", \"showGrid\": true, \"properties\": {\"files\": [], \"functions\": [], \"arguments\": [], \"settings\": []}, \"isFetchingData\": false, \"chartTimelineType\": \"bar\", \"chartLimit\": null, \"name\": \"\", \"database\": \"default\", \"statementTypes\": [\"text\", \"file\", \"document\"], \"hasSuggestion\": false, \"complexityCheckActive\": true, \"externalStatementLoaded\": false, \"chartScatterSize\": null, \"compatibilityCheckActive\": true, \"associatedDocumentUuid\": null, \"isBatchable\": true, \"chartYSingle\": null, \"isSqlDialect\": true, \"statementPath\": \"\", \"is_redacted\": false, \"settingsVisible\": false, \"checkStatusTimeout\": null, \"isLoading\": false}, {\"executingBlockingOperation\": null, \"chartSorting\": \"none\", \"wasBatchExecuted\": false, \"chartLimits\": [5, 10, 25, 50, 100], \"chartX\": null, \"previousChartOptions\": {\"chartTimelineType\": \"bar\", \"chartSorting\": \"none\", \"chartLimit\": null, \"chartMapHeat\": null, \"chartMapType\": \"marker\", \"chartX\": null, \"chartYMulti\": [], \"chartScatterSize\": null, \"chartScope\": \"world\", \"chartMapLabel\": null, \"chartScatterGroup\": null, \"chartYSingle\": null, \"chartXPivot\": null}, \"queriesFilterVisible\": false, \"isOptimizing\": false, \"associatedDocumentLoading\": true, \"showChart\": false, \"isResultSettingsVisible\": false, \"chartScope\": \"world\", \"statement_raw\": \"ALTER TABLE weather.weather_raw\\nADD PARTITION(year=2004)\\nLOCATION 's3://dimajix-training/data/weather/2004'\\n\", \"result\": {\"statement_id\": 0, \"isMetaFilterVisible\": false, \"meta\": [], \"logLines\": 0, \"id\": \"6d4a03e5-0b2c-00d8-76c6-92876c3cb049\", \"logs\": \"\", \"statements_count\": 1, \"rows\": \"0\", \"hasSomeResults\": false, \"filteredMetaChecked\": true, \"hasMore\": false, \"filteredMeta\": [], \"type\": \"table\", \"handle\": {\"log_context\": null, \"statements_count\": 1, \"end\": {\"column\": 107, \"row\": 0}, \"statement_id\": 0, \"has_more_statements\": false, \"start\": {\"column\": 0, \"row\": 0}, \"secret\": \"runY1Zp0S966DE+178JqRA==\\n\", \"has_result_set\": false, \"session_guid\": \"s7PoRhALShGB4TPkKjruEA==\\n\", \"statement\": \"ALTER TABLE weather.weather_raw\\nADD PARTITION(year=2004)\\nLOCATION 's3://dimajix-training/data/weather/2004'\", \"operation_type\": 0, \"modified_row_count\": null, \"guid\": \"4ETNuhCYTcemZWyTzUONQA==\\n\", \"previous_statement_hash\": \"c2a8e353d790101fa4dd9955e57b5d34337b18cfe2b92200210747da\"}, \"metaFilter\": \"\", \"explanation\": \"\", \"statement_range\": {\"start\": {\"column\": 0, \"row\": 0}, \"end\": {\"column\": 0, \"row\": 0}}, \"startTime\": \"2017-08-02T12:46:10.229Z\", \"data\": [], \"executionTime\": 0, \"fetchedOnce\": false, \"hasResultset\": false, \"endTime\": \"2017-08-02T12:46:10.229Z\"}, \"pinnedContextTabs\": [], \"chartType\": \"bars\", \"viewSettings\": {\"sqlDialect\": true, \"placeHolder\": \"Example: SELECT * FROM tablename, or press CTRL + space\"}, \"chartScatterGroup\": null, \"loadingQueries\": false, \"hasDataForChart\": false, \"id\": \"01200cf3-20ba-8c8a-ab7d-f6b31fdf5fa9\", \"ddlNotification\": 0.8258451374576012, \"compatibilityTarget\": \"\", \"errors\": [], \"chartXPivot\": null, \"aceSize\": 100, \"statusForButtons\": \"executed\", \"chartMapLabel\": null, \"chartData\": [], \"lastExecuted\": 1501677970225, \"queriesHasErrors\": false, \"showLogs\": false, \"errorsKlass\": \"results hive alert alert-error\", \"isReady\": true, \"statement\": \"ALTER TABLE weather.weather_raw\\nADD PARTITION(year=2004)\\nLOCATION 's3://dimajix-training/data/weather/2004'\", \"progress\": 0, \"type\": \"hive\", \"variables\": [], \"status\": \"available\", \"currentQueryTab\": \"queryHistory\", \"jobs\": [], \"suggestion\": \"\", \"chartMapType\": \"marker\", \"warnings\": [], \"statementType\": \"text\", \"queriesFilter\": \"\", \"variableNames\": [], \"resultsKlass\": \"results hive\", \"queriesCurrentPage\": 1, \"isCanceling\": false, \"queriesTotalPages\": 1, \"formatEnabled\": true, \"chartYMulti\": [], \"dbSelectionVisible\": false, \"delayedDDLNotification\": 0.8258451374576012, \"showGrid\": true, \"properties\": {\"files\": [], \"functions\": [], \"arguments\": [], \"settings\": []}, \"isFetchingData\": false, \"chartTimelineType\": \"bar\", \"chartLimit\": null, \"chartMapHeat\": null, \"name\": \"\", \"database\": \"default\", \"statementTypes\": [\"text\", \"file\", \"document\"], \"hasSuggestion\": false, \"complexityCheckActive\": true, \"externalStatementLoaded\": false, \"chartScatterSize\": null, \"compatibilityCheckActive\": true, \"associatedDocumentUuid\": null, \"isBatchable\": true, \"chartYSingle\": null, \"isSqlDialect\": true, \"statementPath\": \"\", \"is_redacted\": false, \"showLongOperationWarning\": false, \"settingsVisible\": false, \"checkStatusTimeout\": null, \"isLoading\": false}, {\"executingBlockingOperation\": null, \"chartSorting\": \"none\", \"wasBatchExecuted\": false, \"chartLimits\": [5, 10, 25, 50, 100], \"chartX\": \"weather_raw.data\", \"previousChartOptions\": {\"chartTimelineType\": \"bar\", \"chartSorting\": \"none\", \"chartLimit\": null, \"chartMapHeat\": null, \"chartMapType\": \"marker\", \"chartX\": null, \"chartYMulti\": [], \"chartScatterSize\": null, \"chartScope\": \"world\", \"chartMapLabel\": null, \"chartScatterGroup\": null, \"chartYSingle\": null, \"chartXPivot\": null}, \"queriesFilterVisible\": false, \"isOptimizing\": false, \"associatedDocumentLoading\": true, \"showChart\": false, \"isResultSettingsVisible\": false, \"chartScope\": \"world\", \"statement_raw\": \"SELECT * FROM weather.weather_raw LIMIT 10\", \"result\": {\"statement_id\": 0, \"isMetaFilterVisible\": false, \"meta\": [], \"logLines\": 0, \"id\": \"f231c977-d550-ca34-39ac-99ea9099f716\", \"logs\": \"\", \"statements_count\": 1, \"rows\": \"10\", \"hasSomeResults\": true, \"filteredMetaChecked\": true, \"hasMore\": false, \"filteredMeta\": [{\"comment\": null, \"checked\": true, \"name\": \"weather_raw.data\", \"originalIndex\": 1, \"cssClass\": \"sort-string\", \"type\": \"STRING_TYPE\"}, {\"comment\": null, \"checked\": true, \"name\": \"weather_raw.year\", \"originalIndex\": 2, \"cssClass\": \"sort-string\", \"type\": \"STRING_TYPE\"}], \"type\": \"table\", \"handle\": {\"log_context\": null, \"statements_count\": 1, \"end\": {\"column\": 41, \"row\": 0}, \"statement_id\": 0, \"has_more_statements\": false, \"start\": {\"column\": 0, \"row\": 0}, \"secret\": \"e0ABOctXRji5BIoivMdyqQ==\\n\", \"has_result_set\": true, \"session_guid\": \"s7PoRhALShGB4TPkKjruEA==\\n\", \"statement\": \"SELECT * FROM weather.weather_raw LIMIT 10\", \"operation_type\": 0, \"modified_row_count\": null, \"guid\": \"d8/wDOKeTkCazhLi7DneVw==\\n\", \"previous_statement_hash\": \"ac5f5896bfdd3b808dbe8cc6dadd983b4a8d42044b7f9b2410537809\"}, \"metaFilter\": \"\", \"explanation\": \"\", \"statement_range\": {\"start\": {\"column\": 0, \"row\": 0}, \"end\": {\"column\": 0, \"row\": 0}}, \"startTime\": \"2017-08-02T12:46:25.325Z\", \"data\": [], \"executionTime\": 0, \"fetchedOnce\": false, \"hasResultset\": true, \"endTime\": \"2017-08-02T12:46:25.325Z\"}, \"pinnedContextTabs\": [], \"chartXPivot\": null, \"viewSettings\": {\"sqlDialect\": true, \"placeHolder\": \"Example: SELECT * FROM tablename, or press CTRL + space\"}, \"chartScatterGroup\": null, \"loadingQueries\": false, \"hasDataForChart\": false, \"id\": \"10341d94-c921-90b3-29dd-b51371ee2cf8\", \"showLongOperationWarning\": false, \"compatibilityTarget\": \"\", \"errors\": [], \"chartMapHeat\": null, \"aceSize\": 100, \"statusForButtons\": \"executed\", \"chartMapLabel\": null, \"chartData\": [], \"lastExecuted\": 1501677985323, \"queriesHasErrors\": false, \"showLogs\": false, \"errorsKlass\": \"results hive alert alert-error\", \"isReady\": true, \"statement\": \"SELECT * FROM weather.weather_raw LIMIT 10\", \"progress\": 0, \"type\": \"hive\", \"variables\": [], \"status\": \"available\", \"currentQueryTab\": \"queryResults\", \"jobs\": [], \"suggestion\": \"\", \"chartMapType\": \"marker\", \"warnings\": [], \"statementType\": \"text\", \"queriesFilter\": \"\", \"variableNames\": [], \"resultsKlass\": \"results hive\", \"queriesCurrentPage\": 1, \"isCanceling\": false, \"queriesTotalPages\": 1, \"formatEnabled\": true, \"chartYMulti\": [], \"dbSelectionVisible\": false, \"chartType\": \"bars\", \"showGrid\": true, \"properties\": {\"files\": [], \"functions\": [], \"arguments\": [], \"settings\": []}, \"isFetchingData\": false, \"chartTimelineType\": \"bar\", \"chartLimit\": null, \"name\": \"\", \"database\": \"default\", \"statementTypes\": [\"text\", \"file\", \"document\"], \"hasSuggestion\": false, \"complexityCheckActive\": true, \"externalStatementLoaded\": false, \"chartScatterSize\": null, \"compatibilityCheckActive\": true, \"associatedDocumentUuid\": null, \"isBatchable\": true, \"chartYSingle\": null, \"isSqlDialect\": true, \"statementPath\": \"\", \"is_redacted\": false, \"settingsVisible\": false, \"checkStatusTimeout\": null, \"isLoading\": false}, {\"executingBlockingOperation\": null, \"chartSorting\": \"none\", \"wasBatchExecuted\": false, \"chartLimits\": [5, 10, 25, 50, 100], \"chartX\": null, \"previousChartOptions\": {\"chartTimelineType\": \"bar\", \"chartSorting\": \"none\", \"chartLimit\": null, \"chartMapHeat\": null, \"chartMapType\": \"marker\", \"chartX\": null, \"chartYMulti\": [], \"chartScatterSize\": null, \"chartScope\": \"world\", \"chartMapLabel\": null, \"chartScatterGroup\": null, \"chartYSingle\": null, \"chartXPivot\": null}, \"queriesFilterVisible\": false, \"isOptimizing\": false, \"associatedDocumentLoading\": true, \"showChart\": false, \"isResultSettingsVisible\": false, \"chartScope\": \"world\", \"statement_raw\": \"ALTER TABLE weather.weather_raw\\nADD PARTITION(year=2014)\\nLOCATION 's3://dimajix-training/data/weather/2014'\", \"result\": {\"statement_id\": 0, \"isMetaFilterVisible\": false, \"meta\": [], \"logLines\": 0, \"id\": \"9f7d20c5-d666-7e2f-6f02-c41bab5d9d2d\", \"logs\": \"\", \"statements_count\": 1, \"rows\": \"0\", \"hasSomeResults\": false, \"filteredMetaChecked\": true, \"hasMore\": false, \"filteredMeta\": [], \"type\": \"table\", \"handle\": {\"log_context\": null, \"statements_count\": 1, \"end\": {\"column\": 106, \"row\": 0}, \"statement_id\": 0, \"has_more_statements\": false, \"start\": {\"column\": 0, \"row\": 0}, \"secret\": \"MAhDoFp9S7q7JgokPOsIcg==\\n\", \"has_result_set\": false, \"session_guid\": \"s7PoRhALShGB4TPkKjruEA==\\n\", \"statement\": \"ALTER TABLE weather.weather_raw\\nADD PARTITION(year=2014)\\nLOCATION 's3://dimajix-training/data/weather/2014'\", \"operation_type\": 0, \"modified_row_count\": null, \"guid\": \"VqqpPw3QS66OD99hIzsEew==\\n\", \"previous_statement_hash\": \"3cb5e3448ddfb223f8455bbd36325017898513d56d40b0435dff2047\"}, \"metaFilter\": \"\", \"explanation\": \"\", \"statement_range\": {\"start\": {\"column\": 0, \"row\": 0}, \"end\": {\"column\": 0, \"row\": 0}}, \"startTime\": \"2017-08-02T12:48:27.690Z\", \"data\": [], \"executionTime\": 0, \"fetchedOnce\": false, \"hasResultset\": false, \"endTime\": \"2017-08-02T12:48:27.690Z\"}, \"pinnedContextTabs\": [], \"chartType\": \"bars\", \"viewSettings\": {\"sqlDialect\": true, \"placeHolder\": \"Example: SELECT * FROM tablename, or press CTRL + space\"}, \"chartScatterGroup\": null, \"loadingQueries\": false, \"hasDataForChart\": false, \"id\": \"f2bca02e-4919-3d1d-cd10-5e0803e82251\", \"ddlNotification\": 0.7313561997148075, \"compatibilityTarget\": \"\", \"errors\": [], \"chartXPivot\": null, \"aceSize\": 100, \"statusForButtons\": \"executed\", \"chartMapLabel\": null, \"chartData\": [], \"lastExecuted\": 1501678107683, \"queriesHasErrors\": false, \"showLogs\": false, \"errorsKlass\": \"results hive alert alert-error\", \"isReady\": true, \"statement\": \"ALTER TABLE weather.weather_raw\\nADD PARTITION(year=2014)\\nLOCATION 's3://dimajix-training/data/weather/2014'\", \"progress\": 0, \"type\": \"hive\", \"variables\": [], \"status\": \"available\", \"currentQueryTab\": \"queryHistory\", \"jobs\": [], \"suggestion\": \"\", \"chartMapType\": \"marker\", \"warnings\": [], \"statementType\": \"text\", \"queriesFilter\": \"\", \"variableNames\": [], \"resultsKlass\": \"results hive\", \"queriesCurrentPage\": 1, \"isCanceling\": false, \"queriesTotalPages\": 1, \"formatEnabled\": true, \"chartYMulti\": [], \"dbSelectionVisible\": false, \"delayedDDLNotification\": 0.7313561997148075, \"showGrid\": true, \"properties\": {\"files\": [], \"functions\": [], \"arguments\": [], \"settings\": []}, \"isFetchingData\": false, \"chartTimelineType\": \"bar\", \"chartLimit\": null, \"chartMapHeat\": null, \"name\": \"\", \"database\": \"default\", \"statementTypes\": [\"text\", \"file\", \"document\"], \"hasSuggestion\": false, \"complexityCheckActive\": true, \"externalStatementLoaded\": false, \"chartScatterSize\": null, \"compatibilityCheckActive\": true, \"associatedDocumentUuid\": null, \"isBatchable\": true, \"chartYSingle\": null, \"isSqlDialect\": true, \"statementPath\": \"\", \"is_redacted\": false, \"showLongOperationWarning\": false, \"settingsVisible\": false, \"checkStatusTimeout\": null, \"isLoading\": false}, {\"executingBlockingOperation\": null, \"chartSorting\": \"none\", \"wasBatchExecuted\": false, \"chartLimits\": [5, 10, 25, 50, 100], \"chartX\": \"weather_raw.data\", \"previousChartOptions\": {\"chartTimelineType\": \"bar\", \"chartSorting\": \"none\", \"chartLimit\": null, \"chartMapHeat\": null, \"chartMapType\": \"marker\", \"chartX\": null, \"chartYMulti\": [], \"chartScatterSize\": null, \"chartScope\": \"world\", \"chartMapLabel\": null, \"chartScatterGroup\": null, \"chartYSingle\": null, \"chartXPivot\": null}, \"queriesFilterVisible\": false, \"isOptimizing\": false, \"associatedDocumentLoading\": true, \"showChart\": false, \"isResultSettingsVisible\": false, \"chartScope\": \"world\", \"statement_raw\": \"SELECT * FROM weather.weather_raw\\nWHERE year='2010'\\nLIMIT 10\", \"result\": {\"statement_id\": 0, \"isMetaFilterVisible\": false, \"meta\": [], \"logLines\": 0, \"id\": \"00b465cf-d820-50ff-a603-a6c7dd4b8c33\", \"logs\": \"\", \"statements_count\": 1, \"rows\": \"10\", \"hasSomeResults\": true, \"filteredMetaChecked\": true, \"hasMore\": false, \"filteredMeta\": [{\"comment\": null, \"checked\": true, \"name\": \"weather_raw.data\", \"originalIndex\": 1, \"cssClass\": \"sort-string\", \"type\": \"STRING_TYPE\"}, {\"comment\": null, \"checked\": true, \"name\": \"weather_raw.year\", \"originalIndex\": 2, \"cssClass\": \"sort-string\", \"type\": \"STRING_TYPE\"}], \"type\": \"table\", \"handle\": {\"log_context\": null, \"statements_count\": 1, \"end\": {\"column\": 59, \"row\": 0}, \"statement_id\": 0, \"has_more_statements\": false, \"start\": {\"column\": 0, \"row\": 0}, \"secret\": \"o4exvmbeRCGpjfLtJ2Wlvw==\\n\", \"has_result_set\": true, \"session_guid\": \"s7PoRhALShGB4TPkKjruEA==\\n\", \"statement\": \"SELECT * FROM weather.weather_raw\\nWHERE year='2010'\\nLIMIT 10\", \"operation_type\": 0, \"modified_row_count\": null, \"guid\": \"vtk8WwIqR1WHz5A6Sev75Q==\\n\", \"previous_statement_hash\": \"ae8ffb8930627e0d515a3632d6b3f41ecb636de8ce20ce5be2069885\"}, \"metaFilter\": \"\", \"explanation\": \"\", \"statement_range\": {\"start\": {\"column\": 0, \"row\": 0}, \"end\": {\"column\": 0, \"row\": 0}}, \"startTime\": \"2017-08-02T12:48:59.795Z\", \"data\": [], \"executionTime\": 0, \"fetchedOnce\": false, \"hasResultset\": true, \"endTime\": \"2017-08-02T12:48:59.795Z\"}, \"pinnedContextTabs\": [], \"chartXPivot\": null, \"viewSettings\": {\"sqlDialect\": true, \"placeHolder\": \"Example: SELECT * FROM tablename, or press CTRL + space\"}, \"chartScatterGroup\": null, \"loadingQueries\": false, \"hasDataForChart\": false, \"id\": \"b5fe7fb0-619c-7832-da17-ea0b7c82a231\", \"showLongOperationWarning\": false, \"compatibilityTarget\": \"\", \"errors\": [], \"chartMapHeat\": null, \"aceSize\": 100, \"statusForButtons\": \"executed\", \"chartMapLabel\": null, \"chartData\": [], \"lastExecuted\": 1501678139792, \"queriesHasErrors\": false, \"showLogs\": false, \"errorsKlass\": \"results hive alert alert-error\", \"isReady\": true, \"statement\": \"SELECT * FROM weather.weather_raw\\nWHERE year='2010'\\nLIMIT 10\", \"progress\": 0, \"type\": \"hive\", \"variables\": [], \"status\": \"available\", \"currentQueryTab\": \"queryResults\", \"jobs\": [], \"suggestion\": \"\", \"chartMapType\": \"marker\", \"warnings\": [], \"statementType\": \"text\", \"queriesFilter\": \"\", \"variableNames\": [], \"resultsKlass\": \"results hive\", \"queriesCurrentPage\": 1, \"isCanceling\": false, \"queriesTotalPages\": 1, \"formatEnabled\": true, \"chartYMulti\": [], \"dbSelectionVisible\": false, \"chartType\": \"bars\", \"showGrid\": true, \"properties\": {\"files\": [], \"functions\": [], \"arguments\": [], \"settings\": []}, \"isFetchingData\": false, \"chartTimelineType\": \"bar\", \"chartLimit\": null, \"name\": \"\", \"database\": \"default\", \"statementTypes\": [\"text\", \"file\", \"document\"], \"hasSuggestion\": false, \"complexityCheckActive\": true, \"externalStatementLoaded\": false, \"chartScatterSize\": null, \"compatibilityCheckActive\": true, \"associatedDocumentUuid\": null, \"isBatchable\": true, \"chartYSingle\": null, \"isSqlDialect\": true, \"statementPath\": \"\", \"is_redacted\": false, \"settingsVisible\": false, \"checkStatusTimeout\": null, \"isLoading\": false}, {\"executingBlockingOperation\": null, \"chartSorting\": \"none\", \"wasBatchExecuted\": false, \"chartLimits\": [5, 10, 25, 50, 100], \"chartX\": null, \"previousChartOptions\": {\"chartTimelineType\": \"bar\", \"chartSorting\": \"none\", \"chartLimit\": null, \"chartMapHeat\": null, \"chartMapType\": \"marker\", \"chartX\": null, \"chartYMulti\": [], \"chartScatterSize\": null, \"chartScope\": \"world\", \"chartMapLabel\": null, \"chartScatterGroup\": null, \"chartYSingle\": null, \"chartXPivot\": null}, \"queriesFilterVisible\": false, \"isOptimizing\": false, \"associatedDocumentLoading\": true, \"showChart\": false, \"isResultSettingsVisible\": false, \"chartScope\": \"world\", \"statement_raw\": \"CREATE VIEW weather.weather AS\\n    SELECT\\n        year,\\n        SUBSTR(data,5,6) AS uasf,\\n        SUBSTR(data,11,5) AS wban,\\n        SUBSTR(data,16,8) AS mdate,\\n        SUBSTR(data,24,4) AS mtime,\\n        CAST(SUBSTR(data,88,5) AS FLOAT)/10 AS air_temperature,\\n        SUBSTR(data,93,1) AS air_temperature_qual\\n    FROM weather.weather_raw\\n\", \"result\": {\"statement_id\": 0, \"isMetaFilterVisible\": false, \"meta\": [], \"logLines\": 0, \"id\": \"d382312d-1970-93e6-e016-e783d7ba6654\", \"logs\": \"\", \"statements_count\": 1, \"rows\": \"0\", \"hasSomeResults\": false, \"filteredMetaChecked\": true, \"hasMore\": false, \"filteredMeta\": [], \"type\": \"table\", \"handle\": {\"log_context\": null, \"statements_count\": 1, \"end\": {\"column\": 339, \"row\": 0}, \"statement_id\": 0, \"has_more_statements\": false, \"start\": {\"column\": 0, \"row\": 0}, \"secret\": \"bp9p0AaoQbS47QRg9p0vdw==\\n\", \"has_result_set\": false, \"session_guid\": \"s7PoRhALShGB4TPkKjruEA==\\n\", \"statement\": \"CREATE VIEW weather.weather AS\\n    SELECT\\n        year,\\n        SUBSTR(data,5,6) AS uasf,\\n        SUBSTR(data,11,5) AS wban,\\n        SUBSTR(data,16,8) AS mdate,\\n        SUBSTR(data,24,4) AS mtime,\\n        CAST(SUBSTR(data,88,5) AS FLOAT)/10 AS air_temperature,\\n        SUBSTR(data,93,1) AS air_temperature_qual\\n    FROM weather.weather_raw\", \"operation_type\": 0, \"modified_row_count\": null, \"guid\": \"vcjDLNlzSeeGR1rY17iEyA==\\n\", \"previous_statement_hash\": \"f713b33d424842d529d9b404d71f078a425cf52b19f0a0858301b2d6\"}, \"metaFilter\": \"\", \"explanation\": \"\", \"statement_range\": {\"start\": {\"column\": 0, \"row\": 0}, \"end\": {\"column\": 0, \"row\": 0}}, \"startTime\": \"2017-08-02T12:52:25.732Z\", \"data\": [], \"executionTime\": 0, \"fetchedOnce\": false, \"hasResultset\": false, \"endTime\": \"2017-08-02T12:52:25.732Z\"}, \"pinnedContextTabs\": [], \"chartType\": \"bars\", \"viewSettings\": {\"sqlDialect\": true, \"placeHolder\": \"Example: SELECT * FROM tablename, or press CTRL + space\"}, \"chartScatterGroup\": null, \"loadingQueries\": false, \"hasDataForChart\": false, \"id\": \"44a957fd-dd80-8e82-a67f-e4c089d86e7b\", \"ddlNotification\": 0.4794711579778327, \"compatibilityTarget\": \"\", \"errors\": [], \"chartXPivot\": null, \"aceSize\": 100, \"statusForButtons\": \"executed\", \"chartMapLabel\": null, \"chartData\": [], \"lastExecuted\": 1501678345723, \"queriesHasErrors\": false, \"showLogs\": false, \"errorsKlass\": \"results hive alert alert-error\", \"isReady\": true, \"statement\": \"CREATE VIEW weather.weather AS\\n    SELECT\\n        year,\\n        SUBSTR(data,5,6) AS uasf,\\n        SUBSTR(data,11,5) AS wban,\\n        SUBSTR(data,16,8) AS mdate,\\n        SUBSTR(data,24,4) AS mtime,\\n        CAST(SUBSTR(data,88,5) AS FLOAT)/10 AS air_temperature,\\n        SUBSTR(data,93,1) AS air_temperature_qual\\n    FROM weather.weather_raw\\n\", \"progress\": 0, \"type\": \"hive\", \"variables\": [], \"status\": \"available\", \"currentQueryTab\": \"queryHistory\", \"jobs\": [], \"suggestion\": \"\", \"chartMapType\": \"marker\", \"warnings\": [], \"statementType\": \"text\", \"queriesFilter\": \"\", \"variableNames\": [], \"resultsKlass\": \"results hive\", \"queriesCurrentPage\": 1, \"isCanceling\": false, \"queriesTotalPages\": 1, \"formatEnabled\": true, \"chartYMulti\": [], \"dbSelectionVisible\": false, \"delayedDDLNotification\": 0.4794711579778327, \"showGrid\": true, \"properties\": {\"files\": [], \"functions\": [], \"arguments\": [], \"settings\": []}, \"isFetchingData\": false, \"chartTimelineType\": \"bar\", \"chartLimit\": null, \"chartMapHeat\": null, \"name\": \"\", \"database\": \"default\", \"statementTypes\": [\"text\", \"file\", \"document\"], \"hasSuggestion\": false, \"complexityCheckActive\": true, \"externalStatementLoaded\": false, \"chartScatterSize\": null, \"compatibilityCheckActive\": true, \"associatedDocumentUuid\": null, \"isBatchable\": true, \"chartYSingle\": null, \"isSqlDialect\": true, \"statementPath\": \"\", \"is_redacted\": false, \"showLongOperationWarning\": false, \"settingsVisible\": false, \"checkStatusTimeout\": null, \"isLoading\": false}, {\"executingBlockingOperation\": null, \"chartSorting\": \"none\", \"wasBatchExecuted\": false, \"chartLimits\": [5, 10, 25, 50, 100], \"chartX\": \"weather.year\", \"previousChartOptions\": {\"chartTimelineType\": \"bar\", \"chartSorting\": \"none\", \"chartLimit\": null, \"chartMapHeat\": null, \"chartMapType\": \"marker\", \"chartX\": null, \"chartYMulti\": [], \"chartScatterSize\": null, \"chartScope\": \"world\", \"chartMapLabel\": null, \"chartScatterGroup\": null, \"chartYSingle\": null, \"chartXPivot\": null}, \"queriesFilterVisible\": false, \"isOptimizing\": false, \"associatedDocumentLoading\": true, \"showChart\": false, \"isResultSettingsVisible\": false, \"chartScope\": \"world\", \"statement_raw\": \"SELECT * FROM weather.weather LIMIT 10\", \"result\": {\"statement_id\": 0, \"isMetaFilterVisible\": false, \"meta\": [], \"logLines\": 0, \"id\": \"ea69d009-5322-8c76-37c7-b9aef872fa91\", \"logs\": \"\", \"statements_count\": 1, \"rows\": \"10\", \"hasSomeResults\": true, \"filteredMetaChecked\": true, \"hasMore\": false, \"filteredMeta\": [{\"comment\": null, \"checked\": true, \"name\": \"weather.year\", \"originalIndex\": 1, \"cssClass\": \"sort-string\", \"type\": \"STRING_TYPE\"}, {\"comment\": null, \"checked\": true, \"name\": \"weather.uasf\", \"originalIndex\": 2, \"cssClass\": \"sort-string\", \"type\": \"STRING_TYPE\"}, {\"comment\": null, \"checked\": true, \"name\": \"weather.wban\", \"originalIndex\": 3, \"cssClass\": \"sort-string\", \"type\": \"STRING_TYPE\"}, {\"comment\": null, \"checked\": true, \"name\": \"weather.mdate\", \"originalIndex\": 4, \"cssClass\": \"sort-string\", \"type\": \"STRING_TYPE\"}, {\"comment\": null, \"checked\": true, \"name\": \"weather.mtime\", \"originalIndex\": 5, \"cssClass\": \"sort-string\", \"type\": \"STRING_TYPE\"}, {\"comment\": null, \"checked\": true, \"name\": \"weather.air_temperature\", \"originalIndex\": 6, \"cssClass\": \"sort-numeric\", \"type\": \"DOUBLE_TYPE\"}, {\"comment\": null, \"checked\": true, \"name\": \"weather.air_temperature_qual\", \"originalIndex\": 7, \"cssClass\": \"sort-string\", \"type\": \"STRING_TYPE\"}], \"type\": \"table\", \"handle\": {\"log_context\": null, \"statements_count\": 1, \"end\": {\"column\": 37, \"row\": 0}, \"statement_id\": 0, \"has_more_statements\": false, \"start\": {\"column\": 0, \"row\": 0}, \"secret\": \"0B8SMhIaR6i/rt0COqHSEw==\\n\", \"has_result_set\": true, \"session_guid\": \"s7PoRhALShGB4TPkKjruEA==\\n\", \"statement\": \"SELECT * FROM weather.weather LIMIT 10\", \"operation_type\": 0, \"modified_row_count\": null, \"guid\": \"koy9x+6zRkayQYfTE6fbPw==\\n\", \"previous_statement_hash\": \"7002e1af503edc5da2fd17d8e3b3d037035875942b13506cfa051d05\"}, \"metaFilter\": \"\", \"explanation\": \"\", \"statement_range\": {\"start\": {\"column\": 0, \"row\": 0}, \"end\": {\"column\": 0, \"row\": 0}}, \"startTime\": \"2017-08-02T12:52:47.946Z\", \"data\": [], \"executionTime\": 0, \"fetchedOnce\": false, \"hasResultset\": true, \"endTime\": \"2017-08-02T12:52:47.946Z\"}, \"pinnedContextTabs\": [], \"chartXPivot\": null, \"viewSettings\": {\"sqlDialect\": true, \"placeHolder\": \"Example: SELECT * FROM tablename, or press CTRL + space\"}, \"chartScatterGroup\": null, \"loadingQueries\": false, \"hasDataForChart\": true, \"id\": \"a75de522-004e-d5d3-2874-861740df4418\", \"showLongOperationWarning\": false, \"compatibilityTarget\": \"\", \"errors\": [], \"chartMapHeat\": null, \"aceSize\": 100, \"statusForButtons\": \"executed\", \"chartMapLabel\": null, \"chartData\": [], \"lastExecuted\": 1501678367945, \"queriesHasErrors\": false, \"showLogs\": false, \"errorsKlass\": \"results hive alert alert-error\", \"isReady\": true, \"statement\": \"SELECT * FROM weather.weather LIMIT 10\", \"progress\": 0, \"type\": \"hive\", \"variables\": [], \"status\": \"available\", \"currentQueryTab\": \"queryResults\", \"jobs\": [], \"suggestion\": \"\", \"chartMapType\": \"marker\", \"warnings\": [], \"statementType\": \"text\", \"queriesFilter\": \"\", \"variableNames\": [], \"resultsKlass\": \"results hive\", \"queriesCurrentPage\": 1, \"isCanceling\": false, \"queriesTotalPages\": 1, \"formatEnabled\": true, \"chartYMulti\": [\"weather.air_temperature\"], \"dbSelectionVisible\": false, \"chartType\": \"bars\", \"showGrid\": true, \"properties\": {\"files\": [], \"functions\": [], \"arguments\": [], \"settings\": []}, \"isFetchingData\": false, \"chartTimelineType\": \"bar\", \"chartLimit\": null, \"name\": \"\", \"database\": \"default\", \"statementTypes\": [\"text\", \"file\", \"document\"], \"hasSuggestion\": false, \"complexityCheckActive\": true, \"externalStatementLoaded\": false, \"chartScatterSize\": null, \"compatibilityCheckActive\": true, \"associatedDocumentUuid\": null, \"isBatchable\": true, \"chartYSingle\": null, \"isSqlDialect\": true, \"statementPath\": \"\", \"is_redacted\": false, \"settingsVisible\": false, \"checkStatusTimeout\": null, \"isLoading\": false}, {\"executingBlockingOperation\": null, \"chartSorting\": \"none\", \"wasBatchExecuted\": false, \"chartLimits\": [5, 10, 25, 50, 100], \"chartX\": null, \"previousChartOptions\": {\"chartTimelineType\": \"bar\", \"chartSorting\": \"none\", \"chartLimit\": null, \"chartMapHeat\": null, \"chartMapType\": \"marker\", \"chartX\": null, \"chartYMulti\": [], \"chartScatterSize\": null, \"chartScope\": \"world\", \"chartMapLabel\": null, \"chartScatterGroup\": null, \"chartYSingle\": null, \"chartXPivot\": null}, \"queriesFilterVisible\": false, \"isOptimizing\": false, \"associatedDocumentLoading\": true, \"showChart\": false, \"isResultSettingsVisible\": false, \"chartScope\": \"world\", \"statement_raw\": \"CREATE EXTERNAL TABLE weather.station(\\n    usaf STRING,\\n    wban STRING,\\n    name STRING,\\n    country STRING\\n)\\nROW FORMAT SERDE 'org.apache.hadoop.hive.serde2.OpenCSVSerde'\\nWITH SERDEPROPERTIES(\\n    \\\"seperatorChar\\\" = \\\",\\\",\\n    \\\"quoteChar\\\"     = \\\"\\\\\\\"\\\",\\n    \\\"escapeChar\\\"    = \\\"\\\\\\\\\\\"\\n)\\nSTORED AS TEXTFILE\\nLOCATION 's3://dimajix-training/data/weather/isd-history'\\n\", \"result\": {\"statement_id\": 0, \"isMetaFilterVisible\": false, \"meta\": [], \"logLines\": 0, \"id\": \"f13cc14f-37ee-b389-68ae-5c3d190a75dd\", \"logs\": \"\", \"statements_count\": 1, \"rows\": \"0\", \"hasSomeResults\": false, \"filteredMetaChecked\": true, \"hasMore\": false, \"filteredMeta\": [], \"type\": \"table\", \"handle\": {\"log_context\": null, \"statements_count\": 1, \"end\": {\"column\": 355, \"row\": 0}, \"statement_id\": 0, \"has_more_statements\": false, \"start\": {\"column\": 0, \"row\": 0}, \"secret\": \"vxRB0I5LRma69A7G4ez7eA==\\n\", \"has_result_set\": false, \"session_guid\": \"s7PoRhALShGB4TPkKjruEA==\\n\", \"statement\": \"CREATE EXTERNAL TABLE weather.station(\\n    usaf STRING,\\n    wban STRING,\\n    name STRING,\\n    country STRING\\n)\\nROW FORMAT SERDE 'org.apache.hadoop.hive.serde2.OpenCSVSerde'\\nWITH SERDEPROPERTIES(\\n    \\\"seperatorChar\\\" = \\\",\\\",\\n    \\\"quoteChar\\\"     = \\\"\\\\\\\"\\\",\\n    \\\"escapeChar\\\"    = \\\"\\\\\\\\\\\"\\n)\\nSTORED AS TEXTFILE\\nLOCATION 's3://dimajix-training/data/weather/isd-history'\", \"operation_type\": 0, \"modified_row_count\": null, \"guid\": \"OMflk4ZiTfGYOLlQZsKYBg==\\n\", \"previous_statement_hash\": \"e9b774defff5a7ff80833a6e0ffaab6c208f3ba789a127cc9678f95b\"}, \"metaFilter\": \"\", \"explanation\": \"\", \"statement_range\": {\"start\": {\"column\": 0, \"row\": 0}, \"end\": {\"column\": 0, \"row\": 0}}, \"startTime\": \"2017-08-02T12:58:26.249Z\", \"data\": [], \"executionTime\": 1, \"fetchedOnce\": false, \"hasResultset\": false, \"endTime\": \"2017-08-02T12:58:26.250Z\"}, \"pinnedContextTabs\": [], \"chartType\": \"bars\", \"viewSettings\": {\"sqlDialect\": true, \"placeHolder\": \"Example: SELECT * FROM tablename, or press CTRL + space\"}, \"chartScatterGroup\": null, \"loadingQueries\": false, \"hasDataForChart\": false, \"id\": \"1095726c-1506-c741-aa33-6d7995947184\", \"ddlNotification\": 0.8184116302199145, \"compatibilityTarget\": \"\", \"errors\": [], \"chartXPivot\": null, \"aceSize\": 100, \"statusForButtons\": \"executed\", \"chartMapLabel\": null, \"chartData\": [], \"lastExecuted\": 1501678706245, \"queriesHasErrors\": false, \"showLogs\": false, \"errorsKlass\": \"results hive alert alert-error\", \"isReady\": true, \"statement\": \"CREATE EXTERNAL TABLE weather.station(\\n    usaf STRING,\\n    wban STRING,\\n    name STRING,\\n    country STRING\\n)\\nROW FORMAT SERDE 'org.apache.hadoop.hive.serde2.OpenCSVSerde'\\nWITH SERDEPROPERTIES(\\n    \\\"seperatorChar\\\" = \\\",\\\",\\n    \\\"quoteChar\\\"     = \\\"\\\\\\\"\\\",\\n    \\\"escapeChar\\\"    = \\\"\\\\\\\\\\\"\\n)\\nSTORED AS TEXTFILE\\nLOCATION 's3://dimajix-training/data/weather/isd-history'\\n\", \"progress\": 0, \"type\": \"hive\", \"variables\": [], \"status\": \"available\", \"currentQueryTab\": \"queryHistory\", \"jobs\": [], \"suggestion\": \"\", \"chartMapType\": \"marker\", \"warnings\": [], \"statementType\": \"text\", \"queriesFilter\": \"\", \"variableNames\": [], \"resultsKlass\": \"results hive\", \"queriesCurrentPage\": 1, \"isCanceling\": false, \"queriesTotalPages\": 1, \"formatEnabled\": true, \"chartYMulti\": [], \"dbSelectionVisible\": false, \"delayedDDLNotification\": 0.8184116302199145, \"showGrid\": true, \"properties\": {\"files\": [], \"functions\": [], \"arguments\": [], \"settings\": []}, \"isFetchingData\": false, \"chartTimelineType\": \"bar\", \"chartLimit\": null, \"chartMapHeat\": null, \"name\": \"\", \"database\": \"default\", \"statementTypes\": [\"text\", \"file\", \"document\"], \"hasSuggestion\": false, \"complexityCheckActive\": true, \"externalStatementLoaded\": false, \"chartScatterSize\": null, \"compatibilityCheckActive\": true, \"associatedDocumentUuid\": null, \"isBatchable\": true, \"chartYSingle\": null, \"isSqlDialect\": true, \"statementPath\": \"\", \"is_redacted\": false, \"showLongOperationWarning\": false, \"settingsVisible\": false, \"checkStatusTimeout\": null, \"isLoading\": false}, {\"executingBlockingOperation\": null, \"chartSorting\": \"none\", \"wasBatchExecuted\": false, \"chartLimits\": [5, 10, 25, 50, 100], \"chartX\": \"station.usaf\", \"previousChartOptions\": {\"chartTimelineType\": \"bar\", \"chartSorting\": \"none\", \"chartLimit\": null, \"chartMapHeat\": null, \"chartMapType\": \"marker\", \"chartX\": null, \"chartYMulti\": [], \"chartScatterSize\": null, \"chartScope\": \"world\", \"chartMapLabel\": null, \"chartScatterGroup\": null, \"chartYSingle\": null, \"chartXPivot\": null}, \"queriesFilterVisible\": false, \"isOptimizing\": false, \"associatedDocumentLoading\": true, \"showChart\": false, \"isResultSettingsVisible\": false, \"chartScope\": \"world\", \"statement_raw\": \"SELECt * FROM weather.station LIMIT 10\", \"result\": {\"statement_id\": 0, \"isMetaFilterVisible\": false, \"meta\": [], \"logLines\": 0, \"id\": \"4bda1fbb-a42c-f4fc-c196-be65f743497f\", \"logs\": \"\", \"statements_count\": 1, \"rows\": \"10\", \"hasSomeResults\": true, \"filteredMetaChecked\": true, \"hasMore\": false, \"filteredMeta\": [{\"comment\": null, \"checked\": true, \"name\": \"station.usaf\", \"originalIndex\": 1, \"cssClass\": \"sort-string\", \"type\": \"STRING_TYPE\"}, {\"comment\": null, \"checked\": true, \"name\": \"station.wban\", \"originalIndex\": 2, \"cssClass\": \"sort-string\", \"type\": \"STRING_TYPE\"}, {\"comment\": null, \"checked\": true, \"name\": \"station.name\", \"originalIndex\": 3, \"cssClass\": \"sort-string\", \"type\": \"STRING_TYPE\"}, {\"comment\": null, \"checked\": true, \"name\": \"station.country\", \"originalIndex\": 4, \"cssClass\": \"sort-string\", \"type\": \"STRING_TYPE\"}], \"type\": \"table\", \"handle\": {\"log_context\": null, \"statements_count\": 1, \"end\": {\"column\": 37, \"row\": 0}, \"statement_id\": 0, \"has_more_statements\": false, \"start\": {\"column\": 0, \"row\": 0}, \"secret\": \"fWPRKwmnSye8OAlfxD3Qcw==\\n\", \"has_result_set\": true, \"session_guid\": \"s7PoRhALShGB4TPkKjruEA==\\n\", \"statement\": \"SELECt * FROM weather.station LIMIT 10\", \"operation_type\": 0, \"modified_row_count\": null, \"guid\": \"x/QLccI3T3iBRfFaQRn50Q==\\n\", \"previous_statement_hash\": \"627a894805dfbcf1f04bac8583a4914e732ec6dadfecb48bdd1888bf\"}, \"metaFilter\": \"\", \"explanation\": \"\", \"statement_range\": {\"start\": {\"column\": 0, \"row\": 0}, \"end\": {\"column\": 0, \"row\": 0}}, \"startTime\": \"2017-08-02T12:58:39.266Z\", \"data\": [], \"executionTime\": 0, \"fetchedOnce\": false, \"hasResultset\": true, \"endTime\": \"2017-08-02T12:58:39.266Z\"}, \"pinnedContextTabs\": [], \"chartXPivot\": null, \"viewSettings\": {\"sqlDialect\": true, \"placeHolder\": \"Example: SELECT * FROM tablename, or press CTRL + space\"}, \"chartScatterGroup\": null, \"loadingQueries\": false, \"hasDataForChart\": false, \"id\": \"70066393-26de-096b-8d48-681b6d9f4f84\", \"showLongOperationWarning\": false, \"compatibilityTarget\": \"\", \"errors\": [], \"chartMapHeat\": null, \"aceSize\": 100, \"statusForButtons\": \"executed\", \"chartMapLabel\": null, \"chartData\": [], \"lastExecuted\": 1501678719261, \"queriesHasErrors\": false, \"showLogs\": false, \"errorsKlass\": \"results hive alert alert-error\", \"isReady\": true, \"statement\": \"SELECt * FROM weather.station LIMIT 10\", \"progress\": 0, \"type\": \"hive\", \"variables\": [], \"status\": \"available\", \"currentQueryTab\": \"queryResults\", \"jobs\": [], \"suggestion\": \"\", \"chartMapType\": \"marker\", \"warnings\": [], \"statementType\": \"text\", \"queriesFilter\": \"\", \"variableNames\": [], \"resultsKlass\": \"results hive\", \"queriesCurrentPage\": 1, \"isCanceling\": false, \"queriesTotalPages\": 1, \"formatEnabled\": true, \"chartYMulti\": [], \"dbSelectionVisible\": false, \"chartType\": \"bars\", \"showGrid\": true, \"properties\": {\"files\": [], \"functions\": [], \"arguments\": [], \"settings\": []}, \"isFetchingData\": false, \"chartTimelineType\": \"bar\", \"chartLimit\": null, \"name\": \"\", \"database\": \"default\", \"statementTypes\": [\"text\", \"file\", \"document\"], \"hasSuggestion\": false, \"complexityCheckActive\": true, \"externalStatementLoaded\": false, \"chartScatterSize\": null, \"compatibilityCheckActive\": true, \"associatedDocumentUuid\": null, \"isBatchable\": true, \"chartYSingle\": null, \"isSqlDialect\": true, \"statementPath\": \"\", \"is_redacted\": false, \"settingsVisible\": false, \"checkStatusTimeout\": null, \"isLoading\": false}, {\"executingBlockingOperation\": null, \"chartSorting\": \"none\", \"wasBatchExecuted\": false, \"chartLimits\": [5, 10, 25, 50, 100], \"chartX\": \"w.year\", \"previousChartOptions\": {\"chartTimelineType\": \"bar\", \"chartSorting\": \"none\", \"chartLimit\": null, \"chartMapHeat\": null, \"chartMapType\": \"marker\", \"chartX\": \"w.year\", \"chartYMulti\": [\"tmax\"], \"chartScatterSize\": null, \"chartScope\": \"world\", \"chartMapLabel\": null, \"chartScatterGroup\": null, \"chartYSingle\": null, \"chartXPivot\": null}, \"queriesFilterVisible\": false, \"isOptimizing\": false, \"associatedDocumentLoading\": true, \"showChart\": false, \"isResultSettingsVisible\": false, \"chartScope\": \"world\", \"statement_raw\": \"SELECT\\n    w.year,\\n    s.country,\\n    MIN(w.air_temperature) AS tmin,\\n    MAX(w.air_temperature) AS tmax\\nFROM weather.weather w\\nLEFT JOIN weather.station s\\n    ON w.uasf=s.usaf AND w.wban=s.wban\\nWHERE w.air_temperature_qual = \\\"1\\\"\\nGROUP BY\\n    w.year,\\n    s.country\\nORDER BY country,year\\n\", \"result\": {\"statement_id\": 0, \"isMetaFilterVisible\": false, \"meta\": [], \"logLines\": 0, \"id\": \"62b066b1-9d7e-50da-1bcc-651bc1dcf7e7\", \"logs\": \"\", \"statements_count\": 1, \"rows\": \"100+\", \"hasSomeResults\": true, \"filteredMetaChecked\": true, \"hasMore\": true, \"filteredMeta\": [{\"comment\": null, \"checked\": true, \"name\": \"w.year\", \"originalIndex\": 1, \"cssClass\": \"sort-string\", \"type\": \"STRING_TYPE\"}, {\"comment\": null, \"checked\": true, \"name\": \"s.country\", \"originalIndex\": 2, \"cssClass\": \"sort-string\", \"type\": \"STRING_TYPE\"}, {\"comment\": null, \"checked\": true, \"name\": \"tmin\", \"originalIndex\": 3, \"cssClass\": \"sort-numeric\", \"type\": \"DOUBLE_TYPE\"}, {\"comment\": null, \"checked\": true, \"name\": \"tmax\", \"originalIndex\": 4, \"cssClass\": \"sort-numeric\", \"type\": \"DOUBLE_TYPE\"}], \"type\": \"table\", \"handle\": {\"log_context\": null, \"statements_count\": 1, \"end\": {\"column\": 286, \"row\": 0}, \"statement_id\": 0, \"has_more_statements\": false, \"start\": {\"column\": 0, \"row\": 0}, \"secret\": \"346kDQx4TxCJHOy6mEzxdg==\\n\", \"has_result_set\": true, \"session_guid\": \"s7PoRhALShGB4TPkKjruEA==\\n\", \"statement\": \"SELECT\\n    w.year,\\n    s.country,\\n    MIN(w.air_temperature) AS tmin,\\n    MAX(w.air_temperature) AS tmax\\nFROM weather.weather w\\nLEFT JOIN weather.station s\\n    ON w.uasf=s.usaf AND w.wban=s.wban\\nWHERE w.air_temperature_qual = \\\"1\\\"\\nGROUP BY\\n    w.year,\\n    s.country\\nORDER BY country,year\", \"operation_type\": 0, \"modified_row_count\": null, \"guid\": \"IqHNnospSW+jZ8PzDOrWXQ==\\n\", \"previous_statement_hash\": \"d56e762a7f7bebb913f0645a8ddf6f1470527cf2a7b85751b276f6a1\"}, \"metaFilter\": \"\", \"explanation\": \"\", \"statement_range\": {\"start\": {\"column\": 0, \"row\": 0}, \"end\": {\"column\": 0, \"row\": 0}}, \"startTime\": \"2017-08-02T13:25:25.469Z\", \"data\": [], \"executionTime\": 161737, \"fetchedOnce\": false, \"hasResultset\": true, \"endTime\": \"2017-08-02T13:28:07.206Z\"}, \"pinnedContextTabs\": [], \"chartXPivot\": null, \"viewSettings\": {\"sqlDialect\": true, \"placeHolder\": \"Example: SELECT * FROM tablename, or press CTRL + space\"}, \"chartScatterGroup\": null, \"loadingQueries\": false, \"hasDataForChart\": true, \"id\": \"507a7f4a-f2db-c973-28bb-517938156572\", \"showLongOperationWarning\": false, \"compatibilityTarget\": \"\", \"errors\": [], \"chartMapHeat\": null, \"aceSize\": 100, \"statusForButtons\": \"executed\", \"chartMapLabel\": null, \"chartData\": [], \"lastExecuted\": 1501680325442, \"queriesHasErrors\": false, \"showLogs\": false, \"errorsKlass\": \"results hive alert alert-error\", \"isReady\": true, \"statement\": \"SELECT\\n    w.year,\\n    s.country,\\n    MIN(w.air_temperature) AS tmin,\\n    MAX(w.air_temperature) AS tmax\\nFROM weather.weather w\\nLEFT JOIN weather.station s\\n    ON w.uasf=s.usaf AND w.wban=s.wban\\nWHERE w.air_temperature_qual = \\\"1\\\"\\nGROUP BY\\n    w.year,\\n    s.country\\nORDER BY country,year\\n\", \"progress\": 0, \"type\": \"hive\", \"variables\": [], \"status\": \"available\", \"currentQueryTab\": \"queryResults\", \"jobs\": [], \"suggestion\": \"\", \"chartMapType\": \"marker\", \"warnings\": [], \"statementType\": \"text\", \"queriesFilter\": \"\", \"variableNames\": [], \"resultsKlass\": \"results hive\", \"queriesCurrentPage\": 1, \"isCanceling\": false, \"queriesTotalPages\": 1, \"formatEnabled\": true, \"chartYMulti\": [\"tmax\"], \"dbSelectionVisible\": false, \"chartType\": \"bars\", \"showGrid\": true, \"properties\": {\"files\": [], \"functions\": [], \"arguments\": [], \"settings\": []}, \"isFetchingData\": false, \"chartTimelineType\": \"bar\", \"chartLimit\": null, \"name\": \"\", \"database\": \"default\", \"statementTypes\": [\"text\", \"file\", \"document\"], \"hasSuggestion\": false, \"complexityCheckActive\": true, \"externalStatementLoaded\": false, \"chartScatterSize\": null, \"compatibilityCheckActive\": true, \"associatedDocumentUuid\": null, \"isBatchable\": true, \"chartYSingle\": null, \"isSqlDialect\": true, \"statementPath\": \"\", \"is_redacted\": false, \"settingsVisible\": false, \"checkStatusTimeout\": 681041, \"isLoading\": false}, {\"executingBlockingOperation\": null, \"chartSorting\": \"none\", \"wasBatchExecuted\": false, \"chartLimits\": [5, 10, 25, 50, 100], \"chartX\": null, \"previousChartOptions\": {}, \"queriesFilterVisible\": false, \"isOptimizing\": false, \"associatedDocumentLoading\": true, \"showChart\": false, \"isResultSettingsVisible\": false, \"chartScope\": \"world\", \"statement_raw\": \"\", \"result\": {\"statement_id\": 0, \"isMetaFilterVisible\": false, \"meta\": [], \"logLines\": 0, \"id\": \"aceeb2e4-1aae-a9c8-4e80-b00a1060f36b\", \"logs\": \"\", \"statements_count\": 1, \"rows\": null, \"hasSomeResults\": false, \"filteredMetaChecked\": true, \"hasMore\": false, \"filteredMeta\": [], \"type\": \"table\", \"handle\": {}, \"metaFilter\": \"\", \"explanation\": \"\", \"statement_range\": {\"start\": {\"column\": 0, \"row\": 0}, \"end\": {\"column\": 0, \"row\": 0}}, \"startTime\": \"2017-08-02T13:23:32.965Z\", \"data\": [], \"previous_statement_hash\": null, \"executionTime\": 0, \"fetchedOnce\": false, \"hasResultset\": true, \"endTime\": \"2017-08-02T13:23:32.965Z\"}, \"pinnedContextTabs\": [], \"chartXPivot\": null, \"viewSettings\": {\"sqlDialect\": true, \"placeHolder\": \"Example: SELECT * FROM tablename, or press CTRL + space\"}, \"chartScatterGroup\": null, \"loadingQueries\": false, \"hasDataForChart\": false, \"id\": \"27c02381-8262-5635-ab9a-3d339159ff09\", \"showLongOperationWarning\": false, \"compatibilityTarget\": \"\", \"errors\": [], \"chartMapHeat\": null, \"aceSize\": 100, \"statusForButtons\": \"executed\", \"chartMapLabel\": null, \"chartData\": [], \"lastExecuted\": 0, \"queriesHasErrors\": false, \"showLogs\": false, \"errorsKlass\": \"results hive alert alert-error\", \"isReady\": false, \"statement\": \"\", \"progress\": 0, \"type\": \"hive\", \"variables\": [], \"status\": \"failed\", \"currentQueryTab\": \"queryHistory\", \"jobs\": [], \"suggestion\": \"\", \"chartMapType\": \"marker\", \"warnings\": [], \"statementType\": \"text\", \"queriesFilter\": \"\", \"variableNames\": [], \"resultsKlass\": \"results hive\", \"queriesCurrentPage\": 1, \"isCanceling\": false, \"queriesTotalPages\": 1, \"formatEnabled\": true, \"chartYMulti\": [], \"dbSelectionVisible\": false, \"chartType\": \"bars\", \"showGrid\": true, \"properties\": {\"files\": [], \"functions\": [], \"arguments\": [], \"settings\": []}, \"isFetchingData\": false, \"chartTimelineType\": \"bar\", \"chartLimit\": null, \"name\": \"\", \"database\": \"default\", \"statementTypes\": [\"text\", \"file\", \"document\"], \"hasSuggestion\": false, \"complexityCheckActive\": true, \"externalStatementLoaded\": false, \"chartScatterSize\": null, \"compatibilityCheckActive\": true, \"associatedDocumentUuid\": null, \"isBatchable\": true, \"chartYSingle\": null, \"isSqlDialect\": true, \"statementPath\": \"\", \"is_redacted\": false, \"settingsVisible\": false, \"checkStatusTimeout\": null, \"isLoading\": false}], \"name\": \"Hive Weather Analysis\", \"coordinatorUuid\": null, \"uuid\": \"aaf1f0f5-85b9-b65d-fe45-6b731b7181a9\", \"creatingSessionLocks\": [], \"onSuccessUrl\": null, \"directoryUuid\": \"\", \"historyFilterVisible\": false, \"loadingScheduler\": false, \"retryModalConfirm\": null, \"viewSchedulerId\": \"\", \"selectedSnippet\": \"hive\", \"type\": \"notebook\", \"isSaved\": true, \"unloaded\": false, \"dependentsCoordinator\": []}", 
    "name": "Hive Weather Analysis"
  }
}
]
